<?xml version='1.0' encoding='UTF-8'?>
<gpx version="1.1" creator="https://www.komoot.de" xmlns="http://www.topografix.com/GPX/1/1" xmlns:xsi="http://www.w3.org/2001/XMLSchema-instance" xsi:schemaLocation="http://www.topografix.com/GPX/1/1 http://www.topografix.com/GPX/1/1/gpx.xsd">
  <metadata>
    <name>2026 Rynkeby Day2 Walsrode-Saerbeck Jari edition</name>
    <author>
      <link href="https://www.komoot.de">
        <text>komoot</text>
        <type>text/html</type>
      </link>
    </author>
  </metadata>
  <wpt lat="52.788776" lon="9.394031">
    <name>Bio</name>
    <desc>Pisto oikeelle</desc>
    <sym>Picnic Area</sym>
  </wpt>
  <wpt lat="52.750902" lon="9.192626">
    <name>Lautta</name>
    <sym>Bridge</sym>
  </wpt>
  <wpt lat="52.664474" lon="9.156545">
    <name>Välihuolto</name>
    <desc>Käännös oikealle ja tien päähän</desc>
    <sym>Restaurant</sym>
  </wpt>
  <wpt lat="52.563108" lon="8.891761">
    <name>Bio</name>
    <desc>Pisto oikealle, metsää myös vasemmalla</desc>
    <sym>Picnic Area</sym>
  </wpt>
  <wpt lat="52.510138" lon="8.632744">
    <name>Lounas</name>
    <sym>Restaurant</sym>
  </wpt>
  <wpt lat="52.443353" lon="8.305870">
    <name>Bio</name>
    <desc>Peltotie oikealle</desc>
    <sym>Picnic Area</sym>
  </wpt>
  <wpt lat="52.427009" lon="8.229846">
    <name>Varabio</name>
    <desc>Peltotie oikealle</desc>
    <sym>Picnic Area</sym>
  </wpt>
  <wpt lat="52.394830" lon="8.071235">
    <name>Danger</name>
    <desc>Käänny vasemmalla ennenkuin alkaa moottoritie !!!</desc>
    <sym>Skull and Crossbones</sym>
  </wpt>
  <wpt lat="52.366632" lon="8.034992">
    <name>Välihuolto</name>
    <sym>Restaurant</sym>
  </wpt>
  <wpt lat="52.258991" lon="7.884852">
    <name>Bio</name>
    <desc>Metsätie oikealla</desc>
    <sym>Picnic Area</sym>
  </wpt>
  <trk>
    <name>2026 Rynkeby Day2 Walsrode-Saerbeck Jari edition</name>
    <type>racebike</type>
    <trkseg>
      <trkpt lat="52.898075" lon="9.588529">
        <ele>57.389229</ele>
        <time>2026-06-27T20:32:55.646Z</time>
      </trkpt>
      <trkpt lat="52.898056" lon="9.588529">
        <ele>57.389229</ele>
        <time>2026-06-27T20:32:56.980Z</time>
      </trkpt>
      <trkpt lat="52.898038" lon="9.588622">
        <ele>57.389229</ele>
        <time>2026-06-27T20:33:01.051Z</time>
      </trkpt>
      <trkpt lat="52.897959" lon="9.589011">
        <ele>57.389229</ele>
        <time>2026-06-27T20:33:18.282Z</time>
      </trkpt>
      <trkpt lat="52.897924" lon="9.589206">
        <ele>57.389229</ele>
        <time>2026-06-27T20:33:26.795Z</time>
      </trkpt>
      <trkpt lat="52.897720" lon="9.589456">
        <ele>57.389229</ele>
        <time>2026-06-27T20:33:55.445Z</time>
      </trkpt>
      <trkpt lat="52.897486" lon="9.588933">
        <ele>57.650333</ele>
        <time>2026-06-27T20:34:02.692Z</time>
      </trkpt>
      <trkpt lat="52.897034" lon="9.587926">
        <ele>58.662027</ele>
        <time>2026-06-27T20:34:18.619Z</time>
      </trkpt>
      <trkpt lat="52.896697" lon="9.587176">
        <ele>59.415812</ele>
        <time>2026-06-27T20:34:31.371Z</time>
      </trkpt>
      <trkpt lat="52.896638" lon="9.586995">
        <ele>59.581639</ele>
        <time>2026-06-27T20:34:33.930Z</time>
      </trkpt>
      <trkpt lat="52.896627" lon="9.586929">
        <ele>59.636830</ele>
        <time>2026-06-27T20:34:34.778Z</time>
      </trkpt>
      <trkpt lat="52.896416" lon="9.585864">
        <ele>59.853994</ele>
        <time>2026-06-27T20:34:46.678Z</time>
      </trkpt>
      <trkpt lat="52.895887" lon="9.583188">
        <ele>59.528498</ele>
        <time>2026-06-27T20:35:10.322Z</time>
      </trkpt>
      <trkpt lat="52.895613" lon="9.581801">
        <ele>58.644610</ele>
        <time>2026-06-27T20:35:20.819Z</time>
      </trkpt>
      <trkpt lat="52.895042" lon="9.578890">
        <ele>57.105531</ele>
        <time>2026-06-27T20:35:42.085Z</time>
      </trkpt>
      <trkpt lat="52.894785" lon="9.576774">
        <ele>58.049833</ele>
        <time>2026-06-27T20:36:07.634Z</time>
      </trkpt>
      <trkpt lat="52.894510" lon="9.574531">
        <ele>59.954217</ele>
        <time>2026-06-27T20:36:38.304Z</time>
      </trkpt>
      <trkpt lat="52.894497" lon="9.574446">
        <ele>60.023411</ele>
        <time>2026-06-27T20:36:39.439Z</time>
      </trkpt>
      <trkpt lat="52.894260" lon="9.574430">
        <ele>60.333661</ele>
        <time>2026-06-27T20:36:45.638Z</time>
      </trkpt>
      <trkpt lat="52.891956" lon="9.574256">
        <ele>62.055784</ele>
        <time>2026-06-27T20:37:41.186Z</time>
      </trkpt>
      <trkpt lat="52.890573" lon="9.574205">
        <ele>60.612310</ele>
        <time>2026-06-27T20:38:04.836Z</time>
      </trkpt>
      <trkpt lat="52.889780" lon="9.574312">
        <ele>59.129592</ele>
        <time>2026-06-27T20:38:16.924Z</time>
      </trkpt>
      <trkpt lat="52.887764" lon="9.574680">
        <ele>54.639563</ele>
        <time>2026-06-27T20:38:47.226Z</time>
      </trkpt>
      <trkpt lat="52.885785" lon="9.575025">
        <ele>55.540974</ele>
        <time>2026-06-27T20:39:34.367Z</time>
      </trkpt>
      <trkpt lat="52.885043" lon="9.575155">
        <ele>56.238258</ele>
        <time>2026-06-27T20:39:53.051Z</time>
      </trkpt>
      <trkpt lat="52.884255" lon="9.575364">
        <ele>56.979453</ele>
        <time>2026-06-27T20:40:11.885Z</time>
      </trkpt>
      <trkpt lat="52.883668" lon="9.575570">
        <ele>57.401907</ele>
        <time>2026-06-27T20:40:25.408Z</time>
      </trkpt>
      <trkpt lat="52.882299" lon="9.576323">
        <ele>58.432347</ele>
        <time>2026-06-27T20:40:58.576Z</time>
      </trkpt>
      <trkpt lat="52.880694" lon="9.577251">
        <ele>59.676801</ele>
        <time>2026-06-27T20:41:38.800Z</time>
      </trkpt>
      <trkpt lat="52.877566" lon="9.579042">
        <ele>60.792893</ele>
        <time>2026-06-27T20:42:50.643Z</time>
      </trkpt>
      <trkpt lat="52.876926" lon="9.579600">
        <ele>60.246579</ele>
        <time>2026-06-27T20:43:03.719Z</time>
      </trkpt>
      <trkpt lat="52.876875" lon="9.579638">
        <ele>60.193295</ele>
        <time>2026-06-27T20:43:04.678Z</time>
      </trkpt>
      <trkpt lat="52.876610" lon="9.579844">
        <ele>59.914374</ele>
        <time>2026-06-27T20:43:09.648Z</time>
      </trkpt>
      <trkpt lat="52.875343" lon="9.580848">
        <ele>58.437273</ele>
        <time>2026-06-27T20:43:33.232Z</time>
      </trkpt>
      <trkpt lat="52.874975" lon="9.581144">
        <ele>57.945105</ele>
        <time>2026-06-27T20:43:40.143Z</time>
      </trkpt>
      <trkpt lat="52.873606" lon="9.582245">
        <ele>57.012951</ele>
        <time>2026-06-27T20:44:06.238Z</time>
      </trkpt>
      <trkpt lat="52.872663" lon="9.582995">
        <ele>57.122887</ele>
        <time>2026-06-27T20:44:28.993Z</time>
      </trkpt>
      <trkpt lat="52.871997" lon="9.583535">
        <ele>58.300666</ele>
        <time>2026-06-27T20:44:51.079Z</time>
      </trkpt>
      <trkpt lat="52.871575" lon="9.583848">
        <ele>59.101694</ele>
        <time>2026-06-27T20:45:05.749Z</time>
      </trkpt>
      <trkpt lat="52.871165" lon="9.584099">
        <ele>59.858954</ele>
        <time>2026-06-27T20:45:18.254Z</time>
      </trkpt>
      <trkpt lat="52.871067" lon="9.584141">
        <ele>60.034325</ele>
        <time>2026-06-27T20:45:20.804Z</time>
      </trkpt>
      <trkpt lat="52.871029" lon="9.584157">
        <ele>60.102252</ele>
        <time>2026-06-27T20:45:21.556Z</time>
      </trkpt>
      <trkpt lat="52.870990" lon="9.584169">
        <ele>60.170974</ele>
        <time>2026-06-27T20:45:22.328Z</time>
      </trkpt>
      <trkpt lat="52.870115" lon="9.584533">
        <ele>58.915662</ele>
        <time>2026-06-27T20:45:38.407Z</time>
      </trkpt>
      <trkpt lat="52.869862" lon="9.584639">
        <ele>58.511501</ele>
        <time>2026-06-27T20:45:42.381Z</time>
      </trkpt>
      <trkpt lat="52.869804" lon="9.584647">
        <ele>58.421365</ele>
        <time>2026-06-27T20:45:43.242Z</time>
      </trkpt>
      <trkpt lat="52.869481" lon="9.584781">
        <ele>57.905683</ele>
        <time>2026-06-27T20:45:48.146Z</time>
      </trkpt>
      <trkpt lat="52.869498" lon="9.584900">
        <ele>57.791362</ele>
        <time>2026-06-27T20:45:49.230Z</time>
      </trkpt>
      <trkpt lat="52.869231" lon="9.585016">
        <ele>57.302213</ele>
        <time>2026-06-27T20:45:52.048Z</time>
      </trkpt>
      <trkpt lat="52.868110" lon="9.585494">
        <ele>54.363251</ele>
        <time>2026-06-27T20:46:04.119Z</time>
      </trkpt>
      <trkpt lat="52.867495" lon="9.585753">
        <ele>52.779121</ele>
        <time>2026-06-27T20:46:10.990Z</time>
      </trkpt>
      <trkpt lat="52.867392" lon="9.585795">
        <ele>52.561212</ele>
        <time>2026-06-27T20:46:12.156Z</time>
      </trkpt>
      <trkpt lat="52.867292" lon="9.585838">
        <ele>52.348973</ele>
        <time>2026-06-27T20:46:13.294Z</time>
      </trkpt>
      <trkpt lat="52.865731" lon="9.586500">
        <ele>48.983353</ele>
        <time>2026-06-27T20:46:31.143Z</time>
      </trkpt>
      <trkpt lat="52.864950" lon="9.586831">
        <ele>46.753026</ele>
        <time>2026-06-27T20:46:39.550Z</time>
      </trkpt>
      <trkpt lat="52.863998" lon="9.587248">
        <ele>44.051920</ele>
        <time>2026-06-27T20:46:49.595Z</time>
      </trkpt>
      <trkpt lat="52.863808" lon="9.587331">
        <ele>43.573489</ele>
        <time>2026-06-27T20:46:51.614Z</time>
      </trkpt>
      <trkpt lat="52.863541" lon="9.587405">
        <ele>42.914357</ele>
        <time>2026-06-27T20:46:54.395Z</time>
      </trkpt>
      <trkpt lat="52.863353" lon="9.587357">
        <ele>42.451207</ele>
        <time>2026-06-27T20:46:56.343Z</time>
      </trkpt>
      <trkpt lat="52.863187" lon="9.587288">
        <ele>42.034497</ele>
        <time>2026-06-27T20:46:58.147Z</time>
      </trkpt>
      <trkpt lat="52.863102" lon="9.587253">
        <ele>41.821239</ele>
        <time>2026-06-27T20:46:59.090Z</time>
      </trkpt>
      <trkpt lat="52.862998" lon="9.587208">
        <ele>41.559522</ele>
        <time>2026-06-27T20:47:00.283Z</time>
      </trkpt>
      <trkpt lat="52.862613" lon="9.587053">
        <ele>40.594828</ele>
        <time>2026-06-27T20:47:04.706Z</time>
      </trkpt>
      <trkpt lat="52.862371" lon="9.586956">
        <ele>39.988598</ele>
        <time>2026-06-27T20:47:07.438Z</time>
      </trkpt>
      <trkpt lat="52.862305" lon="9.586931">
        <ele>39.829806</ele>
        <time>2026-06-27T20:47:08.191Z</time>
      </trkpt>
      <trkpt lat="52.862079" lon="9.586842">
        <ele>39.440985</ele>
        <time>2026-06-27T20:47:10.724Z</time>
      </trkpt>
      <trkpt lat="52.861886" lon="9.586767">
        <ele>39.109172</ele>
        <time>2026-06-27T20:47:12.869Z</time>
      </trkpt>
      <trkpt lat="52.861554" lon="9.586618">
        <ele>38.533436</ele>
        <time>2026-06-27T20:47:16.569Z</time>
      </trkpt>
      <trkpt lat="52.861477" lon="9.586562">
        <ele>38.392677</ele>
        <time>2026-06-27T20:47:17.478Z</time>
      </trkpt>
      <trkpt lat="52.861397" lon="9.586457">
        <ele>38.221830</ele>
        <time>2026-06-27T20:47:18.622Z</time>
      </trkpt>
      <trkpt lat="52.861172" lon="9.585993">
        <ele>37.620423</ele>
        <time>2026-06-27T20:47:22.794Z</time>
      </trkpt>
      <trkpt lat="52.860986" lon="9.585580">
        <ele>37.099740</ele>
        <time>2026-06-27T20:47:26.317Z</time>
      </trkpt>
      <trkpt lat="52.860928" lon="9.585450">
        <ele>36.936390</ele>
        <time>2026-06-27T20:47:27.454Z</time>
      </trkpt>
      <trkpt lat="52.860893" lon="9.585372">
        <ele>36.838181</ele>
        <time>2026-06-27T20:47:28.141Z</time>
      </trkpt>
      <trkpt lat="52.860860" lon="9.585298">
        <ele>36.866733</ele>
        <time>2026-06-27T20:47:28.810Z</time>
      </trkpt>
      <trkpt lat="52.860643" lon="9.584803">
        <ele>37.108486</ele>
        <time>2026-06-27T20:47:33.618Z</time>
      </trkpt>
      <trkpt lat="52.860192" lon="9.583770">
        <ele>37.612284</ele>
        <time>2026-06-27T20:47:46.785Z</time>
      </trkpt>
      <trkpt lat="52.860111" lon="9.583585">
        <ele>37.702598</ele>
        <time>2026-06-27T20:47:49.576Z</time>
      </trkpt>
      <trkpt lat="52.860000" lon="9.583332">
        <ele>37.826196</ele>
        <time>2026-06-27T20:47:53.673Z</time>
      </trkpt>
      <trkpt lat="52.859687" lon="9.582615">
        <ele>38.750273</ele>
        <time>2026-06-27T20:48:06.255Z</time>
      </trkpt>
      <trkpt lat="52.859502" lon="9.582191">
        <ele>39.672576</ele>
        <time>2026-06-27T20:48:14.379Z</time>
      </trkpt>
      <trkpt lat="52.858736" lon="9.580420">
        <ele>43.534244</ele>
        <time>2026-06-27T20:48:50.814Z</time>
      </trkpt>
      <trkpt lat="52.858647" lon="9.580217">
        <ele>44.013063</ele>
        <time>2026-06-27T20:48:55.151Z</time>
      </trkpt>
      <trkpt lat="52.858249" lon="9.579328">
        <ele>46.125378</ele>
        <time>2026-06-27T20:49:14.219Z</time>
      </trkpt>
      <trkpt lat="52.857724" lon="9.578085">
        <ele>48.980388</ele>
        <time>2026-06-27T20:49:39.313Z</time>
      </trkpt>
      <trkpt lat="52.857706" lon="9.578043">
        <ele>49.024373</ele>
        <time>2026-06-27T20:49:40.146Z</time>
      </trkpt>
      <trkpt lat="52.857525" lon="9.577600">
        <ele>49.481171</ele>
        <time>2026-06-27T20:49:48.219Z</time>
      </trkpt>
      <trkpt lat="52.857481" lon="9.577487">
        <ele>49.595999</ele>
        <time>2026-06-27T20:49:50.128Z</time>
      </trkpt>
      <trkpt lat="52.857361" lon="9.577159">
        <ele>49.923520</ele>
        <time>2026-06-27T20:49:55.494Z</time>
      </trkpt>
      <trkpt lat="52.857100" lon="9.576294">
        <ele>50.749337</ele>
        <time>2026-06-27T20:50:07.533Z</time>
      </trkpt>
      <trkpt lat="52.856541" lon="9.574434">
        <ele>51.417180</ele>
        <time>2026-06-27T20:50:25.845Z</time>
      </trkpt>
      <trkpt lat="52.856364" lon="9.573817">
        <ele>51.375034</ele>
        <time>2026-06-27T20:50:31.305Z</time>
      </trkpt>
      <trkpt lat="52.856320" lon="9.573672">
        <ele>51.365021</ele>
        <time>2026-06-27T20:50:32.580Z</time>
      </trkpt>
      <trkpt lat="52.855487" lon="9.570875">
        <ele>51.399006</ele>
        <time>2026-06-27T20:51:00.684Z</time>
      </trkpt>
      <trkpt lat="52.853561" lon="9.564355">
        <ele>52.197205</ele>
        <time>2026-06-27T20:52:09.938Z</time>
      </trkpt>
      <trkpt lat="52.853116" lon="9.562847">
        <ele>52.055209</ele>
        <time>2026-06-27T20:52:23.149Z</time>
      </trkpt>
      <trkpt lat="52.852844" lon="9.561928">
        <ele>52.181047</ele>
        <time>2026-06-27T20:52:31.909Z</time>
      </trkpt>
      <trkpt lat="52.852341" lon="9.560194">
        <ele>53.726614</ele>
        <time>2026-06-27T20:52:55.648Z</time>
      </trkpt>
      <trkpt lat="52.852222" lon="9.559779">
        <ele>54.095724</ele>
        <time>2026-06-27T20:53:02.526Z</time>
      </trkpt>
      <trkpt lat="52.852129" lon="9.559480">
        <ele>54.365948</ele>
        <time>2026-06-27T20:53:07.531Z</time>
      </trkpt>
      <trkpt lat="52.852094" lon="9.559364">
        <ele>54.395027</ele>
        <time>2026-06-27T20:53:09.444Z</time>
      </trkpt>
      <trkpt lat="52.851851" lon="9.558519">
        <ele>54.506671</ele>
        <time>2026-06-27T20:53:21.700Z</time>
      </trkpt>
      <trkpt lat="52.851605" lon="9.557699">
        <ele>54.615892</ele>
        <time>2026-06-27T20:53:30.366Z</time>
      </trkpt>
      <trkpt lat="52.851081" lon="9.555936">
        <ele>54.788105</ele>
        <time>2026-06-27T20:53:43.899Z</time>
      </trkpt>
      <trkpt lat="52.851039" lon="9.555793">
        <ele>54.796640</ele>
        <time>2026-06-27T20:53:45.034Z</time>
      </trkpt>
      <trkpt lat="52.850942" lon="9.555468">
        <ele>54.816100</ele>
        <time>2026-06-27T20:53:47.803Z</time>
      </trkpt>
      <trkpt lat="52.850589" lon="9.554286">
        <ele>54.886884</ele>
        <time>2026-06-27T20:54:02.828Z</time>
      </trkpt>
      <trkpt lat="52.850310" lon="9.553333">
        <ele>55.927131</ele>
        <time>2026-06-27T20:54:18.348Z</time>
      </trkpt>
      <trkpt lat="52.850285" lon="9.553250">
        <ele>56.037114</ele>
        <time>2026-06-27T20:54:19.662Z</time>
      </trkpt>
      <trkpt lat="52.850162" lon="9.552834">
        <ele>56.586355</ele>
        <time>2026-06-27T20:54:26.444Z</time>
      </trkpt>
      <trkpt lat="52.850066" lon="9.552516">
        <ele>57.007928</ele>
        <time>2026-06-27T20:54:31.566Z</time>
      </trkpt>
      <trkpt lat="52.849985" lon="9.552129">
        <ele>57.493612</ele>
        <time>2026-06-27T20:54:37.515Z</time>
      </trkpt>
      <trkpt lat="52.849926" lon="9.552183">
        <ele>57.625981</ele>
        <time>2026-06-27T20:54:38.973Z</time>
      </trkpt>
      <trkpt lat="52.849893" lon="9.552213">
        <ele>57.699901</ele>
        <time>2026-06-27T20:54:39.812Z</time>
      </trkpt>
      <trkpt lat="52.849800" lon="9.552107">
        <ele>57.921590</ele>
        <time>2026-06-27T20:54:42.350Z</time>
      </trkpt>
      <trkpt lat="52.849649" lon="9.552119">
        <ele>58.218428</ele>
        <time>2026-06-27T20:54:45.621Z</time>
      </trkpt>
      <trkpt lat="52.849619" lon="9.551994">
        <ele>58.377930</ele>
        <time>2026-06-27T20:54:47.453Z</time>
      </trkpt>
      <trkpt lat="52.849594" lon="9.551894">
        <ele>58.471186</ele>
        <time>2026-06-27T20:54:48.742Z</time>
      </trkpt>
      <trkpt lat="52.849582" lon="9.551832">
        <ele>58.513408</ele>
        <time>2026-06-27T20:54:49.529Z</time>
      </trkpt>
      <trkpt lat="52.849660" lon="9.551545">
        <ele>58.717509</ele>
        <time>2026-06-27T20:54:53.415Z</time>
      </trkpt>
      <trkpt lat="52.849660" lon="9.551433">
        <ele>58.790142</ele>
        <time>2026-06-27T20:54:54.741Z</time>
      </trkpt>
      <trkpt lat="52.849394" lon="9.550422">
        <ele>59.505308</ele>
        <time>2026-06-27T20:55:08.056Z</time>
      </trkpt>
      <trkpt lat="52.848025" lon="9.545820">
        <ele>61.481078</ele>
        <time>2026-06-27T20:56:01.300Z</time>
      </trkpt>
      <trkpt lat="52.848092" lon="9.545841">
        <ele>61.494810</ele>
        <time>2026-06-27T20:56:02.278Z</time>
      </trkpt>
      <trkpt lat="52.847571" lon="9.544090">
        <ele>61.732203</ele>
        <time>2026-06-27T20:56:19.422Z</time>
      </trkpt>
      <trkpt lat="52.847041" lon="9.542308">
        <ele>62.252013</ele>
        <time>2026-06-27T20:56:39.796Z</time>
      </trkpt>
      <trkpt lat="52.846578" lon="9.540749">
        <ele>62.615955</ele>
        <time>2026-06-27T20:56:57.476Z</time>
      </trkpt>
      <trkpt lat="52.846553" lon="9.540667">
        <ele>62.626605</ele>
        <time>2026-06-27T20:56:58.327Z</time>
      </trkpt>
      <trkpt lat="52.846198" lon="9.539460">
        <ele>62.782264</ele>
        <time>2026-06-27T20:57:10.784Z</time>
      </trkpt>
      <trkpt lat="52.846148" lon="9.539292">
        <ele>62.803980</ele>
        <time>2026-06-27T20:57:12.482Z</time>
      </trkpt>
      <trkpt lat="52.845730" lon="9.537864">
        <ele>62.770398</ele>
        <time>2026-06-27T20:57:26.515Z</time>
      </trkpt>
      <trkpt lat="52.845033" lon="9.535504">
        <ele>62.365099</ele>
        <time>2026-06-27T20:57:48.485Z</time>
      </trkpt>
      <trkpt lat="52.844576" lon="9.533954">
        <ele>61.918570</ele>
        <time>2026-06-27T20:58:02.729Z</time>
      </trkpt>
      <trkpt lat="52.844195" lon="9.532659">
        <ele>61.314225</ele>
        <time>2026-06-27T20:58:13.770Z</time>
      </trkpt>
      <trkpt lat="52.844136" lon="9.532656">
        <ele>61.258034</ele>
        <time>2026-06-27T20:58:18.270Z</time>
      </trkpt>
      <trkpt lat="52.843971" lon="9.532101">
        <ele>60.902371</ele>
        <time>2026-06-27T20:58:23.007Z</time>
      </trkpt>
      <trkpt lat="52.843755" lon="9.531375">
        <ele>60.437055</ele>
        <time>2026-06-27T20:58:28.959Z</time>
      </trkpt>
      <trkpt lat="52.843590" lon="9.530823">
        <ele>60.082935</ele>
        <time>2026-06-27T20:58:33.273Z</time>
      </trkpt>
      <trkpt lat="52.843479" lon="9.530447">
        <ele>59.916149</ele>
        <time>2026-06-27T20:58:36.259Z</time>
      </trkpt>
      <trkpt lat="52.843405" lon="9.530190">
        <ele>59.819342</ele>
        <time>2026-06-27T20:58:38.359Z</time>
      </trkpt>
      <trkpt lat="52.843263" lon="9.529704">
        <ele>59.635771</ele>
        <time>2026-06-27T20:58:42.574Z</time>
      </trkpt>
      <trkpt lat="52.843149" lon="9.529326">
        <ele>59.492110</ele>
        <time>2026-06-27T20:58:46.031Z</time>
      </trkpt>
      <trkpt lat="52.842681" lon="9.527744">
        <ele>59.026810</ele>
        <time>2026-06-27T20:59:00.737Z</time>
      </trkpt>
      <trkpt lat="52.841856" lon="9.524973">
        <ele>59.366732</ele>
        <time>2026-06-27T20:59:29.126Z</time>
      </trkpt>
      <trkpt lat="52.841452" lon="9.523581">
        <ele>60.094595</ele>
        <time>2026-06-27T20:59:46.035Z</time>
      </trkpt>
      <trkpt lat="52.840909" lon="9.521736">
        <ele>60.846488</ele>
        <time>2026-06-27T21:00:10.062Z</time>
      </trkpt>
      <trkpt lat="52.840141" lon="9.519133">
        <ele>61.268054</ele>
        <time>2026-06-27T21:00:36.331Z</time>
      </trkpt>
      <trkpt lat="52.840185" lon="9.519100">
        <ele>61.260497</ele>
        <time>2026-06-27T21:00:37.080Z</time>
      </trkpt>
      <trkpt lat="52.839837" lon="9.517925">
        <ele>61.136835</ele>
        <time>2026-06-27T21:00:48.694Z</time>
      </trkpt>
      <trkpt lat="52.839630" lon="9.517224">
        <ele>60.961660</ele>
        <time>2026-06-27T21:00:55.114Z</time>
      </trkpt>
      <trkpt lat="52.839480" lon="9.516716">
        <ele>60.599664</ele>
        <time>2026-06-27T21:00:59.480Z</time>
      </trkpt>
      <trkpt lat="52.838995" lon="9.515074">
        <ele>59.429508</ele>
        <time>2026-06-27T21:01:12.458Z</time>
      </trkpt>
      <trkpt lat="52.838934" lon="9.515076">
        <ele>59.364845</ele>
        <time>2026-06-27T21:01:13.144Z</time>
      </trkpt>
      <trkpt lat="52.837168" lon="9.509065">
        <ele>54.165498</ele>
        <time>2026-06-27T21:02:00.734Z</time>
      </trkpt>
      <trkpt lat="52.836412" lon="9.506494">
        <ele>51.821445</ele>
        <time>2026-06-27T21:02:20.837Z</time>
      </trkpt>
      <trkpt lat="52.836031" lon="9.505193">
        <ele>50.770710</ele>
        <time>2026-06-27T21:02:30.887Z</time>
      </trkpt>
      <trkpt lat="52.834578" lon="9.500239">
        <ele>49.167556</ele>
        <time>2026-06-27T21:03:12.677Z</time>
      </trkpt>
      <trkpt lat="52.832488" lon="9.492985">
        <ele>55.152882</ele>
        <time>2026-06-27T21:04:54.191Z</time>
      </trkpt>
      <trkpt lat="52.832183" lon="9.491721">
        <ele>56.510978</ele>
        <time>2026-06-27T21:05:12.055Z</time>
      </trkpt>
      <trkpt lat="52.831950" lon="9.490087">
        <ele>58.101933</ele>
        <time>2026-06-27T21:05:33.576Z</time>
      </trkpt>
      <trkpt lat="52.831851" lon="9.489180">
        <ele>58.859626</ele>
        <time>2026-06-27T21:05:45.397Z</time>
      </trkpt>
      <trkpt lat="52.831806" lon="9.488770">
        <ele>59.202194</ele>
        <time>2026-06-27T21:05:50.547Z</time>
      </trkpt>
      <trkpt lat="52.831587" lon="9.487171">
        <ele>60.330081</ele>
        <time>2026-06-27T21:06:09.510Z</time>
      </trkpt>
      <trkpt lat="52.831539" lon="9.486977">
        <ele>60.406414</ele>
        <time>2026-06-27T21:06:11.957Z</time>
      </trkpt>
      <trkpt lat="52.831450" lon="9.486912">
        <ele>60.465043</ele>
        <time>2026-06-27T21:06:13.841Z</time>
      </trkpt>
      <trkpt lat="52.831435" lon="9.486855">
        <ele>60.487681</ele>
        <time>2026-06-27T21:06:14.512Z</time>
      </trkpt>
      <trkpt lat="52.831421" lon="9.486805">
        <ele>60.507748</ele>
        <time>2026-06-27T21:06:15.104Z</time>
      </trkpt>
      <trkpt lat="52.831395" lon="9.486588">
        <ele>60.588301</ele>
        <time>2026-06-27T21:06:17.550Z</time>
      </trkpt>
      <trkpt lat="52.830846" lon="9.485515">
        <ele>61.100286</ele>
        <time>2026-06-27T21:06:31.751Z</time>
      </trkpt>
      <trkpt lat="52.830903" lon="9.485385">
        <ele>61.158774</ele>
        <time>2026-06-27T21:06:33.184Z</time>
      </trkpt>
      <trkpt lat="52.830263" lon="9.484355">
        <ele>61.050897</ele>
        <time>2026-06-27T21:06:46.377Z</time>
      </trkpt>
      <trkpt lat="52.829984" lon="9.483695">
        <ele>60.930187</ele>
        <time>2026-06-27T21:06:53.092Z</time>
      </trkpt>
      <trkpt lat="52.829756" lon="9.483006">
        <ele>60.812464</ele>
        <time>2026-06-27T21:06:59.327Z</time>
      </trkpt>
      <trkpt lat="52.829556" lon="9.482402">
        <ele>60.639935</ele>
        <time>2026-06-27T21:07:04.725Z</time>
      </trkpt>
      <trkpt lat="52.829420" lon="9.481989">
        <ele>60.511173</ele>
        <time>2026-06-27T21:07:08.348Z</time>
      </trkpt>
      <trkpt lat="52.828926" lon="9.480540">
        <ele>60.055710</ele>
        <time>2026-06-27T21:07:21.725Z</time>
      </trkpt>
      <trkpt lat="52.828655" lon="9.479892">
        <ele>59.977825</ele>
        <time>2026-06-27T21:07:28.660Z</time>
      </trkpt>
      <trkpt lat="52.827405" lon="9.477241">
        <ele>59.987164</ele>
        <time>2026-06-27T21:07:59.143Z</time>
      </trkpt>
      <trkpt lat="52.826916" lon="9.476204">
        <ele>60.003219</ele>
        <time>2026-06-27T21:08:11.152Z</time>
      </trkpt>
      <trkpt lat="52.826842" lon="9.476218">
        <ele>60.004723</ele>
        <time>2026-06-27T21:08:12.244Z</time>
      </trkpt>
      <trkpt lat="52.826750" lon="9.476024">
        <ele>60.007733</ele>
        <time>2026-06-27T21:08:14.450Z</time>
      </trkpt>
      <trkpt lat="52.826797" lon="9.475952">
        <ele>60.009027</ele>
        <time>2026-06-27T21:08:15.752Z</time>
      </trkpt>
      <trkpt lat="52.825327" lon="9.472819">
        <ele>59.313551</ele>
        <time>2026-06-27T21:08:49.366Z</time>
      </trkpt>
      <trkpt lat="52.825162" lon="9.472409">
        <ele>59.113392</ele>
        <time>2026-06-27T21:08:53.349Z</time>
      </trkpt>
      <trkpt lat="52.825037" lon="9.472013">
        <ele>58.931855</ele>
        <time>2026-06-27T21:08:56.832Z</time>
      </trkpt>
      <trkpt lat="52.824885" lon="9.471296">
        <ele>58.623110</ele>
        <time>2026-06-27T21:09:02.517Z</time>
      </trkpt>
      <trkpt lat="52.824554" lon="9.469294">
        <ele>57.685219</ele>
        <time>2026-06-27T21:09:17.616Z</time>
      </trkpt>
      <trkpt lat="52.824354" lon="9.468546">
        <ele>57.301079</ele>
        <time>2026-06-27T21:09:23.909Z</time>
      </trkpt>
      <trkpt lat="52.824221" lon="9.468186">
        <ele>57.102914</ele>
        <time>2026-06-27T21:09:27.358Z</time>
      </trkpt>
      <trkpt lat="52.823791" lon="9.467012">
        <ele>56.873653</ele>
        <time>2026-06-27T21:09:39.658Z</time>
      </trkpt>
      <trkpt lat="52.823024" lon="9.464978">
        <ele>56.398335</ele>
        <time>2026-06-27T21:10:00.353Z</time>
      </trkpt>
      <trkpt lat="52.822883" lon="9.464604">
        <ele>56.168113</ele>
        <time>2026-06-27T21:10:03.726Z</time>
      </trkpt>
      <trkpt lat="52.822390" lon="9.463300">
        <ele>55.364774</ele>
        <time>2026-06-27T21:10:15.120Z</time>
      </trkpt>
      <trkpt lat="52.822340" lon="9.463350">
        <ele>55.314283</ele>
        <time>2026-06-27T21:10:15.790Z</time>
      </trkpt>
      <trkpt lat="52.821987" lon="9.462413">
        <ele>54.577163</ele>
        <time>2026-06-27T21:10:23.475Z</time>
      </trkpt>
      <trkpt lat="52.821769" lon="9.461834">
        <ele>54.075645</ele>
        <time>2026-06-27T21:10:28.274Z</time>
      </trkpt>
      <trkpt lat="52.821161" lon="9.460154">
        <ele>52.801321</ele>
        <time>2026-06-27T21:10:42.545Z</time>
      </trkpt>
      <trkpt lat="52.821022" lon="9.459601">
        <ele>52.598062</ele>
        <time>2026-06-27T21:10:47.253Z</time>
      </trkpt>
      <trkpt lat="52.820890" lon="9.458902">
        <ele>52.349528</ele>
        <time>2026-06-27T21:10:53.153Z</time>
      </trkpt>
      <trkpt lat="52.820814" lon="9.458233">
        <ele>52.118511</ele>
        <time>2026-06-27T21:10:58.814Z</time>
      </trkpt>
      <trkpt lat="52.820786" lon="9.457636">
        <ele>51.906057</ele>
        <time>2026-06-27T21:11:03.672Z</time>
      </trkpt>
      <trkpt lat="52.820842" lon="9.457617">
        <ele>51.857164</ele>
        <time>2026-06-27T21:11:05.705Z</time>
      </trkpt>
      <trkpt lat="52.820845" lon="9.457194">
        <ele>51.638515</ele>
        <time>2026-06-27T21:11:09.073Z</time>
      </trkpt>
      <trkpt lat="52.820862" lon="9.456422">
        <ele>51.239232</ele>
        <time>2026-06-27T21:11:15.498Z</time>
      </trkpt>
      <trkpt lat="52.820823" lon="9.456418">
        <ele>51.205811</ele>
        <time>2026-06-27T21:11:19.776Z</time>
      </trkpt>
      <trkpt lat="52.820826" lon="9.456292">
        <ele>51.140636</ele>
        <time>2026-06-27T21:11:21.192Z</time>
      </trkpt>
      <trkpt lat="52.820840" lon="9.455615">
        <ele>50.790514</ele>
        <time>2026-06-27T21:11:28.386Z</time>
      </trkpt>
      <trkpt lat="52.820845" lon="9.455370">
        <ele>50.663811</ele>
        <time>2026-06-27T21:11:30.887Z</time>
      </trkpt>
      <trkpt lat="52.820857" lon="9.454831">
        <ele>50.376629</ele>
        <time>2026-06-27T21:11:36.190Z</time>
      </trkpt>
      <trkpt lat="52.820848" lon="9.454466">
        <ele>50.021811</ele>
        <time>2026-06-27T21:11:39.664Z</time>
      </trkpt>
      <trkpt lat="52.820790" lon="9.454209">
        <ele>49.755348</ele>
        <time>2026-06-27T21:11:42.307Z</time>
      </trkpt>
      <trkpt lat="52.820741" lon="9.454118">
        <ele>49.636962</ele>
        <time>2026-06-27T21:11:43.474Z</time>
      </trkpt>
      <trkpt lat="52.820415" lon="9.453642">
        <ele>48.938171</ele>
        <time>2026-06-27T21:11:50.539Z</time>
      </trkpt>
      <trkpt lat="52.820343" lon="9.453533">
        <ele>48.781323</ele>
        <time>2026-06-27T21:11:52.113Z</time>
      </trkpt>
      <trkpt lat="52.820221" lon="9.453310">
        <ele>48.489146</ele>
        <time>2026-06-27T21:11:55.050Z</time>
      </trkpt>
      <trkpt lat="52.819990" lon="9.452775">
        <ele>47.850483</ele>
        <time>2026-06-27T21:12:01.376Z</time>
      </trkpt>
      <trkpt lat="52.819567" lon="9.451802">
        <ele>46.824437</ele>
        <time>2026-06-27T21:12:13.644Z</time>
      </trkpt>
      <trkpt lat="52.819530" lon="9.451724">
        <ele>46.744404</ele>
        <time>2026-06-27T21:12:14.699Z</time>
      </trkpt>
      <trkpt lat="52.819046" lon="9.450694">
        <ele>45.691330</ele>
        <time>2026-06-27T21:12:28.455Z</time>
      </trkpt>
      <trkpt lat="52.818864" lon="9.450326">
        <ele>45.307525</ele>
        <time>2026-06-27T21:12:33.125Z</time>
      </trkpt>
      <trkpt lat="52.818630" lon="9.449875">
        <ele>44.546041</ele>
        <time>2026-06-27T21:12:37.163Z</time>
      </trkpt>
      <trkpt lat="52.818102" lon="9.448831">
        <ele>42.316285</ele>
        <time>2026-06-27T21:12:45.892Z</time>
      </trkpt>
      <trkpt lat="52.817132" lon="9.446870">
        <ele>37.549575</ele>
        <time>2026-06-27T21:13:01.208Z</time>
      </trkpt>
      <trkpt lat="52.816487" lon="9.445628">
        <ele>34.065657</ele>
        <time>2026-06-27T21:13:11.077Z</time>
      </trkpt>
      <trkpt lat="52.816254" lon="9.445186">
        <ele>32.834477</ele>
        <time>2026-06-27T21:13:14.616Z</time>
      </trkpt>
      <trkpt lat="52.815667" lon="9.444248">
        <ele>30.006131</ele>
        <time>2026-06-27T21:13:22.683Z</time>
      </trkpt>
      <trkpt lat="52.815315" lon="9.443787">
        <ele>28.450218</ele>
        <time>2026-06-27T21:13:27.134Z</time>
      </trkpt>
      <trkpt lat="52.814016" lon="9.442318">
        <ele>24.320432</ele>
        <time>2026-06-27T21:13:43.460Z</time>
      </trkpt>
      <trkpt lat="52.813574" lon="9.441838">
        <ele>23.123177</ele>
        <time>2026-06-27T21:13:49.383Z</time>
      </trkpt>
      <trkpt lat="52.812871" lon="9.441026">
        <ele>22.297373</ele>
        <time>2026-06-27T21:14:00.103Z</time>
      </trkpt>
      <trkpt lat="52.811753" lon="9.439766">
        <ele>21.121420</ele>
        <time>2026-06-27T21:14:17.382Z</time>
      </trkpt>
      <trkpt lat="52.811131" lon="9.439065">
        <ele>20.592651</ele>
        <time>2026-06-27T21:14:27.008Z</time>
      </trkpt>
      <trkpt lat="52.810700" lon="9.438579">
        <ele>20.226191</ele>
        <time>2026-06-27T21:14:33.538Z</time>
      </trkpt>
      <trkpt lat="52.810246" lon="9.438068">
        <ele>20.111644</ele>
        <time>2026-06-27T21:14:40.615Z</time>
      </trkpt>
      <trkpt lat="52.809367" lon="9.437087">
        <ele>19.928454</ele>
        <time>2026-06-27T21:14:55.458Z</time>
      </trkpt>
      <trkpt lat="52.807502" lon="9.434991">
        <ele>21.453689</ele>
        <time>2026-06-27T21:15:35.727Z</time>
      </trkpt>
      <trkpt lat="52.806989" lon="9.434430">
        <ele>22.092625</ele>
        <time>2026-06-27T21:15:48.506Z</time>
      </trkpt>
      <trkpt lat="52.806223" lon="9.433610">
        <ele>23.040599</ele>
        <time>2026-06-27T21:16:06.487Z</time>
      </trkpt>
      <trkpt lat="52.804910" lon="9.432042">
        <ele>23.411864</ele>
        <time>2026-06-27T21:16:31.103Z</time>
      </trkpt>
      <trkpt lat="52.803971" lon="9.430506">
        <ele>23.324019</ele>
        <time>2026-06-27T21:16:50.259Z</time>
      </trkpt>
      <trkpt lat="52.802066" lon="9.426521">
        <ele>22.270443</ele>
        <time>2026-06-27T21:17:33.508Z</time>
      </trkpt>
      <trkpt lat="52.801631" lon="9.425572">
        <ele>21.599959</ele>
        <time>2026-06-27T21:17:42.129Z</time>
      </trkpt>
      <trkpt lat="52.801556" lon="9.425408">
        <ele>21.484187</ele>
        <time>2026-06-27T21:17:43.581Z</time>
      </trkpt>
      <trkpt lat="52.801450" lon="9.425054">
        <ele>21.261781</ele>
        <time>2026-06-27T21:17:46.400Z</time>
      </trkpt>
      <trkpt lat="52.801282" lon="9.424370">
        <ele>20.839425</ele>
        <time>2026-06-27T21:17:51.535Z</time>
      </trkpt>
      <trkpt lat="52.801220" lon="9.424063">
        <ele>20.652892</ele>
        <time>2026-06-27T21:17:53.725Z</time>
      </trkpt>
      <trkpt lat="52.801068" lon="9.423316">
        <ele>20.198671</ele>
        <time>2026-06-27T21:17:59.165Z</time>
      </trkpt>
      <trkpt lat="52.801014" lon="9.423046">
        <ele>20.034777</ele>
        <time>2026-06-27T21:18:01.228Z</time>
      </trkpt>
      <trkpt lat="52.800908" lon="9.422523">
        <ele>19.716888</ele>
        <time>2026-06-27T21:18:05.716Z</time>
      </trkpt>
      <trkpt lat="52.800555" lon="9.420697">
        <ele>19.607853</ele>
        <time>2026-06-27T21:18:23.861Z</time>
      </trkpt>
      <trkpt lat="52.800279" lon="9.419475">
        <ele>19.788057</ele>
        <time>2026-06-27T21:18:37.161Z</time>
      </trkpt>
      <trkpt lat="52.800328" lon="9.419405">
        <ele>19.802851</ele>
        <time>2026-06-27T21:18:39.595Z</time>
      </trkpt>
      <trkpt lat="52.800269" lon="9.419208">
        <ele>19.815733</ele>
        <time>2026-06-27T21:18:41.605Z</time>
      </trkpt>
      <trkpt lat="52.800083" lon="9.418658">
        <ele>19.683404</ele>
        <time>2026-06-27T21:18:47.081Z</time>
      </trkpt>
      <trkpt lat="52.799864" lon="9.418166">
        <ele>19.555114</ele>
        <time>2026-06-27T21:18:52.164Z</time>
      </trkpt>
      <trkpt lat="52.799843" lon="9.418118">
        <ele>19.542672</ele>
        <time>2026-06-27T21:18:52.659Z</time>
      </trkpt>
      <trkpt lat="52.799612" lon="9.417685">
        <ele>19.421414</ele>
        <time>2026-06-27T21:18:57.303Z</time>
      </trkpt>
      <trkpt lat="52.799325" lon="9.417259">
        <ele>19.287483</ele>
        <time>2026-06-27T21:19:02.219Z</time>
      </trkpt>
      <trkpt lat="52.798869" lon="9.416723">
        <ele>19.220835</ele>
        <time>2026-06-27T21:19:09.395Z</time>
      </trkpt>
      <trkpt lat="52.798494" lon="9.416395">
        <ele>19.246980</ele>
        <time>2026-06-27T21:19:15.136Z</time>
      </trkpt>
      <trkpt lat="52.798397" lon="9.416155">
        <ele>19.257738</ele>
        <time>2026-06-27T21:19:17.668Z</time>
      </trkpt>
      <trkpt lat="52.798378" lon="9.416173">
        <ele>19.259087</ele>
        <time>2026-06-27T21:19:18.020Z</time>
      </trkpt>
      <trkpt lat="52.798352" lon="9.416222">
        <ele>19.261517</ele>
        <time>2026-06-27T21:19:18.854Z</time>
      </trkpt>
      <trkpt lat="52.798335" lon="9.416290">
        <ele>19.264259</ele>
        <time>2026-06-27T21:19:19.558Z</time>
      </trkpt>
      <trkpt lat="52.798225" lon="9.416230">
        <ele>19.271397</ele>
        <time>2026-06-27T21:19:21.501Z</time>
      </trkpt>
      <trkpt lat="52.797934" lon="9.416069">
        <ele>19.290309</ele>
        <time>2026-06-27T21:19:26.957Z</time>
      </trkpt>
      <trkpt lat="52.797451" lon="9.415797">
        <ele>19.311190</ele>
        <time>2026-06-27T21:19:35.841Z</time>
      </trkpt>
      <trkpt lat="52.797089" lon="9.415533">
        <ele>19.307882</ele>
        <time>2026-06-27T21:19:42.633Z</time>
      </trkpt>
      <trkpt lat="52.796607" lon="9.415007">
        <ele>19.303055</ele>
        <time>2026-06-27T21:19:51.862Z</time>
      </trkpt>
      <trkpt lat="52.794408" lon="9.412266">
        <ele>18.123910</ele>
        <time>2026-06-27T21:20:26.934Z</time>
      </trkpt>
      <trkpt lat="52.793953" lon="9.411556">
        <ele>18.181650</ele>
        <time>2026-06-27T21:20:36.533Z</time>
      </trkpt>
      <trkpt lat="52.793617" lon="9.410883">
        <ele>18.230359</ele>
        <time>2026-06-27T21:20:45.330Z</time>
      </trkpt>
      <trkpt lat="52.793357" lon="9.410219">
        <ele>18.234376</ele>
        <time>2026-06-27T21:20:53.425Z</time>
      </trkpt>
      <trkpt lat="52.793021" lon="9.409153">
        <ele>18.044263</ele>
        <time>2026-06-27T21:21:04.767Z</time>
      </trkpt>
      <trkpt lat="52.792894" lon="9.408725">
        <ele>17.968866</ele>
        <time>2026-06-27T21:21:08.609Z</time>
      </trkpt>
      <trkpt lat="52.792777" lon="9.408329">
        <ele>17.899163</ele>
        <time>2026-06-27T21:21:11.949Z</time>
      </trkpt>
      <trkpt lat="52.792753" lon="9.408252">
        <ele>17.885463</ele>
        <time>2026-06-27T21:21:12.603Z</time>
      </trkpt>
      <trkpt lat="52.792306" lon="9.406754">
        <ele>17.435883</ele>
        <time>2026-06-27T21:21:25.058Z</time>
      </trkpt>
      <trkpt lat="52.791846" lon="9.405234">
        <ele>16.877916</ele>
        <time>2026-06-27T21:21:38.830Z</time>
      </trkpt>
      <trkpt lat="52.791717" lon="9.404808">
        <ele>16.828102</ele>
        <time>2026-06-27T21:21:43.128Z</time>
      </trkpt>
      <trkpt lat="52.791550" lon="9.404256">
        <ele>16.851111</ele>
        <time>2026-06-27T21:21:48.828Z</time>
      </trkpt>
      <trkpt lat="52.790693" lon="9.401413">
        <ele>16.942128</ele>
        <time>2026-06-27T21:22:18.232Z</time>
      </trkpt>
      <trkpt lat="52.789230" lon="9.396561">
        <ele>16.897614</ele>
        <time>2026-06-27T21:23:06.517Z</time>
      </trkpt>
      <trkpt lat="52.788586" lon="9.394424">
        <ele>16.833495</ele>
        <time>2026-06-27T21:23:27.672Z</time>
      </trkpt>
      <trkpt lat="52.788530" lon="9.394234">
        <ele>16.844544</ele>
        <time>2026-06-27T21:23:29.468Z</time>
      </trkpt>
      <trkpt lat="52.788776" lon="9.394031">
        <ele>16.868706</ele>
        <time>2026-06-27T21:23:34.851Z</time>
      </trkpt>
      <trkpt lat="52.788530" lon="9.394234">
        <ele>16.892869</ele>
        <time>2026-06-27T21:23:40.267Z</time>
      </trkpt>
      <trkpt lat="52.788450" lon="9.393979">
        <ele>16.908137</ele>
        <time>2026-06-27T21:23:42.811Z</time>
      </trkpt>
      <trkpt lat="52.788341" lon="9.393616">
        <ele>16.929678</ele>
        <time>2026-06-27T21:23:46.394Z</time>
      </trkpt>
      <trkpt lat="52.787576" lon="9.391078">
        <ele>17.496238</ele>
        <time>2026-06-27T21:24:14.365Z</time>
      </trkpt>
      <trkpt lat="52.787320" lon="9.390225">
        <ele>17.783621</ele>
        <time>2026-06-27T21:24:24.893Z</time>
      </trkpt>
      <trkpt lat="52.787074" lon="9.389412">
        <ele>18.008895</ele>
        <time>2026-06-27T21:24:34.102Z</time>
      </trkpt>
      <trkpt lat="52.787028" lon="9.389261">
        <ele>18.045095</ele>
        <time>2026-06-27T21:24:35.703Z</time>
      </trkpt>
      <trkpt lat="52.786432" lon="9.387291">
        <ele>18.516714</ele>
        <time>2026-06-27T21:24:55.938Z</time>
      </trkpt>
      <trkpt lat="52.786060" lon="9.386058">
        <ele>19.269119</ele>
        <time>2026-06-27T21:25:12.077Z</time>
      </trkpt>
      <trkpt lat="52.785855" lon="9.385310">
        <ele>19.726227</ele>
        <time>2026-06-27T21:25:22.171Z</time>
      </trkpt>
      <trkpt lat="52.785758" lon="9.384815">
        <ele>20.015858</ele>
        <time>2026-06-27T21:25:28.022Z</time>
      </trkpt>
      <trkpt lat="52.785695" lon="9.384318">
        <ele>20.203868</ele>
        <time>2026-06-27T21:25:33.375Z</time>
      </trkpt>
      <trkpt lat="52.785544" lon="9.382832">
        <ele>20.365930</ele>
        <time>2026-06-27T21:25:47.604Z</time>
      </trkpt>
      <trkpt lat="52.785495" lon="9.382341">
        <ele>20.419453</ele>
        <time>2026-06-27T21:25:51.826Z</time>
      </trkpt>
      <trkpt lat="52.785451" lon="9.381905">
        <ele>20.466994</ele>
        <time>2026-06-27T21:25:55.609Z</time>
      </trkpt>
      <trkpt lat="52.785412" lon="9.381527">
        <ele>20.494369</ele>
        <time>2026-06-27T21:25:59.066Z</time>
      </trkpt>
      <trkpt lat="52.785387" lon="9.381279">
        <ele>20.469188</ele>
        <time>2026-06-27T21:26:01.373Z</time>
      </trkpt>
      <trkpt lat="52.785367" lon="9.381097">
        <ele>20.450662</ele>
        <time>2026-06-27T21:26:03.037Z</time>
      </trkpt>
      <trkpt lat="52.785333" lon="9.380789">
        <ele>20.419305</ele>
        <time>2026-06-27T21:26:05.994Z</time>
      </trkpt>
      <trkpt lat="52.785250" lon="9.380038">
        <ele>20.342844</ele>
        <time>2026-06-27T21:26:12.802Z</time>
      </trkpt>
      <trkpt lat="52.785216" lon="9.379773">
        <ele>20.315713</ele>
        <time>2026-06-27T21:26:15.072Z</time>
      </trkpt>
      <trkpt lat="52.785134" lon="9.379185">
        <ele>20.255277</ele>
        <time>2026-06-27T21:26:19.872Z</time>
      </trkpt>
      <trkpt lat="52.785115" lon="9.379131">
        <ele>20.249020</ele>
        <time>2026-06-27T21:26:20.375Z</time>
      </trkpt>
      <trkpt lat="52.785043" lon="9.378996">
        <ele>20.230993</ele>
        <time>2026-06-27T21:26:21.817Z</time>
      </trkpt>
      <trkpt lat="52.784976" lon="9.378879">
        <ele>20.214856</ele>
        <time>2026-06-27T21:26:23.130Z</time>
      </trkpt>
      <trkpt lat="52.784951" lon="9.378834">
        <ele>20.208736</ele>
        <time>2026-06-27T21:26:23.633Z</time>
      </trkpt>
      <trkpt lat="52.785052" lon="9.378587">
        <ele>20.198180</ele>
        <time>2026-06-27T21:26:26.155Z</time>
      </trkpt>
      <trkpt lat="52.785042" lon="9.378479">
        <ele>20.195919</ele>
        <time>2026-06-27T21:26:27.111Z</time>
      </trkpt>
      <trkpt lat="52.784899" lon="9.377332">
        <ele>20.171691</ele>
        <time>2026-06-27T21:26:37.484Z</time>
      </trkpt>
      <trkpt lat="52.784787" lon="9.376434">
        <ele>20.152722</ele>
        <time>2026-06-27T21:26:45.802Z</time>
      </trkpt>
      <trkpt lat="52.784749" lon="9.376112">
        <ele>20.145934</ele>
        <time>2026-06-27T21:26:48.829Z</time>
      </trkpt>
      <trkpt lat="52.784684" lon="9.375548">
        <ele>20.155013</ele>
        <time>2026-06-27T21:26:54.321Z</time>
      </trkpt>
      <trkpt lat="52.784607" lon="9.373647">
        <ele>20.223941</ele>
        <time>2026-06-27T21:27:11.781Z</time>
      </trkpt>
      <trkpt lat="52.784533" lon="9.371807">
        <ele>20.128365</ele>
        <time>2026-06-27T21:27:28.066Z</time>
      </trkpt>
      <trkpt lat="52.784417" lon="9.368915">
        <ele>19.532206</ele>
        <time>2026-06-27T21:27:52.520Z</time>
      </trkpt>
      <trkpt lat="52.784410" lon="9.368737">
        <ele>19.464965</ele>
        <time>2026-06-27T21:27:53.901Z</time>
      </trkpt>
      <trkpt lat="52.784374" lon="9.367855">
        <ele>19.131732</ele>
        <time>2026-06-27T21:28:00.536Z</time>
      </trkpt>
      <trkpt lat="52.784547" lon="9.366496">
        <ele>18.697868</ele>
        <time>2026-06-27T21:28:10.951Z</time>
      </trkpt>
      <trkpt lat="52.784562" lon="9.366382">
        <ele>18.673055</ele>
        <time>2026-06-27T21:28:11.850Z</time>
      </trkpt>
      <trkpt lat="52.785088" lon="9.362242">
        <ele>18.117656</ele>
        <time>2026-06-27T21:28:48.299Z</time>
      </trkpt>
      <trkpt lat="52.785790" lon="9.356909">
        <ele>18.106112</ele>
        <time>2026-06-27T21:29:38.648Z</time>
      </trkpt>
      <trkpt lat="52.785953" lon="9.355567">
        <ele>17.925137</ele>
        <time>2026-06-27T21:29:49.535Z</time>
      </trkpt>
      <trkpt lat="52.786012" lon="9.354826">
        <ele>17.850338</ele>
        <time>2026-06-27T21:29:55.477Z</time>
      </trkpt>
      <trkpt lat="52.786000" lon="9.353162">
        <ele>17.700303</ele>
        <time>2026-06-27T21:30:09.875Z</time>
      </trkpt>
      <trkpt lat="52.785850" lon="9.346361">
        <ele>18.562167</ele>
        <time>2026-06-27T21:31:14.812Z</time>
      </trkpt>
      <trkpt lat="52.785843" lon="9.345975">
        <ele>18.676206</ele>
        <time>2026-06-27T21:31:18.786Z</time>
      </trkpt>
      <trkpt lat="52.785839" lon="9.345811">
        <ele>18.724675</ele>
        <time>2026-06-27T21:31:20.418Z</time>
      </trkpt>
      <trkpt lat="52.785838" lon="9.345752">
        <ele>18.742105</ele>
        <time>2026-06-27T21:31:21.049Z</time>
      </trkpt>
      <trkpt lat="52.785823" lon="9.345275">
        <ele>18.883155</ele>
        <time>2026-06-27T21:31:25.810Z</time>
      </trkpt>
      <trkpt lat="52.785814" lon="9.344521">
        <ele>19.105858</ele>
        <time>2026-06-27T21:31:33.512Z</time>
      </trkpt>
      <trkpt lat="52.785791" lon="9.343763">
        <ele>19.329980</ele>
        <time>2026-06-27T21:31:41.549Z</time>
      </trkpt>
      <trkpt lat="52.785790" lon="9.343713">
        <ele>19.344753</ele>
        <time>2026-06-27T21:31:42.056Z</time>
      </trkpt>
      <trkpt lat="52.785742" lon="9.341121">
        <ele>19.872438</ele>
        <time>2026-06-27T21:32:08.201Z</time>
      </trkpt>
      <trkpt lat="52.785721" lon="9.339805">
        <ele>19.867831</ele>
        <time>2026-06-27T21:32:19.566Z</time>
      </trkpt>
      <trkpt lat="52.785612" lon="9.338470">
        <ele>19.648078</ele>
        <time>2026-06-27T21:32:30.373Z</time>
      </trkpt>
      <trkpt lat="52.785600" lon="9.338364">
        <ele>19.630486</ele>
        <time>2026-06-27T21:32:31.234Z</time>
      </trkpt>
      <trkpt lat="52.784570" lon="9.329166">
        <ele>19.107914</ele>
        <time>2026-06-27T21:33:53.308Z</time>
      </trkpt>
      <trkpt lat="52.783741" lon="9.321891">
        <ele>19.007368</ele>
        <time>2026-06-27T21:34:58.891Z</time>
      </trkpt>
      <trkpt lat="52.782427" lon="9.309870">
        <ele>19.754490</ele>
        <time>2026-06-27T21:36:52.474Z</time>
      </trkpt>
      <trkpt lat="52.781848" lon="9.304702">
        <ele>19.220599</ele>
        <time>2026-06-27T21:37:37.401Z</time>
      </trkpt>
      <trkpt lat="52.781549" lon="9.301867">
        <ele>18.948648</ele>
        <time>2026-06-27T21:38:00.738Z</time>
      </trkpt>
      <trkpt lat="52.780931" lon="9.296507">
        <ele>20.866849</ele>
        <time>2026-06-27T21:38:59.896Z</time>
      </trkpt>
      <trkpt lat="52.780881" lon="9.296080">
        <ele>20.845167</ele>
        <time>2026-06-27T21:39:03.898Z</time>
      </trkpt>
      <trkpt lat="52.779863" lon="9.286985">
        <ele>20.580947</ele>
        <time>2026-06-27T21:40:23.744Z</time>
      </trkpt>
      <trkpt lat="52.779817" lon="9.286565">
        <ele>20.697948</ele>
        <time>2026-06-27T21:40:28.494Z</time>
      </trkpt>
      <trkpt lat="52.779778" lon="9.285968">
        <ele>20.862547</ele>
        <time>2026-06-27T21:40:35.056Z</time>
      </trkpt>
      <trkpt lat="52.779775" lon="9.285426">
        <ele>21.011125</ele>
        <time>2026-06-27T21:40:40.772Z</time>
      </trkpt>
      <trkpt lat="52.779800" lon="9.284961">
        <ele>21.139092</ele>
        <time>2026-06-27T21:40:45.662Z</time>
      </trkpt>
      <trkpt lat="52.779928" lon="9.283825">
        <ele>21.273509</ele>
        <time>2026-06-27T21:40:57.296Z</time>
      </trkpt>
      <trkpt lat="52.779945" lon="9.283668">
        <ele>21.291346</ele>
        <time>2026-06-27T21:40:58.770Z</time>
      </trkpt>
      <trkpt lat="52.780201" lon="9.281731">
        <ele>21.461277</ele>
        <time>2026-06-27T21:41:16.629Z</time>
      </trkpt>
      <trkpt lat="52.780683" lon="9.278146">
        <ele>21.308500</ele>
        <time>2026-06-27T21:41:48.587Z</time>
      </trkpt>
      <trkpt lat="52.780701" lon="9.278033">
        <ele>21.311176</ele>
        <time>2026-06-27T21:41:49.630Z</time>
      </trkpt>
      <trkpt lat="52.781036" lon="9.276483">
        <ele>21.348873</ele>
        <time>2026-06-27T21:42:10.175Z</time>
      </trkpt>
      <trkpt lat="52.781490" lon="9.274533">
        <ele>21.499925</ele>
        <time>2026-06-27T21:42:36.687Z</time>
      </trkpt>
      <trkpt lat="52.781805" lon="9.273015">
        <ele>21.525928</ele>
        <time>2026-06-27T21:42:56.383Z</time>
      </trkpt>
      <trkpt lat="52.782143" lon="9.271534">
        <ele>21.335683</ele>
        <time>2026-06-27T21:43:15.457Z</time>
      </trkpt>
      <trkpt lat="52.782233" lon="9.271192">
        <ele>21.290858</ele>
        <time>2026-06-27T21:43:18.628Z</time>
      </trkpt>
      <trkpt lat="52.783265" lon="9.267655">
        <ele>20.074030</ele>
        <time>2026-06-27T21:43:49.251Z</time>
      </trkpt>
      <trkpt lat="52.784578" lon="9.263115">
        <ele>19.625113</ele>
        <time>2026-06-27T21:44:32.895Z</time>
      </trkpt>
      <trkpt lat="52.785101" lon="9.261312">
        <ele>19.618384</ele>
        <time>2026-06-27T21:44:51.738Z</time>
      </trkpt>
      <trkpt lat="52.785197" lon="9.260886">
        <ele>19.620573</ele>
        <time>2026-06-27T21:44:57.334Z</time>
      </trkpt>
      <trkpt lat="52.785258" lon="9.260376">
        <ele>19.623077</ele>
        <time>2026-06-27T21:45:03.559Z</time>
      </trkpt>
      <trkpt lat="52.785289" lon="9.258423">
        <ele>19.665956</ele>
        <time>2026-06-27T21:45:26.237Z</time>
      </trkpt>
      <trkpt lat="52.785355" lon="9.258072">
        <ele>19.676067</ele>
        <time>2026-06-27T21:45:30.542Z</time>
      </trkpt>
      <trkpt lat="52.785974" lon="9.255653">
        <ele>20.112763</ele>
        <time>2026-06-27T21:46:05.501Z</time>
      </trkpt>
      <trkpt lat="52.786054" lon="9.255112">
        <ele>20.263832</ele>
        <time>2026-06-27T21:46:13.317Z</time>
      </trkpt>
      <trkpt lat="52.786050" lon="9.254757">
        <ele>20.360141</ele>
        <time>2026-06-27T21:46:16.998Z</time>
      </trkpt>
      <trkpt lat="52.786019" lon="9.254506">
        <ele>20.429630</ele>
        <time>2026-06-27T21:46:19.562Z</time>
      </trkpt>
      <trkpt lat="52.785927" lon="9.254097">
        <ele>20.500660</ele>
        <time>2026-06-27T21:46:23.858Z</time>
      </trkpt>
      <trkpt lat="52.785835" lon="9.253822">
        <ele>20.467633</ele>
        <time>2026-06-27T21:46:26.914Z</time>
      </trkpt>
      <trkpt lat="52.785542" lon="9.252960">
        <ele>20.363716</ele>
        <time>2026-06-27T21:46:35.887Z</time>
      </trkpt>
      <trkpt lat="52.785295" lon="9.252265">
        <ele>20.278999</ele>
        <time>2026-06-27T21:46:42.322Z</time>
      </trkpt>
      <trkpt lat="52.785219" lon="9.252051">
        <ele>20.252919</ele>
        <time>2026-06-27T21:46:44.287Z</time>
      </trkpt>
      <trkpt lat="52.784366" lon="9.249604">
        <ele>19.703388</ele>
        <time>2026-06-27T21:47:07.320Z</time>
      </trkpt>
      <trkpt lat="52.783631" lon="9.247522">
        <ele>19.429481</ele>
        <time>2026-06-27T21:47:28.105Z</time>
      </trkpt>
      <trkpt lat="52.783433" lon="9.246849">
        <ele>19.371455</ele>
        <time>2026-06-27T21:47:34.696Z</time>
      </trkpt>
      <trkpt lat="52.783364" lon="9.246546">
        <ele>19.346352</ele>
        <time>2026-06-27T21:47:37.485Z</time>
      </trkpt>
      <trkpt lat="52.783282" lon="9.245959">
        <ele>19.296173</ele>
        <time>2026-06-27T21:47:42.676Z</time>
      </trkpt>
      <trkpt lat="52.783241" lon="9.245135">
        <ele>19.225982</ele>
        <time>2026-06-27T21:47:49.701Z</time>
      </trkpt>
      <trkpt lat="52.783233" lon="9.243662">
        <ele>19.100924</ele>
        <time>2026-06-27T21:48:02.619Z</time>
      </trkpt>
      <trkpt lat="52.783212" lon="9.242244">
        <ele>18.962411</ele>
        <time>2026-06-27T21:48:14.776Z</time>
      </trkpt>
      <trkpt lat="52.783169" lon="9.241671">
        <ele>18.904798</ele>
        <time>2026-06-27T21:48:19.679Z</time>
      </trkpt>
      <trkpt lat="52.783029" lon="9.240732">
        <ele>18.808299</ele>
        <time>2026-06-27T21:48:27.980Z</time>
      </trkpt>
      <trkpt lat="52.782870" lon="9.240087">
        <ele>18.803548</ele>
        <time>2026-06-27T21:48:34.010Z</time>
      </trkpt>
      <trkpt lat="52.782689" lon="9.239538">
        <ele>18.825002</ele>
        <time>2026-06-27T21:48:39.496Z</time>
      </trkpt>
      <trkpt lat="52.782424" lon="9.238916">
        <ele>18.851107</ele>
        <time>2026-06-27T21:48:46.602Z</time>
      </trkpt>
      <trkpt lat="52.782270" lon="9.238634">
        <ele>18.864143</ele>
        <time>2026-06-27T21:48:50.243Z</time>
      </trkpt>
      <trkpt lat="52.781534" lon="9.237475">
        <ele>18.954453</ele>
        <time>2026-06-27T21:49:05.910Z</time>
      </trkpt>
      <trkpt lat="52.780819" lon="9.236353">
        <ele>19.066062</ele>
        <time>2026-06-27T21:49:20.791Z</time>
      </trkpt>
      <trkpt lat="52.780281" lon="9.235338">
        <ele>19.287157</ele>
        <time>2026-06-27T21:49:33.355Z</time>
      </trkpt>
      <trkpt lat="52.779898" lon="9.234356">
        <ele>19.523576</ele>
        <time>2026-06-27T21:49:45.254Z</time>
      </trkpt>
      <trkpt lat="52.779746" lon="9.233847">
        <ele>19.638434</ele>
        <time>2026-06-27T21:49:51.035Z</time>
      </trkpt>
      <trkpt lat="52.779606" lon="9.233260">
        <ele>19.694317</ele>
        <time>2026-06-27T21:49:57.241Z</time>
      </trkpt>
      <trkpt lat="52.779482" lon="9.232561">
        <ele>19.694319</ele>
        <time>2026-06-27T21:50:04.042Z</time>
      </trkpt>
      <trkpt lat="52.779424" lon="9.232085">
        <ele>19.694320</ele>
        <time>2026-06-27T21:50:08.490Z</time>
      </trkpt>
      <trkpt lat="52.779372" lon="9.231370">
        <ele>19.694321</ele>
        <time>2026-06-27T21:50:14.976Z</time>
      </trkpt>
      <trkpt lat="52.779361" lon="9.230890">
        <ele>19.694322</ele>
        <time>2026-06-27T21:50:19.041Z</time>
      </trkpt>
      <trkpt lat="52.779369" lon="9.230410">
        <ele>19.659513</ele>
        <time>2026-06-27T21:50:22.935Z</time>
      </trkpt>
      <trkpt lat="52.779417" lon="9.229695">
        <ele>19.568765</ele>
        <time>2026-06-27T21:50:28.521Z</time>
      </trkpt>
      <trkpt lat="52.779494" lon="9.229038">
        <ele>19.484346</ele>
        <time>2026-06-27T21:50:34.025Z</time>
      </trkpt>
      <trkpt lat="52.779699" lon="9.227870">
        <ele>19.330932</ele>
        <time>2026-06-27T21:50:44.697Z</time>
      </trkpt>
      <trkpt lat="52.779775" lon="9.227487">
        <ele>19.416638</ele>
        <time>2026-06-27T21:50:48.345Z</time>
      </trkpt>
      <trkpt lat="52.780581" lon="9.223398">
        <ele>21.064860</ele>
        <time>2026-06-27T21:51:33.454Z</time>
      </trkpt>
      <trkpt lat="52.780645" lon="9.223079">
        <ele>21.231552</ele>
        <time>2026-06-27T21:51:37.270Z</time>
      </trkpt>
      <trkpt lat="52.780663" lon="9.222988">
        <ele>21.279037</ele>
        <time>2026-06-27T21:51:38.317Z</time>
      </trkpt>
      <trkpt lat="52.780751" lon="9.222981">
        <ele>21.351278</ele>
        <time>2026-06-27T21:51:39.978Z</time>
      </trkpt>
      <trkpt lat="52.780820" lon="9.222853">
        <ele>21.436315</ele>
        <time>2026-06-27T21:51:41.911Z</time>
      </trkpt>
      <trkpt lat="52.780808" lon="9.222670">
        <ele>21.527610</ele>
        <time>2026-06-27T21:51:44.006Z</time>
      </trkpt>
      <trkpt lat="52.780746" lon="9.222583">
        <ele>21.594291</ele>
        <time>2026-06-27T21:51:45.577Z</time>
      </trkpt>
      <trkpt lat="52.780763" lon="9.222480">
        <ele>21.647244</ele>
        <time>2026-06-27T21:51:46.793Z</time>
      </trkpt>
      <trkpt lat="52.780776" lon="9.222294">
        <ele>21.742738</ele>
        <time>2026-06-27T21:51:49.017Z</time>
      </trkpt>
      <trkpt lat="52.780740" lon="9.221754">
        <ele>22.068858</ele>
        <time>2026-06-27T21:51:55.378Z</time>
      </trkpt>
      <trkpt lat="52.780629" lon="9.221232">
        <ele>22.401009</ele>
        <time>2026-06-27T21:52:01.871Z</time>
      </trkpt>
      <trkpt lat="52.780494" lon="9.220571">
        <ele>22.819812</ele>
        <time>2026-06-27T21:52:10.229Z</time>
      </trkpt>
      <trkpt lat="52.780123" lon="9.218740">
        <ele>23.659390</ele>
        <time>2026-06-27T21:52:31.121Z</time>
      </trkpt>
      <trkpt lat="52.780089" lon="9.218571">
        <ele>23.693034</ele>
        <time>2026-06-27T21:52:33.000Z</time>
      </trkpt>
      <trkpt lat="52.779988" lon="9.218097">
        <ele>23.787967</ele>
        <time>2026-06-27T21:52:38.251Z</time>
      </trkpt>
      <trkpt lat="52.779700" lon="9.216682">
        <ele>24.069992</ele>
        <time>2026-06-27T21:52:51.973Z</time>
      </trkpt>
      <trkpt lat="52.779624" lon="9.216312">
        <ele>23.964304</ele>
        <time>2026-06-27T21:52:55.225Z</time>
      </trkpt>
      <trkpt lat="52.779494" lon="9.215613">
        <ele>23.745398</ele>
        <time>2026-06-27T21:53:01.130Z</time>
      </trkpt>
      <trkpt lat="52.779368" lon="9.214879">
        <ele>23.517004</ele>
        <time>2026-06-27T21:53:07.148Z</time>
      </trkpt>
      <trkpt lat="52.779282" lon="9.213989">
        <ele>23.247210</ele>
        <time>2026-06-27T21:53:14.047Z</time>
      </trkpt>
      <trkpt lat="52.779263" lon="9.213278">
        <ele>23.054193</ele>
        <time>2026-06-27T21:53:19.650Z</time>
      </trkpt>
      <trkpt lat="52.779264" lon="9.212955">
        <ele>22.970404</ele>
        <time>2026-06-27T21:53:22.186Z</time>
      </trkpt>
      <trkpt lat="52.779261" lon="9.212852">
        <ele>22.943654</ele>
        <time>2026-06-27T21:53:22.957Z</time>
      </trkpt>
      <trkpt lat="52.778988" lon="9.212901">
        <ele>22.825891</ele>
        <time>2026-06-27T21:53:26.529Z</time>
      </trkpt>
      <trkpt lat="52.778719" lon="9.212905">
        <ele>22.710525</ele>
        <time>2026-06-27T21:53:30.242Z</time>
      </trkpt>
      <trkpt lat="52.778234" lon="9.212751">
        <ele>22.498732</ele>
        <time>2026-06-27T21:53:36.940Z</time>
      </trkpt>
      <trkpt lat="52.778075" lon="9.212735">
        <ele>22.430418</ele>
        <time>2026-06-27T21:53:39.231Z</time>
      </trkpt>
      <trkpt lat="52.777764" lon="9.212846">
        <ele>22.439240</ele>
        <time>2026-06-27T21:53:43.813Z</time>
      </trkpt>
      <trkpt lat="52.777424" lon="9.213116">
        <ele>22.475056</ele>
        <time>2026-06-27T21:53:49.411Z</time>
      </trkpt>
      <trkpt lat="52.777186" lon="9.213346">
        <ele>22.501234</ele>
        <time>2026-06-27T21:53:53.895Z</time>
      </trkpt>
      <trkpt lat="52.776748" lon="9.213845">
        <ele>22.551744</ele>
        <time>2026-06-27T21:54:02.650Z</time>
      </trkpt>
      <trkpt lat="52.776655" lon="9.213973">
        <ele>22.563235</ele>
        <time>2026-06-27T21:54:04.521Z</time>
      </trkpt>
      <trkpt lat="52.776479" lon="9.214230">
        <ele>22.579017</ele>
        <time>2026-06-27T21:54:08.112Z</time>
      </trkpt>
      <trkpt lat="52.775545" lon="9.215796">
        <ele>22.257273</ele>
        <time>2026-06-27T21:54:26.874Z</time>
      </trkpt>
      <trkpt lat="52.775112" lon="9.216470">
        <ele>22.045826</ele>
        <time>2026-06-27T21:54:34.675Z</time>
      </trkpt>
      <trkpt lat="52.774770" lon="9.216707">
        <ele>21.784178</ele>
        <time>2026-06-27T21:54:39.548Z</time>
      </trkpt>
      <trkpt lat="52.774451" lon="9.216801">
        <ele>21.555555</ele>
        <time>2026-06-27T21:54:43.720Z</time>
      </trkpt>
      <trkpt lat="52.774175" lon="9.216860">
        <ele>21.359199</ele>
        <time>2026-06-27T21:54:47.171Z</time>
      </trkpt>
      <trkpt lat="52.774124" lon="9.216872">
        <ele>21.322852</ele>
        <time>2026-06-27T21:54:47.801Z</time>
      </trkpt>
      <trkpt lat="52.773181" lon="9.217056">
        <ele>20.740843</ele>
        <time>2026-06-27T21:54:59.695Z</time>
      </trkpt>
      <trkpt lat="52.773000" lon="9.217095">
        <ele>20.662012</ele>
        <time>2026-06-27T21:55:02.027Z</time>
      </trkpt>
      <trkpt lat="52.772682" lon="9.217191">
        <ele>20.522403</ele>
        <time>2026-06-27T21:55:06.206Z</time>
      </trkpt>
      <trkpt lat="52.772426" lon="9.217331">
        <ele>20.405949</ele>
        <time>2026-06-27T21:55:09.852Z</time>
      </trkpt>
      <trkpt lat="52.772160" lon="9.217522">
        <ele>20.280698</ele>
        <time>2026-06-27T21:55:13.995Z</time>
      </trkpt>
      <trkpt lat="52.771171" lon="9.218376">
        <ele>20.010736</ele>
        <time>2026-06-27T21:55:30.419Z</time>
      </trkpt>
      <trkpt lat="52.770372" lon="9.219064">
        <ele>19.892866</ele>
        <time>2026-06-27T21:55:43.655Z</time>
      </trkpt>
      <trkpt lat="52.769578" lon="9.219748">
        <ele>19.588446</ele>
        <time>2026-06-27T21:55:55.540Z</time>
      </trkpt>
      <trkpt lat="52.769132" lon="9.220131">
        <ele>19.388541</ele>
        <time>2026-06-27T21:56:02.402Z</time>
      </trkpt>
      <trkpt lat="52.768348" lon="9.220758">
        <ele>19.147827</ele>
        <time>2026-06-27T21:56:14.008Z</time>
      </trkpt>
      <trkpt lat="52.768009" lon="9.220944">
        <ele>19.142265</ele>
        <time>2026-06-27T21:56:19.056Z</time>
      </trkpt>
      <trkpt lat="52.766982" lon="9.221247">
        <ele>19.126020</ele>
        <time>2026-06-27T21:56:34.735Z</time>
      </trkpt>
      <trkpt lat="52.765349" lon="9.221670">
        <ele>19.880078</ele>
        <time>2026-06-27T21:57:02.416Z</time>
      </trkpt>
      <trkpt lat="52.763802" lon="9.222071">
        <ele>21.060877</ele>
        <time>2026-06-27T21:57:30.233Z</time>
      </trkpt>
      <trkpt lat="52.762991" lon="9.222313">
        <ele>21.755819</ele>
        <time>2026-06-27T21:57:45.986Z</time>
      </trkpt>
      <trkpt lat="52.762108" lon="9.222627">
        <ele>22.567063</ele>
        <time>2026-06-27T21:58:03.249Z</time>
      </trkpt>
      <trkpt lat="52.761961" lon="9.222679">
        <ele>22.702086</ele>
        <time>2026-06-27T21:58:05.905Z</time>
      </trkpt>
      <trkpt lat="52.761675" lon="9.222783">
        <ele>22.965110</ele>
        <time>2026-06-27T21:58:10.881Z</time>
      </trkpt>
      <trkpt lat="52.761071" lon="9.222999">
        <ele>23.250007</ele>
        <time>2026-06-27T21:58:21.102Z</time>
      </trkpt>
      <trkpt lat="52.760713" lon="9.223128">
        <ele>23.376991</ele>
        <time>2026-06-27T21:58:27.180Z</time>
      </trkpt>
      <trkpt lat="52.760571" lon="9.222185">
        <ele>23.580787</ele>
        <time>2026-06-27T21:58:36.741Z</time>
      </trkpt>
      <trkpt lat="52.760508" lon="9.221968">
        <ele>23.631262</ele>
        <time>2026-06-27T21:58:39.140Z</time>
      </trkpt>
      <trkpt lat="52.760367" lon="9.221754">
        <ele>23.697610</ele>
        <time>2026-06-27T21:58:42.328Z</time>
      </trkpt>
      <trkpt lat="52.759511" lon="9.221075">
        <ele>22.574447</ele>
        <time>2026-06-27T21:58:55.824Z</time>
      </trkpt>
      <trkpt lat="52.759356" lon="9.220877">
        <ele>22.337135</ele>
        <time>2026-06-27T21:58:58.083Z</time>
      </trkpt>
      <trkpt lat="52.758963" lon="9.220202">
        <ele>21.650516</ele>
        <time>2026-06-27T21:59:04.055Z</time>
      </trkpt>
      <trkpt lat="52.758882" lon="9.220015">
        <ele>21.466255</ele>
        <time>2026-06-27T21:59:05.480Z</time>
      </trkpt>
      <trkpt lat="52.758763" lon="9.219825">
        <ele>21.192641</ele>
        <time>2026-06-27T21:59:07.170Z</time>
      </trkpt>
      <trkpt lat="52.758603" lon="9.219620">
        <ele>20.857868</ele>
        <time>2026-06-27T21:59:09.237Z</time>
      </trkpt>
      <trkpt lat="52.758437" lon="9.219488">
        <ele>20.553258</ele>
        <time>2026-06-27T21:59:11.125Z</time>
      </trkpt>
      <trkpt lat="52.758133" lon="9.219276">
        <ele>20.007660</ele>
        <time>2026-06-27T21:59:14.575Z</time>
      </trkpt>
      <trkpt lat="52.758010" lon="9.219149">
        <ele>19.767838</ele>
        <time>2026-06-27T21:59:16.122Z</time>
      </trkpt>
      <trkpt lat="52.754436" lon="9.215276">
        <ele>18.284035</ele>
        <time>2026-06-27T22:00:17.915Z</time>
      </trkpt>
      <trkpt lat="52.754046" lon="9.214717">
        <ele>18.358412</ele>
        <time>2026-06-27T22:00:26.146Z</time>
      </trkpt>
      <trkpt lat="52.753999" lon="9.214637">
        <ele>18.369789</ele>
        <time>2026-06-27T22:00:27.235Z</time>
      </trkpt>
      <trkpt lat="52.753849" lon="9.214366">
        <ele>18.407261</ele>
        <time>2026-06-27T22:00:30.749Z</time>
      </trkpt>
      <trkpt lat="52.753579" lon="9.213705">
        <ele>18.488633</ele>
        <time>2026-06-27T22:00:38.402Z</time>
      </trkpt>
      <trkpt lat="52.752475" lon="9.209745">
        <ele>18.850981</ele>
        <time>2026-06-27T22:01:18.768Z</time>
      </trkpt>
      <trkpt lat="52.751462" lon="9.206052">
        <ele>18.930994</ele>
        <time>2026-06-27T22:01:55.273Z</time>
      </trkpt>
      <trkpt lat="52.751327" lon="9.205352">
        <ele>18.945871</ele>
        <time>2026-06-27T22:02:02.031Z</time>
      </trkpt>
      <trkpt lat="52.751267" lon="9.204710">
        <ele>18.959025</ele>
        <time>2026-06-27T22:02:08.026Z</time>
      </trkpt>
      <trkpt lat="52.751260" lon="9.204312">
        <ele>18.958569</ele>
        <time>2026-06-27T22:02:11.681Z</time>
      </trkpt>
      <trkpt lat="52.751427" lon="9.196048">
        <ele>18.875479</ele>
        <time>2026-06-27T22:03:25.671Z</time>
      </trkpt>
      <trkpt lat="52.751516" lon="9.195106">
        <ele>18.574386</ele>
        <time>2026-06-27T22:03:34.081Z</time>
      </trkpt>
      <trkpt lat="52.751623" lon="9.194616">
        <ele>18.337798</ele>
        <time>2026-06-27T22:03:38.330Z</time>
      </trkpt>
      <trkpt lat="52.751880" lon="9.193657">
        <ele>17.861458</ele>
        <time>2026-06-27T22:03:45.787Z</time>
      </trkpt>
      <trkpt lat="52.751683" lon="9.193544">
        <ele>17.704979</ele>
        <time>2026-06-27T22:03:48.093Z</time>
      </trkpt>
      <trkpt lat="52.751373" lon="9.193269">
        <ele>17.599284</ele>
        <time>2026-06-27T22:03:54.115Z</time>
      </trkpt>
      <trkpt lat="52.750902" lon="9.192626">
        <ele>18.066895</ele>
        <time>2026-06-27T22:04:06.616Z</time>
      </trkpt>
      <trkpt lat="52.750379" lon="9.192004">
        <ele>18.560084</ele>
        <time>2026-06-27T22:04:15.580Z</time>
      </trkpt>
      <trkpt lat="52.750270" lon="9.191883">
        <ele>18.660588</ele>
        <time>2026-06-27T22:04:18.451Z</time>
      </trkpt>
      <trkpt lat="52.750245" lon="9.191764">
        <ele>18.718940</ele>
        <time>2026-06-27T22:04:20.274Z</time>
      </trkpt>
      <trkpt lat="52.750440" lon="9.191055">
        <ele>19.242666</ele>
        <time>2026-06-27T22:04:32.199Z</time>
      </trkpt>
      <trkpt lat="52.750463" lon="9.190901">
        <ele>19.381294</ele>
        <time>2026-06-27T22:04:34.540Z</time>
      </trkpt>
      <trkpt lat="52.750437" lon="9.190738">
        <ele>19.528615</ele>
        <time>2026-06-27T22:04:36.923Z</time>
      </trkpt>
      <trkpt lat="52.750310" lon="9.190453">
        <ele>19.837917</ele>
        <time>2026-06-27T22:04:41.649Z</time>
      </trkpt>
      <trkpt lat="52.750261" lon="9.190237">
        <ele>20.039518</ele>
        <time>2026-06-27T22:04:44.477Z</time>
      </trkpt>
      <trkpt lat="52.749922" lon="9.189730">
        <ele>20.699771</ele>
        <time>2026-06-27T22:04:53.280Z</time>
      </trkpt>
      <trkpt lat="52.748973" lon="9.187962">
        <ele>22.052968</ele>
        <time>2026-06-27T22:05:19.538Z</time>
      </trkpt>
      <trkpt lat="52.748725" lon="9.187299">
        <ele>22.352853</ele>
        <time>2026-06-27T22:05:27.654Z</time>
      </trkpt>
      <trkpt lat="52.748638" lon="9.186996">
        <ele>22.481892</ele>
        <time>2026-06-27T22:05:31.019Z</time>
      </trkpt>
      <trkpt lat="52.748465" lon="9.186397">
        <ele>22.641827</ele>
        <time>2026-06-27T22:05:37.500Z</time>
      </trkpt>
      <trkpt lat="52.748039" lon="9.184641">
        <ele>22.681856</ele>
        <time>2026-06-27T22:05:54.132Z</time>
      </trkpt>
      <trkpt lat="52.748035" lon="9.184140">
        <ele>22.692457</ele>
        <time>2026-06-27T22:05:58.471Z</time>
      </trkpt>
      <trkpt lat="52.748078" lon="9.183817">
        <ele>22.701188</ele>
        <time>2026-06-27T22:06:01.451Z</time>
      </trkpt>
      <trkpt lat="52.748036" lon="9.183340">
        <ele>22.768550</ele>
        <time>2026-06-27T22:06:05.977Z</time>
      </trkpt>
      <trkpt lat="52.747912" lon="9.182626">
        <ele>22.872358</ele>
        <time>2026-06-27T22:06:13.092Z</time>
      </trkpt>
      <trkpt lat="52.747717" lon="9.181687">
        <ele>23.011092</ele>
        <time>2026-06-27T22:06:22.721Z</time>
      </trkpt>
      <trkpt lat="52.747524" lon="9.181283">
        <ele>23.083017</ele>
        <time>2026-06-27T22:06:27.971Z</time>
      </trkpt>
      <trkpt lat="52.747109" lon="9.181665">
        <ele>22.931059</ele>
        <time>2026-06-27T22:06:35.612Z</time>
      </trkpt>
      <trkpt lat="52.746954" lon="9.181781">
        <ele>22.839068</ele>
        <time>2026-06-27T22:06:38.168Z</time>
      </trkpt>
      <trkpt lat="52.746748" lon="9.181870">
        <ele>22.723957</ele>
        <time>2026-06-27T22:06:41.149Z</time>
      </trkpt>
      <trkpt lat="52.746309" lon="9.181999">
        <ele>22.482906</ele>
        <time>2026-06-27T22:06:46.876Z</time>
      </trkpt>
      <trkpt lat="52.745900" lon="9.182119">
        <ele>22.258339</ele>
        <time>2026-06-27T22:06:51.960Z</time>
      </trkpt>
      <trkpt lat="52.744413" lon="9.182628">
        <ele>20.784486</ele>
        <time>2026-06-27T22:07:09.636Z</time>
      </trkpt>
      <trkpt lat="52.743566" lon="9.182926">
        <ele>20.296862</ele>
        <time>2026-06-27T22:07:21.112Z</time>
      </trkpt>
      <trkpt lat="52.742032" lon="9.183465">
        <ele>20.465253</ele>
        <time>2026-06-27T22:07:46.302Z</time>
      </trkpt>
      <trkpt lat="52.740305" lon="9.184052">
        <ele>21.193737</ele>
        <time>2026-06-27T22:08:15.875Z</time>
      </trkpt>
      <trkpt lat="52.737584" lon="9.184976">
        <ele>21.522818</ele>
        <time>2026-06-27T22:08:58.385Z</time>
      </trkpt>
      <trkpt lat="52.737034" lon="9.185156">
        <ele>21.543460</ele>
        <time>2026-06-27T22:09:06.448Z</time>
      </trkpt>
      <trkpt lat="52.736728" lon="9.185260">
        <ele>21.559184</ele>
        <time>2026-06-27T22:09:10.987Z</time>
      </trkpt>
      <trkpt lat="52.736137" lon="9.185471">
        <ele>21.597527</ele>
        <time>2026-06-27T22:09:19.828Z</time>
      </trkpt>
      <trkpt lat="52.736031" lon="9.185512">
        <ele>21.604431</ele>
        <time>2026-06-27T22:09:21.422Z</time>
      </trkpt>
      <trkpt lat="52.735914" lon="9.185553">
        <ele>21.612016</ele>
        <time>2026-06-27T22:09:23.190Z</time>
      </trkpt>
      <trkpt lat="52.735816" lon="9.185587">
        <ele>21.618366</ele>
        <time>2026-06-27T22:09:24.686Z</time>
      </trkpt>
      <trkpt lat="52.733666" lon="9.186332">
        <ele>21.995264</ele>
        <time>2026-06-27T22:09:59.144Z</time>
      </trkpt>
      <trkpt lat="52.731361" lon="9.187130">
        <ele>22.623952</ele>
        <time>2026-06-27T22:10:36.114Z</time>
      </trkpt>
      <trkpt lat="52.731077" lon="9.187225">
        <ele>22.799414</ele>
        <time>2026-06-27T22:10:40.912Z</time>
      </trkpt>
      <trkpt lat="52.731026" lon="9.187248">
        <ele>22.831426</ele>
        <time>2026-06-27T22:10:42.078Z</time>
      </trkpt>
      <trkpt lat="52.730705" lon="9.187438">
        <ele>23.037909</ele>
        <time>2026-06-27T22:10:49.827Z</time>
      </trkpt>
      <trkpt lat="52.730485" lon="9.187669">
        <ele>23.195773</ele>
        <time>2026-06-27T22:10:55.794Z</time>
      </trkpt>
      <trkpt lat="52.730460" lon="9.187697">
        <ele>23.214065</ele>
        <time>2026-06-27T22:10:56.484Z</time>
      </trkpt>
      <trkpt lat="52.730139" lon="9.188033">
        <ele>23.444197</ele>
        <time>2026-06-27T22:11:05.260Z</time>
      </trkpt>
      <trkpt lat="52.729866" lon="9.188266">
        <ele>23.632198</ele>
        <time>2026-06-27T22:11:12.551Z</time>
      </trkpt>
      <trkpt lat="52.729545" lon="9.188433">
        <ele>23.841792</ele>
        <time>2026-06-27T22:11:20.919Z</time>
      </trkpt>
      <trkpt lat="52.729007" lon="9.188517">
        <ele>24.178333</ele>
        <time>2026-06-27T22:11:34.269Z</time>
      </trkpt>
      <trkpt lat="52.728541" lon="9.188606">
        <ele>24.470476</ele>
        <time>2026-06-27T22:11:44.512Z</time>
      </trkpt>
      <trkpt lat="52.728381" lon="9.188678">
        <ele>24.573751</ele>
        <time>2026-06-27T22:11:47.922Z</time>
      </trkpt>
      <trkpt lat="52.727841" lon="9.189089">
        <ele>24.506211</ele>
        <time>2026-06-27T22:11:59.661Z</time>
      </trkpt>
      <trkpt lat="52.727642" lon="9.189200">
        <ele>24.417610</ele>
        <time>2026-06-27T22:12:03.592Z</time>
      </trkpt>
      <trkpt lat="52.727231" lon="9.189342">
        <ele>24.240491</ele>
        <time>2026-06-27T22:12:11.163Z</time>
      </trkpt>
      <trkpt lat="52.726714" lon="9.189528">
        <ele>24.017297</ele>
        <time>2026-06-27T22:12:20.812Z</time>
      </trkpt>
      <trkpt lat="52.726447" lon="9.189630">
        <ele>23.903308</ele>
        <time>2026-06-27T22:12:25.799Z</time>
      </trkpt>
      <trkpt lat="52.726298" lon="9.189676">
        <ele>23.843918</ele>
        <time>2026-06-27T22:12:27.830Z</time>
      </trkpt>
      <trkpt lat="52.726131" lon="9.189714">
        <ele>23.777869</ele>
        <time>2026-06-27T22:12:30.166Z</time>
      </trkpt>
      <trkpt lat="52.725983" lon="9.189731">
        <ele>23.719742</ele>
        <time>2026-06-27T22:12:32.264Z</time>
      </trkpt>
      <trkpt lat="52.725880" lon="9.189739">
        <ele>23.679342</ele>
        <time>2026-06-27T22:12:33.730Z</time>
      </trkpt>
      <trkpt lat="52.725539" lon="9.189661">
        <ele>23.544461</ele>
        <time>2026-06-27T22:12:38.506Z</time>
      </trkpt>
      <trkpt lat="52.725436" lon="9.189609">
        <ele>23.502262</ele>
        <time>2026-06-27T22:12:39.982Z</time>
      </trkpt>
      <trkpt lat="52.725160" lon="9.189432">
        <ele>23.386254</ele>
        <time>2026-06-27T22:12:43.937Z</time>
      </trkpt>
      <trkpt lat="52.724884" lon="9.189255">
        <ele>23.270247</ele>
        <time>2026-06-27T22:12:47.808Z</time>
      </trkpt>
      <trkpt lat="52.724184" lon="9.188774">
        <ele>23.127921</ele>
        <time>2026-06-27T22:12:58.330Z</time>
      </trkpt>
      <trkpt lat="52.723502" lon="9.188313">
        <ele>23.020489</ele>
        <time>2026-06-27T22:13:08.906Z</time>
      </trkpt>
      <trkpt lat="52.722674" lon="9.187754">
        <ele>23.004477</ele>
        <time>2026-06-27T22:13:22.384Z</time>
      </trkpt>
      <trkpt lat="52.722522" lon="9.187647">
        <ele>23.021320</ele>
        <time>2026-06-27T22:13:24.884Z</time>
      </trkpt>
      <trkpt lat="52.722539" lon="9.187579">
        <ele>23.025861</ele>
        <time>2026-06-27T22:13:29.855Z</time>
      </trkpt>
      <trkpt lat="52.722363" lon="9.187461">
        <ele>23.045224</ele>
        <time>2026-06-27T22:13:32.717Z</time>
      </trkpt>
      <trkpt lat="52.722347" lon="9.187529">
        <ele>23.049728</ele>
        <time>2026-06-27T22:13:37.647Z</time>
      </trkpt>
      <trkpt lat="52.721898" lon="9.187228">
        <ele>23.099124</ele>
        <time>2026-06-27T22:13:45.044Z</time>
      </trkpt>
      <trkpt lat="52.721287" lon="9.186818">
        <ele>23.223730</ele>
        <time>2026-06-27T22:13:55.213Z</time>
      </trkpt>
      <trkpt lat="52.721070" lon="9.186672">
        <ele>23.301131</ele>
        <time>2026-06-27T22:13:58.771Z</time>
      </trkpt>
      <trkpt lat="52.720853" lon="9.186525">
        <ele>23.378608</ele>
        <time>2026-06-27T22:14:02.307Z</time>
      </trkpt>
      <trkpt lat="52.720724" lon="9.186437">
        <ele>23.424712</ele>
        <time>2026-06-27T22:14:04.461Z</time>
      </trkpt>
      <trkpt lat="52.720132" lon="9.186038">
        <ele>23.635924</ele>
        <time>2026-06-27T22:14:15.040Z</time>
      </trkpt>
      <trkpt lat="52.719916" lon="9.185893">
        <ele>23.712944</ele>
        <time>2026-06-27T22:14:19.102Z</time>
      </trkpt>
      <trkpt lat="52.719438" lon="9.185570">
        <ele>23.967846</ele>
        <time>2026-06-27T22:14:27.991Z</time>
      </trkpt>
      <trkpt lat="52.718841" lon="9.185165">
        <ele>24.301911</ele>
        <time>2026-06-27T22:14:39.603Z</time>
      </trkpt>
      <trkpt lat="52.718417" lon="9.184902">
        <ele>24.536343</ele>
        <time>2026-06-27T22:14:49.818Z</time>
      </trkpt>
      <trkpt lat="52.718288" lon="9.184846">
        <ele>24.605381</ele>
        <time>2026-06-27T22:14:52.621Z</time>
      </trkpt>
      <trkpt lat="52.718120" lon="9.184801">
        <ele>24.643871</ele>
        <time>2026-06-27T22:14:56.123Z</time>
      </trkpt>
      <trkpt lat="52.717916" lon="9.184765">
        <ele>24.559737</ele>
        <time>2026-06-27T22:15:00.240Z</time>
      </trkpt>
      <trkpt lat="52.717714" lon="9.184730">
        <ele>24.476446</ele>
        <time>2026-06-27T22:15:04.159Z</time>
      </trkpt>
      <trkpt lat="52.717600" lon="9.184705">
        <ele>24.429286</ele>
        <time>2026-06-27T22:15:06.389Z</time>
      </trkpt>
      <trkpt lat="52.717291" lon="9.184588">
        <ele>24.299280</ele>
        <time>2026-06-27T22:15:12.446Z</time>
      </trkpt>
      <trkpt lat="52.716994" lon="9.184397">
        <ele>24.168570</ele>
        <time>2026-06-27T22:15:18.408Z</time>
      </trkpt>
      <trkpt lat="52.716777" lon="9.184255">
        <ele>24.072846</ele>
        <time>2026-06-27T22:15:22.486Z</time>
      </trkpt>
      <trkpt lat="52.716558" lon="9.184112">
        <ele>23.976268</ele>
        <time>2026-06-27T22:15:26.562Z</time>
      </trkpt>
      <trkpt lat="52.716580" lon="9.184014">
        <ele>23.950306</ele>
        <time>2026-06-27T22:15:27.328Z</time>
      </trkpt>
      <trkpt lat="52.716386" lon="9.183880">
        <ele>23.820593</ele>
        <time>2026-06-27T22:15:29.957Z</time>
      </trkpt>
      <trkpt lat="52.716208" lon="9.183778">
        <ele>23.690954</ele>
        <time>2026-06-27T22:15:32.370Z</time>
      </trkpt>
      <trkpt lat="52.716025" lon="9.183681">
        <ele>23.558712</ele>
        <time>2026-06-27T22:15:34.830Z</time>
      </trkpt>
      <trkpt lat="52.715624" lon="9.183507">
        <ele>23.273437</ele>
        <time>2026-06-27T22:15:40.200Z</time>
      </trkpt>
      <trkpt lat="52.714528" lon="9.183132">
        <ele>22.583728</ele>
        <time>2026-06-27T22:15:54.698Z</time>
      </trkpt>
      <trkpt lat="52.714301" lon="9.183035">
        <ele>22.491636</ele>
        <time>2026-06-27T22:15:57.822Z</time>
      </trkpt>
      <trkpt lat="52.714083" lon="9.182931">
        <ele>22.402513</ele>
        <time>2026-06-27T22:16:00.802Z</time>
      </trkpt>
      <trkpt lat="52.713578" lon="9.182588">
        <ele>22.188044</ele>
        <time>2026-06-27T22:16:08.085Z</time>
      </trkpt>
      <trkpt lat="52.713301" lon="9.182337">
        <ele>22.063940</ele>
        <time>2026-06-27T22:16:12.321Z</time>
      </trkpt>
      <trkpt lat="52.712431" lon="9.181334">
        <ele>22.393537</ele>
        <time>2026-06-27T22:16:28.506Z</time>
      </trkpt>
      <trkpt lat="52.712051" lon="9.181020">
        <ele>22.596171</ele>
        <time>2026-06-27T22:16:36.258Z</time>
      </trkpt>
      <trkpt lat="52.711704" lon="9.180827">
        <ele>22.770774</ele>
        <time>2026-06-27T22:16:43.343Z</time>
      </trkpt>
      <trkpt lat="52.710863" lon="9.180543">
        <ele>23.088792</ele>
        <time>2026-06-27T22:16:58.465Z</time>
      </trkpt>
      <trkpt lat="52.710779" lon="9.180516">
        <ele>23.118580</ele>
        <time>2026-06-27T22:17:00.242Z</time>
      </trkpt>
      <trkpt lat="52.710678" lon="9.180484">
        <ele>23.154379</ele>
        <time>2026-06-27T22:17:02.456Z</time>
      </trkpt>
      <trkpt lat="52.710558" lon="9.180447">
        <ele>23.196872</ele>
        <time>2026-06-27T22:17:05.037Z</time>
      </trkpt>
      <trkpt lat="52.710444" lon="9.180411">
        <ele>23.237274</ele>
        <time>2026-06-27T22:17:07.474Z</time>
      </trkpt>
      <trkpt lat="52.710317" lon="9.180371">
        <ele>23.282279</ele>
        <time>2026-06-27T22:17:10.164Z</time>
      </trkpt>
      <trkpt lat="52.710306" lon="9.180465">
        <ele>23.302469</ele>
        <time>2026-06-27T22:17:11.382Z</time>
      </trkpt>
      <trkpt lat="52.710082" lon="9.180390">
        <ele>23.382029</ele>
        <time>2026-06-27T22:17:14.782Z</time>
      </trkpt>
      <trkpt lat="52.709790" lon="9.180292">
        <ele>23.468298</ele>
        <time>2026-06-27T22:17:19.074Z</time>
      </trkpt>
      <trkpt lat="52.709137" lon="9.180087">
        <ele>23.472042</ele>
        <time>2026-06-27T22:17:28.438Z</time>
      </trkpt>
      <trkpt lat="52.708661" lon="9.179938">
        <ele>23.474771</ele>
        <time>2026-06-27T22:17:35.937Z</time>
      </trkpt>
      <trkpt lat="52.708480" lon="9.179878">
        <ele>23.475811</ele>
        <time>2026-06-27T22:17:38.908Z</time>
      </trkpt>
      <trkpt lat="52.707039" lon="9.179385">
        <ele>23.556098</ele>
        <time>2026-06-27T22:18:00.634Z</time>
      </trkpt>
      <trkpt lat="52.706386" lon="9.179093">
        <ele>23.605959</ele>
        <time>2026-06-27T22:18:10.918Z</time>
      </trkpt>
      <trkpt lat="52.705735" lon="9.178716">
        <ele>23.763931</ele>
        <time>2026-06-27T22:18:22.131Z</time>
      </trkpt>
      <trkpt lat="52.705235" lon="9.178318">
        <ele>23.899903</ele>
        <time>2026-06-27T22:18:31.250Z</time>
      </trkpt>
      <trkpt lat="52.704861" lon="9.177972">
        <ele>24.004923</ele>
        <time>2026-06-27T22:18:37.889Z</time>
      </trkpt>
      <trkpt lat="52.704335" lon="9.177351">
        <ele>24.022166</ele>
        <time>2026-06-27T22:18:47.425Z</time>
      </trkpt>
      <trkpt lat="52.704028" lon="9.176907">
        <ele>23.996203</ele>
        <time>2026-06-27T22:18:53.218Z</time>
      </trkpt>
      <trkpt lat="52.703218" lon="9.175558">
        <ele>23.992482</ele>
        <time>2026-06-27T22:19:09.789Z</time>
      </trkpt>
      <trkpt lat="52.702897" lon="9.175023">
        <ele>24.108951</ele>
        <time>2026-06-27T22:19:16.793Z</time>
      </trkpt>
      <trkpt lat="52.702562" lon="9.174605">
        <ele>24.216168</ele>
        <time>2026-06-27T22:19:23.579Z</time>
      </trkpt>
      <trkpt lat="52.702148" lon="9.174252">
        <ele>24.335132</ele>
        <time>2026-06-27T22:19:31.312Z</time>
      </trkpt>
      <trkpt lat="52.702173" lon="9.174168">
        <ele>24.349610</ele>
        <time>2026-06-27T22:19:32.272Z</time>
      </trkpt>
      <trkpt lat="52.701825" lon="9.173935">
        <ele>24.427637</ele>
        <time>2026-06-27T22:19:38.737Z</time>
      </trkpt>
      <trkpt lat="52.701597" lon="9.173780">
        <ele>24.467863</ele>
        <time>2026-06-27T22:19:42.889Z</time>
      </trkpt>
      <trkpt lat="52.700950" lon="9.173369">
        <ele>24.580956</ele>
        <time>2026-06-27T22:19:53.882Z</time>
      </trkpt>
      <trkpt lat="52.700684" lon="9.173187">
        <ele>24.627930</ele>
        <time>2026-06-27T22:19:58.101Z</time>
      </trkpt>
      <trkpt lat="52.700338" lon="9.172949">
        <ele>24.689080</ele>
        <time>2026-06-27T22:20:03.419Z</time>
      </trkpt>
      <trkpt lat="52.699418" lon="9.172340">
        <ele>24.739531</ele>
        <time>2026-06-27T22:20:17.198Z</time>
      </trkpt>
      <trkpt lat="52.699399" lon="9.172437">
        <ele>24.742659</ele>
        <time>2026-06-27T22:20:18.100Z</time>
      </trkpt>
      <trkpt lat="52.698598" lon="9.171909">
        <ele>24.800900</ele>
        <time>2026-06-27T22:20:32.259Z</time>
      </trkpt>
      <trkpt lat="52.698390" lon="9.171772">
        <ele>24.840701</ele>
        <time>2026-06-27T22:20:35.989Z</time>
      </trkpt>
      <trkpt lat="52.698242" lon="9.171675">
        <ele>24.869002</ele>
        <time>2026-06-27T22:20:38.620Z</time>
      </trkpt>
      <trkpt lat="52.697922" lon="9.171464">
        <ele>24.930244</ele>
        <time>2026-06-27T22:20:44.224Z</time>
      </trkpt>
      <trkpt lat="52.697697" lon="9.171316">
        <ele>24.973291</ele>
        <time>2026-06-27T22:20:48.104Z</time>
      </trkpt>
      <trkpt lat="52.697418" lon="9.171155">
        <ele>25.025819</ele>
        <time>2026-06-27T22:20:52.651Z</time>
      </trkpt>
      <trkpt lat="52.697262" lon="9.171114">
        <ele>25.053893</ele>
        <time>2026-06-27T22:20:54.986Z</time>
      </trkpt>
      <trkpt lat="52.696715" lon="9.171121">
        <ele>25.042139</ele>
        <time>2026-06-27T22:21:02.628Z</time>
      </trkpt>
      <trkpt lat="52.696478" lon="9.171098">
        <ele>24.994052</ele>
        <time>2026-06-27T22:21:05.801Z</time>
      </trkpt>
      <trkpt lat="52.696316" lon="9.171043">
        <ele>24.960551</ele>
        <time>2026-06-27T22:21:08.016Z</time>
      </trkpt>
      <trkpt lat="52.695122" lon="9.170264">
        <ele>24.782576</ele>
        <time>2026-06-27T22:21:26.023Z</time>
      </trkpt>
      <trkpt lat="52.694231" lon="9.169683">
        <ele>25.038773</ele>
        <time>2026-06-27T22:21:41.890Z</time>
      </trkpt>
      <trkpt lat="52.693863" lon="9.169380">
        <ele>25.148753</ele>
        <time>2026-06-27T22:21:48.684Z</time>
      </trkpt>
      <trkpt lat="52.693123" lon="9.168702">
        <ele>25.190091</ele>
        <time>2026-06-27T22:22:01.826Z</time>
      </trkpt>
      <trkpt lat="52.692627" lon="9.168247">
        <ele>25.164432</ele>
        <time>2026-06-27T22:22:09.791Z</time>
      </trkpt>
      <trkpt lat="52.692566" lon="9.168190">
        <ele>25.161262</ele>
        <time>2026-06-27T22:22:10.779Z</time>
      </trkpt>
      <trkpt lat="52.692267" lon="9.167897">
        <ele>25.145539</ele>
        <time>2026-06-27T22:22:17.663Z</time>
      </trkpt>
      <trkpt lat="52.691524" lon="9.167212">
        <ele>25.435315</ele>
        <time>2026-06-27T22:22:34.263Z</time>
      </trkpt>
      <trkpt lat="52.690964" lon="9.166664">
        <ele>25.745313</ele>
        <time>2026-06-27T22:22:47.957Z</time>
      </trkpt>
      <trkpt lat="52.690986" lon="9.166601">
        <ele>25.766295</ele>
        <time>2026-06-27T22:22:48.725Z</time>
      </trkpt>
      <trkpt lat="52.690830" lon="9.166339">
        <ele>25.872283</ele>
        <time>2026-06-27T22:22:52.905Z</time>
      </trkpt>
      <trkpt lat="52.690644" lon="9.166231">
        <ele>25.966166</ele>
        <time>2026-06-27T22:22:56.810Z</time>
      </trkpt>
      <trkpt lat="52.690366" lon="9.165957">
        <ele>26.492779</ele>
        <time>2026-06-27T22:23:04.032Z</time>
      </trkpt>
      <trkpt lat="52.690044" lon="9.165641">
        <ele>27.188357</ele>
        <time>2026-06-27T22:23:13.011Z</time>
      </trkpt>
      <trkpt lat="52.689889" lon="9.165540">
        <ele>27.497756</ele>
        <time>2026-06-27T22:23:17.070Z</time>
      </trkpt>
      <trkpt lat="52.689858" lon="9.165611">
        <ele>27.596224</ele>
        <time>2026-06-27T22:23:18.305Z</time>
      </trkpt>
      <trkpt lat="52.689539" lon="9.165323">
        <ele>28.271344</ele>
        <time>2026-06-27T22:23:28.766Z</time>
      </trkpt>
      <trkpt lat="52.689064" lon="9.164876">
        <ele>29.286587</ele>
        <time>2026-06-27T22:23:43.983Z</time>
      </trkpt>
      <trkpt lat="52.688912" lon="9.164727">
        <ele>29.527881</ele>
        <time>2026-06-27T22:23:48.659Z</time>
      </trkpt>
      <trkpt lat="52.688670" lon="9.164491">
        <ele>29.889792</ele>
        <time>2026-06-27T22:23:55.840Z</time>
      </trkpt>
      <trkpt lat="52.688246" lon="9.163991">
        <ele>30.560762</ele>
        <time>2026-06-27T22:24:08.521Z</time>
      </trkpt>
      <trkpt lat="52.687599" lon="9.163015">
        <ele>31.687367</ele>
        <time>2026-06-27T22:24:30.573Z</time>
      </trkpt>
      <trkpt lat="52.686329" lon="9.161226">
        <ele>33.733310</ele>
        <time>2026-06-27T22:25:12.307Z</time>
      </trkpt>
      <trkpt lat="52.685672" lon="9.160394">
        <ele>34.887786</ele>
        <time>2026-06-27T22:25:33.483Z</time>
      </trkpt>
      <trkpt lat="52.685651" lon="9.160369">
        <ele>34.924453</ele>
        <time>2026-06-27T22:25:34.205Z</time>
      </trkpt>
      <trkpt lat="52.685245" lon="9.159942">
        <ele>35.606177</ele>
        <time>2026-06-27T22:25:47.361Z</time>
      </trkpt>
      <trkpt lat="52.684650" lon="9.159449">
        <ele>36.518118</ele>
        <time>2026-06-27T22:26:04.701Z</time>
      </trkpt>
      <trkpt lat="52.684598" lon="9.159409">
        <ele>36.582898</ele>
        <time>2026-06-27T22:26:06.175Z</time>
      </trkpt>
      <trkpt lat="52.683366" lon="9.158439">
        <ele>38.124220</ele>
        <time>2026-06-27T22:26:38.192Z</time>
      </trkpt>
      <trkpt lat="52.683059" lon="9.158194">
        <ele>38.589929</ele>
        <time>2026-06-27T22:26:46.792Z</time>
      </trkpt>
      <trkpt lat="52.682376" lon="9.157653">
        <ele>40.291099</ele>
        <time>2026-06-27T22:27:04.664Z</time>
      </trkpt>
      <trkpt lat="52.681939" lon="9.157362">
        <ele>41.349225</ele>
        <time>2026-06-27T22:27:17.345Z</time>
      </trkpt>
      <trkpt lat="52.680582" lon="9.156590">
        <ele>43.192585</ele>
        <time>2026-06-27T22:27:51.497Z</time>
      </trkpt>
      <trkpt lat="52.679849" lon="9.156155">
        <ele>43.795882</ele>
        <time>2026-06-27T22:28:01.946Z</time>
      </trkpt>
      <trkpt lat="52.679152" lon="9.155572">
        <ele>43.431587</ele>
        <time>2026-06-27T22:28:10.764Z</time>
      </trkpt>
      <trkpt lat="52.678473" lon="9.154957">
        <ele>42.958353</ele>
        <time>2026-06-27T22:28:20.510Z</time>
      </trkpt>
      <trkpt lat="52.677970" lon="9.154555">
        <ele>43.055654</ele>
        <time>2026-06-27T22:28:30.352Z</time>
      </trkpt>
      <trkpt lat="52.677688" lon="9.154391">
        <ele>43.431802</ele>
        <time>2026-06-27T22:28:36.468Z</time>
      </trkpt>
      <trkpt lat="52.677666" lon="9.154378">
        <ele>43.461200</ele>
        <time>2026-06-27T22:28:36.986Z</time>
      </trkpt>
      <trkpt lat="52.677370" lon="9.154278">
        <ele>43.841284</ele>
        <time>2026-06-27T22:28:43.859Z</time>
      </trkpt>
      <trkpt lat="52.676960" lon="9.154259">
        <ele>44.357247</ele>
        <time>2026-06-27T22:28:53.043Z</time>
      </trkpt>
      <trkpt lat="52.676633" lon="9.154324">
        <ele>44.771573</ele>
        <time>2026-06-27T22:29:00.021Z</time>
      </trkpt>
      <trkpt lat="52.676448" lon="9.154397">
        <ele>45.010861</ele>
        <time>2026-06-27T22:29:03.810Z</time>
      </trkpt>
      <trkpt lat="52.676388" lon="9.154423">
        <ele>44.993409</ele>
        <time>2026-06-27T22:29:05.004Z</time>
      </trkpt>
      <trkpt lat="52.676124" lon="9.154572">
        <ele>44.836400</ele>
        <time>2026-06-27T22:29:09.647Z</time>
      </trkpt>
      <trkpt lat="52.675953" lon="9.154668">
        <ele>44.734757</ele>
        <time>2026-06-27T22:29:12.386Z</time>
      </trkpt>
      <trkpt lat="52.675922" lon="9.154521">
        <ele>44.681658</ele>
        <time>2026-06-27T22:29:13.735Z</time>
      </trkpt>
      <trkpt lat="52.675691" lon="9.154695">
        <ele>44.538760</ele>
        <time>2026-06-27T22:29:17.199Z</time>
      </trkpt>
      <trkpt lat="52.675627" lon="9.154788">
        <ele>44.490764</ele>
        <time>2026-06-27T22:29:18.283Z</time>
      </trkpt>
      <trkpt lat="52.675427" lon="9.154913">
        <ele>44.370415</ele>
        <time>2026-06-27T22:29:20.868Z</time>
      </trkpt>
      <trkpt lat="52.675184" lon="9.155061">
        <ele>44.224654</ele>
        <time>2026-06-27T22:29:25.129Z</time>
      </trkpt>
      <trkpt lat="52.674797" lon="9.155295">
        <ele>43.907674</ele>
        <time>2026-06-27T22:29:31.879Z</time>
      </trkpt>
      <trkpt lat="52.674583" lon="9.155417">
        <ele>43.182147</ele>
        <time>2026-06-27T22:29:35.525Z</time>
      </trkpt>
      <trkpt lat="52.674587" lon="9.155510">
        <ele>43.001005</ele>
        <time>2026-06-27T22:29:36.409Z</time>
      </trkpt>
      <trkpt lat="52.674325" lon="9.155610">
        <ele>42.139295</ele>
        <time>2026-06-27T22:29:40.558Z</time>
      </trkpt>
      <trkpt lat="52.674181" lon="9.155634">
        <ele>41.675529</ele>
        <time>2026-06-27T22:29:42.769Z</time>
      </trkpt>
      <trkpt lat="52.673962" lon="9.155671">
        <ele>40.970120</ele>
        <time>2026-06-27T22:29:46.165Z</time>
      </trkpt>
      <trkpt lat="52.673642" lon="9.155762">
        <ele>39.929620</ele>
        <time>2026-06-27T22:29:50.907Z</time>
      </trkpt>
      <trkpt lat="52.673380" lon="9.155922">
        <ele>39.034391</ele>
        <time>2026-06-27T22:29:54.784Z</time>
      </trkpt>
      <trkpt lat="52.673058" lon="9.156201">
        <ele>37.682325</ele>
        <time>2026-06-27T22:29:59.620Z</time>
      </trkpt>
      <trkpt lat="52.672965" lon="9.156294">
        <ele>37.162101</ele>
        <time>2026-06-27T22:30:01.046Z</time>
      </trkpt>
      <trkpt lat="52.672438" lon="9.156745">
        <ele>34.322185</ele>
        <time>2026-06-27T22:30:08.818Z</time>
      </trkpt>
      <trkpt lat="52.672217" lon="9.156873">
        <ele>33.201806</ele>
        <time>2026-06-27T22:30:11.928Z</time>
      </trkpt>
      <trkpt lat="52.672169" lon="9.156894">
        <ele>32.964272</ele>
        <time>2026-06-27T22:30:12.607Z</time>
      </trkpt>
      <trkpt lat="52.671915" lon="9.156980">
        <ele>31.724004</ele>
        <time>2026-06-27T22:30:16.107Z</time>
      </trkpt>
      <trkpt lat="52.671684" lon="9.157053">
        <ele>30.598987</ele>
        <time>2026-06-27T22:30:19.375Z</time>
      </trkpt>
      <trkpt lat="52.671489" lon="9.157150">
        <ele>29.640406</ele>
        <time>2026-06-27T22:30:22.311Z</time>
      </trkpt>
      <trkpt lat="52.671134" lon="9.157410">
        <ele>29.273392</ele>
        <time>2026-06-27T22:30:28.401Z</time>
      </trkpt>
      <trkpt lat="52.671057" lon="9.157484">
        <ele>29.189185</ele>
        <time>2026-06-27T22:30:29.922Z</time>
      </trkpt>
      <trkpt lat="52.670916" lon="9.157615">
        <ele>29.036273</ele>
        <time>2026-06-27T22:30:32.921Z</time>
      </trkpt>
      <trkpt lat="52.670777" lon="9.157714">
        <ele>28.893213</ele>
        <time>2026-06-27T22:30:36.014Z</time>
      </trkpt>
      <trkpt lat="52.670559" lon="9.157741">
        <ele>28.686654</ele>
        <time>2026-06-27T22:30:40.367Z</time>
      </trkpt>
      <trkpt lat="52.670385" lon="9.157692">
        <ele>28.519870</ele>
        <time>2026-06-27T22:30:43.756Z</time>
      </trkpt>
      <trkpt lat="52.670216" lon="9.157594">
        <ele>28.350605</ele>
        <time>2026-06-27T22:30:47.175Z</time>
      </trkpt>
      <trkpt lat="52.669959" lon="9.157417">
        <ele>28.087451</ele>
        <time>2026-06-27T22:30:52.638Z</time>
      </trkpt>
      <trkpt lat="52.669761" lon="9.157234">
        <ele>27.932351</ele>
        <time>2026-06-27T22:30:57.243Z</time>
      </trkpt>
      <trkpt lat="52.669718" lon="9.157193">
        <ele>27.924213</ele>
        <time>2026-06-27T22:30:58.260Z</time>
      </trkpt>
      <trkpt lat="52.669359" lon="9.156864">
        <ele>27.856927</ele>
        <time>2026-06-27T22:31:06.487Z</time>
      </trkpt>
      <trkpt lat="52.669158" lon="9.156675">
        <ele>27.819021</ele>
        <time>2026-06-27T22:31:11.037Z</time>
      </trkpt>
      <trkpt lat="52.669082" lon="9.156614">
        <ele>27.805173</ele>
        <time>2026-06-27T22:31:12.695Z</time>
      </trkpt>
      <trkpt lat="52.668893" lon="9.156539">
        <ele>27.773326</ele>
        <time>2026-06-27T22:31:16.543Z</time>
      </trkpt>
      <trkpt lat="52.668711" lon="9.156539">
        <ele>27.743509</ele>
        <time>2026-06-27T22:31:20.150Z</time>
      </trkpt>
      <trkpt lat="52.668640" lon="9.156543">
        <ele>27.731871</ele>
        <time>2026-06-27T22:31:21.499Z</time>
      </trkpt>
      <trkpt lat="52.668558" lon="9.156544">
        <ele>27.718436</ele>
        <time>2026-06-27T22:31:23.084Z</time>
      </trkpt>
      <trkpt lat="52.668359" lon="9.156547">
        <ele>27.685833</ele>
        <time>2026-06-27T22:31:26.906Z</time>
      </trkpt>
      <trkpt lat="52.667937" lon="9.156462">
        <ele>27.560231</ele>
        <time>2026-06-27T22:31:35.327Z</time>
      </trkpt>
      <trkpt lat="52.667733" lon="9.156480">
        <ele>27.471604</ele>
        <time>2026-06-27T22:31:39.163Z</time>
      </trkpt>
      <trkpt lat="52.667648" lon="9.156514">
        <ele>27.433659</ele>
        <time>2026-06-27T22:31:40.776Z</time>
      </trkpt>
      <trkpt lat="52.667356" lon="9.156731">
        <ele>27.294711</ele>
        <time>2026-06-27T22:31:46.542Z</time>
      </trkpt>
      <trkpt lat="52.667212" lon="9.156838">
        <ele>27.226190</ele>
        <time>2026-06-27T22:31:49.415Z</time>
      </trkpt>
      <trkpt lat="52.667039" lon="9.156944">
        <ele>27.146124</ele>
        <time>2026-06-27T22:31:52.857Z</time>
      </trkpt>
      <trkpt lat="52.666817" lon="9.157040">
        <ele>27.046557</ele>
        <time>2026-06-27T22:31:57.181Z</time>
      </trkpt>
      <trkpt lat="52.666064" lon="9.157118">
        <ele>26.744089</ele>
        <time>2026-06-27T22:32:11.465Z</time>
      </trkpt>
      <trkpt lat="52.666000" lon="9.157124">
        <ele>26.720868</ele>
        <time>2026-06-27T22:32:12.671Z</time>
      </trkpt>
      <trkpt lat="52.665557" lon="9.157227">
        <ele>26.558805</ele>
        <time>2026-06-27T22:32:21.107Z</time>
      </trkpt>
      <trkpt lat="52.665470" lon="9.157257">
        <ele>26.526608</ele>
        <time>2026-06-27T22:32:22.811Z</time>
      </trkpt>
      <trkpt lat="52.665228" lon="9.157371">
        <ele>26.435437</ele>
        <time>2026-06-27T22:32:27.548Z</time>
      </trkpt>
      <trkpt lat="52.664845" lon="9.157559">
        <ele>26.290680</ele>
        <time>2026-06-27T22:32:35.101Z</time>
      </trkpt>
      <trkpt lat="52.664452" lon="9.157615">
        <ele>26.212311</ele>
        <time>2026-06-27T22:32:42.602Z</time>
      </trkpt>
      <trkpt lat="52.664445" lon="9.157165">
        <ele>26.203934</ele>
        <time>2026-06-27T22:32:46.400Z</time>
      </trkpt>
      <trkpt lat="52.664425" lon="9.156863">
        <ele>26.198281</ele>
        <time>2026-06-27T22:32:49.035Z</time>
      </trkpt>
      <trkpt lat="52.664438" lon="9.156674">
        <ele>26.194742</ele>
        <time>2026-06-27T22:32:50.712Z</time>
      </trkpt>
      <trkpt lat="52.664474" lon="9.156545">
        <ele>26.192099</ele>
        <time>2026-06-27T22:32:51.959Z</time>
      </trkpt>
      <trkpt lat="52.664438" lon="9.156674">
        <ele>26.189457</ele>
        <time>2026-06-27T22:32:53.240Z</time>
      </trkpt>
      <trkpt lat="52.664425" lon="9.156863">
        <ele>26.185917</ele>
        <time>2026-06-27T22:32:54.953Z</time>
      </trkpt>
      <trkpt lat="52.664445" lon="9.157165">
        <ele>26.180264</ele>
        <time>2026-06-27T22:32:57.740Z</time>
      </trkpt>
      <trkpt lat="52.664452" lon="9.157615">
        <ele>26.171887</ele>
        <time>2026-06-27T22:33:01.984Z</time>
      </trkpt>
      <trkpt lat="52.664086" lon="9.157542">
        <ele>26.151740</ele>
        <time>2026-06-27T22:33:07.842Z</time>
      </trkpt>
      <trkpt lat="52.663688" lon="9.157346">
        <ele>26.094293</ele>
        <time>2026-06-27T22:33:14.438Z</time>
      </trkpt>
      <trkpt lat="52.663577" lon="9.157290">
        <ele>26.078239</ele>
        <time>2026-06-27T22:33:16.250Z</time>
      </trkpt>
      <trkpt lat="52.663193" lon="9.157100">
        <ele>26.022792</ele>
        <time>2026-06-27T22:33:22.002Z</time>
      </trkpt>
      <trkpt lat="52.663171" lon="9.157090">
        <ele>26.019636</ele>
        <time>2026-06-27T22:33:22.308Z</time>
      </trkpt>
      <trkpt lat="52.663244" lon="9.156674">
        <ele>25.983311</ele>
        <time>2026-06-27T22:33:25.826Z</time>
      </trkpt>
      <trkpt lat="52.663171" lon="9.157090">
        <ele>25.946985</ele>
        <time>2026-06-27T22:33:29.351Z</time>
      </trkpt>
      <trkpt lat="52.662522" lon="9.156783">
        <ele>25.874672</ele>
        <time>2026-06-27T22:33:38.374Z</time>
      </trkpt>
      <trkpt lat="52.662435" lon="9.156740">
        <ele>25.866467</ele>
        <time>2026-06-27T22:33:39.618Z</time>
      </trkpt>
      <trkpt lat="52.661834" lon="9.156451">
        <ele>25.809916</ele>
        <time>2026-06-27T22:33:48.130Z</time>
      </trkpt>
      <trkpt lat="52.661539" lon="9.156266">
        <ele>25.781406</ele>
        <time>2026-06-27T22:33:52.796Z</time>
      </trkpt>
      <trkpt lat="52.661114" lon="9.155887">
        <ele>25.801464</ele>
        <time>2026-06-27T22:34:00.955Z</time>
      </trkpt>
      <trkpt lat="52.660857" lon="9.155682">
        <ele>25.892145</ele>
        <time>2026-06-27T22:34:06.236Z</time>
      </trkpt>
      <trkpt lat="52.660554" lon="9.155493">
        <ele>25.995043</ele>
        <time>2026-06-27T22:34:12.119Z</time>
      </trkpt>
      <trkpt lat="52.660417" lon="9.155429">
        <ele>26.040271</ele>
        <time>2026-06-27T22:34:14.530Z</time>
      </trkpt>
      <trkpt lat="52.660270" lon="9.155400">
        <ele>26.087295</ele>
        <time>2026-06-27T22:34:16.964Z</time>
      </trkpt>
      <trkpt lat="52.659939" lon="9.155388">
        <ele>26.192454</ele>
        <time>2026-06-27T22:34:21.996Z</time>
      </trkpt>
      <trkpt lat="52.659882" lon="9.155389">
        <ele>26.210560</ele>
        <time>2026-06-27T22:34:23.156Z</time>
      </trkpt>
      <trkpt lat="52.659682" lon="9.155368">
        <ele>26.274213</ele>
        <time>2026-06-27T22:34:27.186Z</time>
      </trkpt>
      <trkpt lat="52.659090" lon="9.155237">
        <ele>26.176990</ele>
        <time>2026-06-27T22:34:38.930Z</time>
      </trkpt>
      <trkpt lat="52.658878" lon="9.155195">
        <ele>26.106571</ele>
        <time>2026-06-27T22:34:42.844Z</time>
      </trkpt>
      <trkpt lat="52.657975" lon="9.155089">
        <ele>25.808013</ele>
        <time>2026-06-27T22:34:59.291Z</time>
      </trkpt>
      <trkpt lat="52.657904" lon="9.155178">
        <ele>25.778598</ele>
        <time>2026-06-27T22:35:00.637Z</time>
      </trkpt>
      <trkpt lat="52.657576" lon="9.155146">
        <ele>25.721438</ele>
        <time>2026-06-27T22:35:05.704Z</time>
      </trkpt>
      <trkpt lat="52.657463" lon="9.155129">
        <ele>25.716089</ele>
        <time>2026-06-27T22:35:08.093Z</time>
      </trkpt>
      <trkpt lat="52.657307" lon="9.155113">
        <ele>25.708721</ele>
        <time>2026-06-27T22:35:11.360Z</time>
      </trkpt>
      <trkpt lat="52.657079" lon="9.155082">
        <ele>25.697936</ele>
        <time>2026-06-27T22:35:14.833Z</time>
      </trkpt>
      <trkpt lat="52.656767" lon="9.154960">
        <ele>25.682821</ele>
        <time>2026-06-27T22:35:19.548Z</time>
      </trkpt>
      <trkpt lat="52.656195" lon="9.154553">
        <ele>25.653452</ele>
        <time>2026-06-27T22:35:28.742Z</time>
      </trkpt>
      <trkpt lat="52.655823" lon="9.154278">
        <ele>25.632926</ele>
        <time>2026-06-27T22:35:34.559Z</time>
      </trkpt>
      <trkpt lat="52.655839" lon="9.154185">
        <ele>25.629832</ele>
        <time>2026-06-27T22:35:35.704Z</time>
      </trkpt>
      <trkpt lat="52.655605" lon="9.154036">
        <ele>25.616595</ele>
        <time>2026-06-27T22:35:39.226Z</time>
      </trkpt>
      <trkpt lat="52.655484" lon="9.153947">
        <ele>25.609603</ele>
        <time>2026-06-27T22:35:41.095Z</time>
      </trkpt>
      <trkpt lat="52.655076" lon="9.153677">
        <ele>25.586404</ele>
        <time>2026-06-27T22:35:47.203Z</time>
      </trkpt>
      <trkpt lat="52.654843" lon="9.153553">
        <ele>25.573484</ele>
        <time>2026-06-27T22:35:50.642Z</time>
      </trkpt>
      <trkpt lat="52.654790" lon="9.153795">
        <ele>25.565248</ele>
        <time>2026-06-27T22:35:52.971Z</time>
      </trkpt>
      <trkpt lat="52.654705" lon="9.153736">
        <ele>25.560382</ele>
        <time>2026-06-27T22:35:54.413Z</time>
      </trkpt>
      <trkpt lat="52.654587" lon="9.153569">
        <ele>25.552175</ele>
        <time>2026-06-27T22:35:56.890Z</time>
      </trkpt>
      <trkpt lat="52.654064" lon="9.153343">
        <ele>25.753009</ele>
        <time>2026-06-27T22:36:05.895Z</time>
      </trkpt>
      <trkpt lat="52.654082" lon="9.153227">
        <ele>25.782184</ele>
        <time>2026-06-27T22:36:07.130Z</time>
      </trkpt>
      <trkpt lat="52.653694" lon="9.153029">
        <ele>25.945327</ele>
        <time>2026-06-27T22:36:13.942Z</time>
      </trkpt>
      <trkpt lat="52.653308" lon="9.152760">
        <ele>26.113656</ele>
        <time>2026-06-27T22:36:20.911Z</time>
      </trkpt>
      <trkpt lat="52.653104" lon="9.152592">
        <ele>26.205253</ele>
        <time>2026-06-27T22:36:24.772Z</time>
      </trkpt>
      <trkpt lat="52.652892" lon="9.152401">
        <ele>26.288300</ele>
        <time>2026-06-27T22:36:28.861Z</time>
      </trkpt>
      <trkpt lat="52.652590" lon="9.152030">
        <ele>26.367964</ele>
        <time>2026-06-27T22:36:34.827Z</time>
      </trkpt>
      <trkpt lat="52.652189" lon="9.151374">
        <ele>26.487458</ele>
        <time>2026-06-27T22:36:43.269Z</time>
      </trkpt>
      <trkpt lat="52.652155" lon="9.151312">
        <ele>26.498182</ele>
        <time>2026-06-27T22:36:44.046Z</time>
      </trkpt>
      <trkpt lat="52.652053" lon="9.151112">
        <ele>26.531708</ele>
        <time>2026-06-27T22:36:46.477Z</time>
      </trkpt>
      <trkpt lat="52.651897" lon="9.150786">
        <ele>26.584986</ele>
        <time>2026-06-27T22:36:50.402Z</time>
      </trkpt>
      <trkpt lat="52.651731" lon="9.150467">
        <ele>26.638914</ele>
        <time>2026-06-27T22:36:54.425Z</time>
      </trkpt>
      <trkpt lat="52.651487" lon="9.150041">
        <ele>26.702750</ele>
        <time>2026-06-27T22:37:00.029Z</time>
      </trkpt>
      <trkpt lat="52.651027" lon="9.149395">
        <ele>26.806776</ele>
        <time>2026-06-27T22:37:09.658Z</time>
      </trkpt>
      <trkpt lat="52.650642" lon="9.148920">
        <ele>26.889558</ele>
        <time>2026-06-27T22:37:17.135Z</time>
      </trkpt>
      <trkpt lat="52.650255" lon="9.148526">
        <ele>26.965298</ele>
        <time>2026-06-27T22:37:23.841Z</time>
      </trkpt>
      <trkpt lat="52.650042" lon="9.148366">
        <ele>26.985251</ele>
        <time>2026-06-27T22:37:27.353Z</time>
      </trkpt>
      <trkpt lat="52.649910" lon="9.148268">
        <ele>26.997591</ele>
        <time>2026-06-27T22:37:29.517Z</time>
      </trkpt>
      <trkpt lat="52.649889" lon="9.148366">
        <ele>27.002966</ele>
        <time>2026-06-27T22:37:30.466Z</time>
      </trkpt>
      <trkpt lat="52.649658" lon="9.148246">
        <ele>27.023611</ele>
        <time>2026-06-27T22:37:34.019Z</time>
      </trkpt>
      <trkpt lat="52.649476" lon="9.148163">
        <ele>27.039708</ele>
        <time>2026-06-27T22:37:36.748Z</time>
      </trkpt>
      <trkpt lat="52.649102" lon="9.147990">
        <ele>27.072819</ele>
        <time>2026-06-27T22:37:42.371Z</time>
      </trkpt>
      <trkpt lat="52.649117" lon="9.147900">
        <ele>27.077646</ele>
        <time>2026-06-27T22:37:43.251Z</time>
      </trkpt>
      <trkpt lat="52.648402" lon="9.147566">
        <ele>27.205674</ele>
        <time>2026-06-27T22:37:55.518Z</time>
      </trkpt>
      <trkpt lat="52.648005" lon="9.147386">
        <ele>27.331975</ele>
        <time>2026-06-27T22:38:02.484Z</time>
      </trkpt>
      <trkpt lat="52.647913" lon="9.147338">
        <ele>27.361576</ele>
        <time>2026-06-27T22:38:04.062Z</time>
      </trkpt>
      <trkpt lat="52.647932" lon="9.147236">
        <ele>27.381433</ele>
        <time>2026-06-27T22:38:05.153Z</time>
      </trkpt>
      <trkpt lat="52.647897" lon="9.147142">
        <ele>27.401958</ele>
        <time>2026-06-27T22:38:06.245Z</time>
      </trkpt>
      <trkpt lat="52.647682" lon="9.147112">
        <ele>27.468144</ele>
        <time>2026-06-27T22:38:09.827Z</time>
      </trkpt>
      <trkpt lat="52.647616" lon="9.147140">
        <ele>27.489050</ele>
        <time>2026-06-27T22:38:10.936Z</time>
      </trkpt>
      <trkpt lat="52.647583" lon="9.147195">
        <ele>27.503445</ele>
        <time>2026-06-27T22:38:11.702Z</time>
      </trkpt>
      <trkpt lat="52.647491" lon="9.147158">
        <ele>27.532494</ele>
        <time>2026-06-27T22:38:13.264Z</time>
      </trkpt>
      <trkpt lat="52.647295" lon="9.147071">
        <ele>27.594758</ele>
        <time>2026-06-27T22:38:16.552Z</time>
      </trkpt>
      <trkpt lat="52.647022" lon="9.146996">
        <ele>27.663800</ele>
        <time>2026-06-27T22:38:20.801Z</time>
      </trkpt>
      <trkpt lat="52.646191" lon="9.146995">
        <ele>27.577021</ele>
        <time>2026-06-27T22:38:32.083Z</time>
      </trkpt>
      <trkpt lat="52.645894" lon="9.146947">
        <ele>27.545858</ele>
        <time>2026-06-27T22:38:36.217Z</time>
      </trkpt>
      <trkpt lat="52.645672" lon="9.146840">
        <ele>27.521704</ele>
        <time>2026-06-27T22:38:39.663Z</time>
      </trkpt>
      <trkpt lat="52.645257" lon="9.146540">
        <ele>27.503968</ele>
        <time>2026-06-27T22:38:46.457Z</time>
      </trkpt>
      <trkpt lat="52.645243" lon="9.146415">
        <ele>27.538328</ele>
        <time>2026-06-27T22:38:48.053Z</time>
      </trkpt>
      <trkpt lat="52.644799" lon="9.146123">
        <ele>27.751296</ele>
        <time>2026-06-27T22:38:58.211Z</time>
      </trkpt>
      <trkpt lat="52.644176" lon="9.145815">
        <ele>28.041061</ele>
        <time>2026-06-27T22:39:12.896Z</time>
      </trkpt>
      <trkpt lat="52.644143" lon="9.145892">
        <ele>28.066544</ele>
        <time>2026-06-27T22:39:14.225Z</time>
      </trkpt>
      <trkpt lat="52.644026" lon="9.145859">
        <ele>28.119425</ele>
        <time>2026-06-27T22:39:16.987Z</time>
      </trkpt>
      <trkpt lat="52.643863" lon="9.145833">
        <ele>28.192381</ele>
        <time>2026-06-27T22:39:19.778Z</time>
      </trkpt>
      <trkpt lat="52.643476" lon="9.145788">
        <ele>28.477133</ele>
        <time>2026-06-27T22:39:26.180Z</time>
      </trkpt>
      <trkpt lat="52.643341" lon="9.145674">
        <ele>28.634830</ele>
        <time>2026-06-27T22:39:28.766Z</time>
      </trkpt>
      <trkpt lat="52.643243" lon="9.145501">
        <ele>28.784124</ele>
        <time>2026-06-27T22:39:31.313Z</time>
      </trkpt>
      <trkpt lat="52.643208" lon="9.145371">
        <ele>28.873838</ele>
        <time>2026-06-27T22:39:32.869Z</time>
      </trkpt>
      <trkpt lat="52.643007" lon="9.143961">
        <ele>29.787491</ele>
        <time>2026-06-27T22:39:49.350Z</time>
      </trkpt>
      <trkpt lat="52.642839" lon="9.142881">
        <ele>31.211186</ele>
        <time>2026-06-27T22:40:03.227Z</time>
      </trkpt>
      <trkpt lat="52.642307" lon="9.140875">
        <ele>35.521407</ele>
        <time>2026-06-27T22:40:39.077Z</time>
      </trkpt>
      <trkpt lat="52.642254" lon="9.140712">
        <ele>35.885500</ele>
        <time>2026-06-27T22:40:43.101Z</time>
      </trkpt>
      <trkpt lat="52.642102" lon="9.140319">
        <ele>37.741476</ele>
        <time>2026-06-27T22:40:54.179Z</time>
      </trkpt>
      <trkpt lat="52.641550" lon="9.139159">
        <ele>43.982213</ele>
        <time>2026-06-27T22:41:35.478Z</time>
      </trkpt>
      <trkpt lat="52.641375" lon="9.138800">
        <ele>45.931691</ele>
        <time>2026-06-27T22:41:48.956Z</time>
      </trkpt>
      <trkpt lat="52.641202" lon="9.138522">
        <ele>47.617476</ele>
        <time>2026-06-27T22:42:00.196Z</time>
      </trkpt>
      <trkpt lat="52.640913" lon="9.138180">
        <ele>49.628224</ele>
        <time>2026-06-27T22:42:15.938Z</time>
      </trkpt>
      <trkpt lat="52.639697" lon="9.136883">
        <ele>56.687170</ele>
        <time>2026-06-27T22:43:05.303Z</time>
      </trkpt>
      <trkpt lat="52.639586" lon="9.136779">
        <ele>57.303062</ele>
        <time>2026-06-27T22:43:08.514Z</time>
      </trkpt>
      <trkpt lat="52.639384" lon="9.136691">
        <ele>57.535577</ele>
        <time>2026-06-27T22:43:13.451Z</time>
      </trkpt>
      <trkpt lat="52.639226" lon="9.136689">
        <ele>57.711410</ele>
        <time>2026-06-27T22:43:16.907Z</time>
      </trkpt>
      <trkpt lat="52.639083" lon="9.136735">
        <ele>57.873550</ele>
        <time>2026-06-27T22:43:19.897Z</time>
      </trkpt>
      <trkpt lat="52.638053" lon="9.137280">
        <ele>59.077411</ele>
        <time>2026-06-27T22:43:37.372Z</time>
      </trkpt>
      <trkpt lat="52.637781" lon="9.137343">
        <ele>59.381071</ele>
        <time>2026-06-27T22:43:41.678Z</time>
      </trkpt>
      <trkpt lat="52.637540" lon="9.137348">
        <ele>59.642583</ele>
        <time>2026-06-27T22:43:45.693Z</time>
      </trkpt>
      <trkpt lat="52.637139" lon="9.137247">
        <ele>60.082731</ele>
        <time>2026-06-27T22:43:53.029Z</time>
      </trkpt>
      <trkpt lat="52.636885" lon="9.137111">
        <ele>60.372511</ele>
        <time>2026-06-27T22:43:58.219Z</time>
      </trkpt>
      <trkpt lat="52.636437" lon="9.136734">
        <ele>60.918321</ele>
        <time>2026-06-27T22:44:08.718Z</time>
      </trkpt>
      <trkpt lat="52.636191" lon="9.136515">
        <ele>61.221700</ele>
        <time>2026-06-27T22:44:14.613Z</time>
      </trkpt>
      <trkpt lat="52.634608" lon="9.135033">
        <ele>64.024620</ele>
        <time>2026-06-27T22:44:52.957Z</time>
      </trkpt>
      <trkpt lat="52.634351" lon="9.134782">
        <ele>64.465018</ele>
        <time>2026-06-27T22:44:59.299Z</time>
      </trkpt>
      <trkpt lat="52.634047" lon="9.134401">
        <ele>65.027277</ele>
        <time>2026-06-27T22:45:07.503Z</time>
      </trkpt>
      <trkpt lat="52.633744" lon="9.133901">
        <ele>65.658549</ele>
        <time>2026-06-27T22:45:16.864Z</time>
      </trkpt>
      <trkpt lat="52.633418" lon="9.133292">
        <ele>66.384046</ele>
        <time>2026-06-27T22:45:27.084Z</time>
      </trkpt>
      <trkpt lat="52.633150" lon="9.132818">
        <ele>66.653322</ele>
        <time>2026-06-27T22:45:34.523Z</time>
      </trkpt>
      <trkpt lat="52.632956" lon="9.132572">
        <ele>66.612430</ele>
        <time>2026-06-27T22:45:38.793Z</time>
      </trkpt>
      <trkpt lat="52.632583" lon="9.132180">
        <ele>66.538528</ele>
        <time>2026-06-27T22:45:45.771Z</time>
      </trkpt>
      <trkpt lat="52.632006" lon="9.131594">
        <ele>66.425306</ele>
        <time>2026-06-27T22:45:54.584Z</time>
      </trkpt>
      <trkpt lat="52.631504" lon="9.131084">
        <ele>65.872663</ele>
        <time>2026-06-27T22:46:01.397Z</time>
      </trkpt>
      <trkpt lat="52.631458" lon="9.131044">
        <ele>65.795501</ele>
        <time>2026-06-27T22:46:01.980Z</time>
      </trkpt>
      <trkpt lat="52.631170" lon="9.130838">
        <ele>65.329729</ele>
        <time>2026-06-27T22:46:06.979Z</time>
      </trkpt>
      <trkpt lat="52.630169" lon="9.130142">
        <ele>63.717927</ele>
        <time>2026-06-27T22:46:24.588Z</time>
      </trkpt>
      <trkpt lat="52.629517" lon="9.129751">
        <ele>63.443209</ele>
        <time>2026-06-27T22:46:33.437Z</time>
      </trkpt>
      <trkpt lat="52.628737" lon="9.129342">
        <ele>63.120671</ele>
        <time>2026-06-27T22:46:45.197Z</time>
      </trkpt>
      <trkpt lat="52.628744" lon="9.129257">
        <ele>63.100156</ele>
        <time>2026-06-27T22:46:45.952Z</time>
      </trkpt>
      <trkpt lat="52.628503" lon="9.129130">
        <ele>63.010475</ele>
        <time>2026-06-27T22:46:49.955Z</time>
      </trkpt>
      <trkpt lat="52.628146" lon="9.128941">
        <ele>63.075718</ele>
        <time>2026-06-27T22:46:55.775Z</time>
      </trkpt>
      <trkpt lat="52.627745" lon="9.128728">
        <ele>63.149025</ele>
        <time>2026-06-27T22:47:02.234Z</time>
      </trkpt>
      <trkpt lat="52.627735" lon="9.128813">
        <ele>63.158169</ele>
        <time>2026-06-27T22:47:03.016Z</time>
      </trkpt>
      <trkpt lat="52.627074" lon="9.128448">
        <ele>63.279465</ele>
        <time>2026-06-27T22:47:13.901Z</time>
      </trkpt>
      <trkpt lat="52.626749" lon="9.128269">
        <ele>63.333902</ele>
        <time>2026-06-27T22:47:19.504Z</time>
      </trkpt>
      <trkpt lat="52.626324" lon="9.127928">
        <ele>63.393386</ele>
        <time>2026-06-27T22:47:26.871Z</time>
      </trkpt>
      <trkpt lat="52.625916" lon="9.127481">
        <ele>63.455041</ele>
        <time>2026-06-27T22:47:34.240Z</time>
      </trkpt>
      <trkpt lat="52.625407" lon="9.126756">
        <ele>63.539710</ele>
        <time>2026-06-27T22:47:44.399Z</time>
      </trkpt>
      <trkpt lat="52.625218" lon="9.126487">
        <ele>63.567610</ele>
        <time>2026-06-27T22:47:48.224Z</time>
      </trkpt>
      <trkpt lat="52.624763" lon="9.125810">
        <ele>63.633631</ele>
        <time>2026-06-27T22:47:57.620Z</time>
      </trkpt>
      <trkpt lat="52.624122" lon="9.124855">
        <ele>63.726697</ele>
        <time>2026-06-27T22:48:10.990Z</time>
      </trkpt>
      <trkpt lat="52.623066" lon="9.123399">
        <ele>63.614763</ele>
        <time>2026-06-27T22:48:31.093Z</time>
      </trkpt>
      <trkpt lat="52.622228" lon="9.122226">
        <ele>63.810608</ele>
        <time>2026-06-27T22:48:46.384Z</time>
      </trkpt>
      <trkpt lat="52.621488" lon="9.121194">
        <ele>64.251977</ele>
        <time>2026-06-27T22:49:01.645Z</time>
      </trkpt>
      <trkpt lat="52.620018" lon="9.119148">
        <ele>67.791919</ele>
        <time>2026-06-27T22:49:45.971Z</time>
      </trkpt>
      <trkpt lat="52.619055" lon="9.117812">
        <ele>69.538642</ele>
        <time>2026-06-27T22:50:18.478Z</time>
      </trkpt>
      <trkpt lat="52.618722" lon="9.117310">
        <ele>70.122425</ele>
        <time>2026-06-27T22:50:25.784Z</time>
      </trkpt>
      <trkpt lat="52.618572" lon="9.117003">
        <ele>70.431827</ele>
        <time>2026-06-27T22:50:28.707Z</time>
      </trkpt>
      <trkpt lat="52.618437" lon="9.116696">
        <ele>69.925130</ele>
        <time>2026-06-27T22:50:31.281Z</time>
      </trkpt>
      <trkpt lat="52.617863" lon="9.115159">
        <ele>67.498768</ele>
        <time>2026-06-27T22:50:42.659Z</time>
      </trkpt>
      <trkpt lat="52.617575" lon="9.114327">
        <ele>66.235746</ele>
        <time>2026-06-27T22:50:48.861Z</time>
      </trkpt>
      <trkpt lat="52.617485" lon="9.114068">
        <ele>65.876159</ele>
        <time>2026-06-27T22:50:50.828Z</time>
      </trkpt>
      <trkpt lat="52.617244" lon="9.113574">
        <ele>65.112544</ele>
        <time>2026-06-27T22:50:55.062Z</time>
      </trkpt>
      <trkpt lat="52.615963" lon="9.111970">
        <ele>62.280426</ele>
        <time>2026-06-27T22:51:12.898Z</time>
      </trkpt>
      <trkpt lat="52.615793" lon="9.111761">
        <ele>62.017826</ele>
        <time>2026-06-27T22:51:15.400Z</time>
      </trkpt>
      <trkpt lat="52.614030" lon="9.109562">
        <ele>58.207116</ele>
        <time>2026-06-27T22:51:42.614Z</time>
      </trkpt>
      <trkpt lat="52.613782" lon="9.109217">
        <ele>57.491171</ele>
        <time>2026-06-27T22:51:45.985Z</time>
      </trkpt>
      <trkpt lat="52.613259" lon="9.108237">
        <ele>54.689718</ele>
        <time>2026-06-27T22:51:53.521Z</time>
      </trkpt>
      <trkpt lat="52.612771" lon="9.107003">
        <ele>50.511586</ele>
        <time>2026-06-27T22:52:01.811Z</time>
      </trkpt>
      <trkpt lat="52.612532" lon="9.106390">
        <ele>48.444724</ele>
        <time>2026-06-27T22:52:06.014Z</time>
      </trkpt>
      <trkpt lat="52.611517" lon="9.103812">
        <ele>43.903293</ele>
        <time>2026-06-27T22:52:26.105Z</time>
      </trkpt>
      <trkpt lat="52.610004" lon="9.099970">
        <ele>41.717895</ele>
        <time>2026-06-27T22:53:00.303Z</time>
      </trkpt>
      <trkpt lat="52.609636" lon="9.099110">
        <ele>41.612762</ele>
        <time>2026-06-27T22:53:11.823Z</time>
      </trkpt>
      <trkpt lat="52.609471" lon="9.098783">
        <ele>41.537637</ele>
        <time>2026-06-27T22:53:16.721Z</time>
      </trkpt>
      <trkpt lat="52.608912" lon="9.097873">
        <ele>41.180429</ele>
        <time>2026-06-27T22:53:30.988Z</time>
      </trkpt>
      <trkpt lat="52.608759" lon="9.097656">
        <ele>41.088666</ele>
        <time>2026-06-27T22:53:33.867Z</time>
      </trkpt>
      <trkpt lat="52.608465" lon="9.097255">
        <ele>40.915181</ele>
        <time>2026-06-27T22:53:38.416Z</time>
      </trkpt>
      <trkpt lat="52.608385" lon="9.097144">
        <ele>40.867641</ele>
        <time>2026-06-27T22:53:39.573Z</time>
      </trkpt>
      <trkpt lat="52.607736" lon="9.096210">
        <ele>38.671093</ele>
        <time>2026-06-27T22:53:48.336Z</time>
      </trkpt>
      <trkpt lat="52.607494" lon="9.095762">
        <ele>37.494875</ele>
        <time>2026-06-27T22:53:51.880Z</time>
      </trkpt>
      <trkpt lat="52.607310" lon="9.095340">
        <ele>36.475750</ele>
        <time>2026-06-27T22:53:54.931Z</time>
      </trkpt>
      <trkpt lat="52.607007" lon="9.094566">
        <ele>34.847138</ele>
        <time>2026-06-27T22:54:00.570Z</time>
      </trkpt>
      <trkpt lat="52.606791" lon="9.094018">
        <ele>34.346554</ele>
        <time>2026-06-27T22:54:04.953Z</time>
      </trkpt>
      <trkpt lat="52.606645" lon="9.093566">
        <ele>33.954276</ele>
        <time>2026-06-27T22:54:08.803Z</time>
      </trkpt>
      <trkpt lat="52.606545" lon="9.093153">
        <ele>33.613596</ele>
        <time>2026-06-27T22:54:12.502Z</time>
      </trkpt>
      <trkpt lat="52.606419" lon="9.092434">
        <ele>33.040196</ele>
        <time>2026-06-27T22:54:18.356Z</time>
      </trkpt>
      <trkpt lat="52.606280" lon="9.091642">
        <ele>32.338505</ele>
        <time>2026-06-27T22:54:24.988Z</time>
      </trkpt>
      <trkpt lat="52.606208" lon="9.091474">
        <ele>32.142014</ele>
        <time>2026-06-27T22:54:26.601Z</time>
      </trkpt>
      <trkpt lat="52.606080" lon="9.091407">
        <ele>31.930669</ele>
        <time>2026-06-27T22:54:28.281Z</time>
      </trkpt>
      <trkpt lat="52.606005" lon="9.091444">
        <ele>31.807471</ele>
        <time>2026-06-27T22:54:29.205Z</time>
      </trkpt>
      <trkpt lat="52.605818" lon="9.091679">
        <ele>31.437317</ele>
        <time>2026-06-27T22:54:31.994Z</time>
      </trkpt>
      <trkpt lat="52.605659" lon="9.091868">
        <ele>31.128745</ele>
        <time>2026-06-27T22:54:34.163Z</time>
      </trkpt>
      <trkpt lat="52.605520" lon="9.092019">
        <ele>30.866713</ele>
        <time>2026-06-27T22:54:35.955Z</time>
      </trkpt>
      <trkpt lat="52.605446" lon="9.092087">
        <ele>30.733366</ele>
        <time>2026-06-27T22:54:36.852Z</time>
      </trkpt>
      <trkpt lat="52.605045" lon="9.092504">
        <ele>29.987080</ele>
        <time>2026-06-27T22:54:41.831Z</time>
      </trkpt>
      <trkpt lat="52.604999" lon="9.092551">
        <ele>29.901894</ele>
        <time>2026-06-27T22:54:42.425Z</time>
      </trkpt>
      <trkpt lat="52.604954" lon="9.092595">
        <ele>29.845516</ele>
        <time>2026-06-27T22:54:43.009Z</time>
      </trkpt>
      <trkpt lat="52.604587" lon="9.092968">
        <ele>29.586838</ele>
        <time>2026-06-27T22:54:47.831Z</time>
      </trkpt>
      <trkpt lat="52.604505" lon="9.093115">
        <ele>29.514132</ele>
        <time>2026-06-27T22:54:49.221Z</time>
      </trkpt>
      <trkpt lat="52.604457" lon="9.093365">
        <ele>29.418625</ele>
        <time>2026-06-27T22:54:51.125Z</time>
      </trkpt>
      <trkpt lat="52.604425" lon="9.093636">
        <ele>29.318061</ele>
        <time>2026-06-27T22:54:53.209Z</time>
      </trkpt>
      <trkpt lat="52.604380" lon="9.093913">
        <ele>29.213613</ele>
        <time>2026-06-27T22:54:55.494Z</time>
      </trkpt>
      <trkpt lat="52.604239" lon="9.094461">
        <ele>28.996822</ele>
        <time>2026-06-27T22:55:00.785Z</time>
      </trkpt>
      <trkpt lat="52.604134" lon="9.094862">
        <ele>28.837754</ele>
        <time>2026-06-27T22:55:05.527Z</time>
      </trkpt>
      <trkpt lat="52.604109" lon="9.094958">
        <ele>28.799706</ele>
        <time>2026-06-27T22:55:06.812Z</time>
      </trkpt>
      <trkpt lat="52.603875" lon="9.095985">
        <ele>29.356286</ele>
        <time>2026-06-27T22:55:20.853Z</time>
      </trkpt>
      <trkpt lat="52.603723" lon="9.096347">
        <ele>29.596642</ele>
        <time>2026-06-27T22:55:26.836Z</time>
      </trkpt>
      <trkpt lat="52.603394" lon="9.096882">
        <ele>30.012464</ele>
        <time>2026-06-27T22:55:35.937Z</time>
      </trkpt>
      <trkpt lat="52.603225" lon="9.097164">
        <ele>30.228837</ele>
        <time>2026-06-27T22:55:39.767Z</time>
      </trkpt>
      <trkpt lat="52.603131" lon="9.097317">
        <ele>30.347699</ele>
        <time>2026-06-27T22:55:41.634Z</time>
      </trkpt>
      <trkpt lat="52.603048" lon="9.097426">
        <ele>30.366891</ele>
        <time>2026-06-27T22:55:43.071Z</time>
      </trkpt>
      <trkpt lat="52.602860" lon="9.097616">
        <ele>30.213369</ele>
        <time>2026-06-27T22:55:45.972Z</time>
      </trkpt>
      <trkpt lat="52.602196" lon="9.098011">
        <ele>29.722011</ele>
        <time>2026-06-27T22:55:54.635Z</time>
      </trkpt>
      <trkpt lat="52.601403" lon="9.098500">
        <ele>29.140901</ele>
        <time>2026-06-27T22:56:04.983Z</time>
      </trkpt>
      <trkpt lat="52.600901" lon="9.098804">
        <ele>28.963709</ele>
        <time>2026-06-27T22:56:12.405Z</time>
      </trkpt>
      <trkpt lat="52.600466" lon="9.099023">
        <ele>28.813017</ele>
        <time>2026-06-27T22:56:18.850Z</time>
      </trkpt>
      <trkpt lat="52.600179" lon="9.099134">
        <ele>28.715353</ele>
        <time>2026-06-27T22:56:23.047Z</time>
      </trkpt>
      <trkpt lat="52.600070" lon="9.099175">
        <ele>28.678314</ele>
        <time>2026-06-27T22:56:24.637Z</time>
      </trkpt>
      <trkpt lat="52.599789" lon="9.099289">
        <ele>28.582441</ele>
        <time>2026-06-27T22:56:28.777Z</time>
      </trkpt>
      <trkpt lat="52.599105" lon="9.099443">
        <ele>28.239809</ele>
        <time>2026-06-27T22:56:38.247Z</time>
      </trkpt>
      <trkpt lat="52.598737" lon="9.099447">
        <ele>28.048027</ele>
        <time>2026-06-27T22:56:43.032Z</time>
      </trkpt>
      <trkpt lat="52.598625" lon="9.099426">
        <ele>27.989282</ele>
        <time>2026-06-27T22:56:44.490Z</time>
      </trkpt>
      <trkpt lat="52.598580" lon="9.099411">
        <ele>27.965355</ele>
        <time>2026-06-27T22:56:45.077Z</time>
      </trkpt>
      <trkpt lat="52.597884" lon="9.099085">
        <ele>27.591590</ele>
        <time>2026-06-27T22:56:54.373Z</time>
      </trkpt>
      <trkpt lat="52.597789" lon="9.099039">
        <ele>27.546383</ele>
        <time>2026-06-27T22:56:55.615Z</time>
      </trkpt>
      <trkpt lat="52.597533" lon="9.098915">
        <ele>27.424558</ele>
        <time>2026-06-27T22:56:58.977Z</time>
      </trkpt>
      <trkpt lat="52.597107" lon="9.098709">
        <ele>27.221860</ele>
        <time>2026-06-27T22:57:04.603Z</time>
      </trkpt>
      <trkpt lat="52.596431" lon="9.098381">
        <ele>26.900121</ele>
        <time>2026-06-27T22:57:14.251Z</time>
      </trkpt>
      <trkpt lat="52.596442" lon="9.098299">
        <ele>26.876834</ele>
        <time>2026-06-27T22:57:14.991Z</time>
      </trkpt>
      <trkpt lat="52.595745" lon="9.097955">
        <ele>27.007104</ele>
        <time>2026-06-27T22:57:25.950Z</time>
      </trkpt>
      <trkpt lat="52.595547" lon="9.097846">
        <ele>27.088521</ele>
        <time>2026-06-27T22:57:29.177Z</time>
      </trkpt>
      <trkpt lat="52.595209" lon="9.097593">
        <ele>27.233315</ele>
        <time>2026-06-27T22:57:35.317Z</time>
      </trkpt>
      <trkpt lat="52.594544" lon="9.097039">
        <ele>27.528636</ele>
        <time>2026-06-27T22:57:48.920Z</time>
      </trkpt>
      <trkpt lat="52.593907" lon="9.096508">
        <ele>27.852778</ele>
        <time>2026-06-27T22:58:01.756Z</time>
      </trkpt>
      <trkpt lat="52.593497" lon="9.096166">
        <ele>28.061438</ele>
        <time>2026-06-27T22:58:09.567Z</time>
      </trkpt>
      <trkpt lat="52.591918" lon="9.094844">
        <ele>28.312128</ele>
        <time>2026-06-27T22:58:35.137Z</time>
      </trkpt>
      <trkpt lat="52.591699" lon="9.094651">
        <ele>28.312153</ele>
        <time>2026-06-27T22:58:38.895Z</time>
      </trkpt>
      <trkpt lat="52.591598" lon="9.094484">
        <ele>28.312167</ele>
        <time>2026-06-27T22:58:41.122Z</time>
      </trkpt>
      <trkpt lat="52.591524" lon="9.094292">
        <ele>28.312181</ele>
        <time>2026-06-27T22:58:43.282Z</time>
      </trkpt>
      <trkpt lat="52.591442" lon="9.093912">
        <ele>28.328572</ele>
        <time>2026-06-27T22:58:47.160Z</time>
      </trkpt>
      <trkpt lat="52.591371" lon="9.093849">
        <ele>28.335330</ele>
        <time>2026-06-27T22:58:48.438Z</time>
      </trkpt>
      <trkpt lat="52.589615" lon="9.082648">
        <ele>29.037341</ele>
        <time>2026-06-27T23:00:34.897Z</time>
      </trkpt>
      <trkpt lat="52.589344" lon="9.081197">
        <ele>29.572289</ele>
        <time>2026-06-27T23:00:50.436Z</time>
      </trkpt>
      <trkpt lat="52.589098" lon="9.080298">
        <ele>29.919750</ele>
        <time>2026-06-27T23:01:00.961Z</time>
      </trkpt>
      <trkpt lat="52.588920" lon="9.079809">
        <ele>30.210029</ele>
        <time>2026-06-27T23:01:07.334Z</time>
      </trkpt>
      <trkpt lat="52.588699" lon="9.079308">
        <ele>30.616892</ele>
        <time>2026-06-27T23:01:14.492Z</time>
      </trkpt>
      <trkpt lat="52.588197" lon="9.078380">
        <ele>31.433438</ele>
        <time>2026-06-27T23:01:29.902Z</time>
      </trkpt>
      <trkpt lat="52.587513" lon="9.077302">
        <ele>31.930432</ele>
        <time>2026-06-27T23:01:47.616Z</time>
      </trkpt>
      <trkpt lat="52.586348" lon="9.075492">
        <ele>31.704749</ele>
        <time>2026-06-27T23:02:08.978Z</time>
      </trkpt>
      <trkpt lat="52.585065" lon="9.073496">
        <ele>30.748416</ele>
        <time>2026-06-27T23:02:32.556Z</time>
      </trkpt>
      <trkpt lat="52.583774" lon="9.071453">
        <ele>29.514241</ele>
        <time>2026-06-27T23:02:54.458Z</time>
      </trkpt>
      <trkpt lat="52.583312" lon="9.070582">
        <ele>29.660687</ele>
        <time>2026-06-27T23:03:05.179Z</time>
      </trkpt>
      <trkpt lat="52.582682" lon="9.069026">
        <ele>29.956673</ele>
        <time>2026-06-27T23:03:25.447Z</time>
      </trkpt>
      <trkpt lat="52.581589" lon="9.066216">
        <ele>30.696480</ele>
        <time>2026-06-27T23:03:58.343Z</time>
      </trkpt>
      <trkpt lat="52.581357" lon="9.065720">
        <ele>30.750302</ele>
        <time>2026-06-27T23:04:04.285Z</time>
      </trkpt>
      <trkpt lat="52.581227" lon="9.065463">
        <ele>30.779056</ele>
        <time>2026-06-27T23:04:07.467Z</time>
      </trkpt>
      <trkpt lat="52.580420" lon="9.064143">
        <ele>30.780303</ele>
        <time>2026-06-27T23:04:24.245Z</time>
      </trkpt>
      <trkpt lat="52.580184" lon="9.063695">
        <ele>30.691384</ele>
        <time>2026-06-27T23:04:29.345Z</time>
      </trkpt>
      <trkpt lat="52.579943" lon="9.063102">
        <ele>30.584393</ele>
        <time>2026-06-27T23:04:35.326Z</time>
      </trkpt>
      <trkpt lat="52.579793" lon="9.062632">
        <ele>30.504776</ele>
        <time>2026-06-27T23:04:39.669Z</time>
      </trkpt>
      <trkpt lat="52.579596" lon="9.061703">
        <ele>30.344824</ele>
        <time>2026-06-27T23:04:47.703Z</time>
      </trkpt>
      <trkpt lat="52.578663" lon="9.056083">
        <ele>29.520671</ele>
        <time>2026-06-27T23:05:36.915Z</time>
      </trkpt>
      <trkpt lat="52.578344" lon="9.054556">
        <ele>29.608042</ele>
        <time>2026-06-27T23:05:51.654Z</time>
      </trkpt>
      <trkpt lat="52.577973" lon="9.053369">
        <ele>29.776036</ele>
        <time>2026-06-27T23:06:04.964Z</time>
      </trkpt>
      <trkpt lat="52.577840" lon="9.053052">
        <ele>29.881889</ele>
        <time>2026-06-27T23:06:08.975Z</time>
      </trkpt>
      <trkpt lat="52.577413" lon="9.052131">
        <ele>30.200218</ele>
        <time>2026-06-27T23:06:21.031Z</time>
      </trkpt>
      <trkpt lat="52.576995" lon="9.051420">
        <ele>30.471176</ele>
        <time>2026-06-27T23:06:30.814Z</time>
      </trkpt>
      <trkpt lat="52.575730" lon="9.049489">
        <ele>30.895243</ele>
        <time>2026-06-27T23:06:58.233Z</time>
      </trkpt>
      <trkpt lat="52.574389" lon="9.047413">
        <ele>31.303436</ele>
        <time>2026-06-27T23:07:27.131Z</time>
      </trkpt>
      <trkpt lat="52.573775" lon="9.046429">
        <ele>31.379938</ele>
        <time>2026-06-27T23:07:40.356Z</time>
      </trkpt>
      <trkpt lat="52.573521" lon="9.045946">
        <ele>31.412969</ele>
        <time>2026-06-27T23:07:46.229Z</time>
      </trkpt>
      <trkpt lat="52.573169" lon="9.045132">
        <ele>31.456193</ele>
        <time>2026-06-27T23:07:55.225Z</time>
      </trkpt>
      <trkpt lat="52.572576" lon="9.043567">
        <ele>31.207171</ele>
        <time>2026-06-27T23:08:10.963Z</time>
      </trkpt>
      <trkpt lat="52.572339" lon="9.043003">
        <ele>31.114585</ele>
        <time>2026-06-27T23:08:16.611Z</time>
      </trkpt>
      <trkpt lat="52.572085" lon="9.042449">
        <ele>31.035142</ele>
        <time>2026-06-27T23:08:22.427Z</time>
      </trkpt>
      <trkpt lat="52.571863" lon="9.042071">
        <ele>30.988375</ele>
        <time>2026-06-27T23:08:26.878Z</time>
      </trkpt>
      <trkpt lat="52.571182" lon="9.041066">
        <ele>30.854461</ele>
        <time>2026-06-27T23:08:39.843Z</time>
      </trkpt>
      <trkpt lat="52.570568" lon="9.040223">
        <ele>30.920920</ele>
        <time>2026-06-27T23:08:52.181Z</time>
      </trkpt>
      <trkpt lat="52.569984" lon="9.039478">
        <ele>31.132995</ele>
        <time>2026-06-27T23:09:04.378Z</time>
      </trkpt>
      <trkpt lat="52.569630" lon="9.039149">
        <ele>31.249676</ele>
        <time>2026-06-27T23:09:11.089Z</time>
      </trkpt>
      <trkpt lat="52.569278" lon="9.038907">
        <ele>31.313765</ele>
        <time>2026-06-27T23:09:17.184Z</time>
      </trkpt>
      <trkpt lat="52.568703" lon="9.038597">
        <ele>31.306563</ele>
        <time>2026-06-27T23:09:26.206Z</time>
      </trkpt>
      <trkpt lat="52.568639" lon="9.038563">
        <ele>31.305762</ele>
        <time>2026-06-27T23:09:27.170Z</time>
      </trkpt>
      <trkpt lat="52.568008" lon="9.038261">
        <ele>31.297940</ele>
        <time>2026-06-27T23:09:36.286Z</time>
      </trkpt>
      <trkpt lat="52.566071" lon="9.037207">
        <ele>31.212817</ele>
        <time>2026-06-27T23:10:06.263Z</time>
      </trkpt>
      <trkpt lat="52.565872" lon="9.037072">
        <ele>31.200015</ele>
        <time>2026-06-27T23:10:09.536Z</time>
      </trkpt>
      <trkpt lat="52.565609" lon="9.036911">
        <ele>31.181457</ele>
        <time>2026-06-27T23:10:13.715Z</time>
      </trkpt>
      <trkpt lat="52.565134" lon="9.036513">
        <ele>31.146205</ele>
        <time>2026-06-27T23:10:21.595Z</time>
      </trkpt>
      <trkpt lat="52.564719" lon="9.036070">
        <ele>31.113490</ele>
        <time>2026-06-27T23:10:28.755Z</time>
      </trkpt>
      <trkpt lat="52.564342" lon="9.035539">
        <ele>31.111186</ele>
        <time>2026-06-27T23:10:35.706Z</time>
      </trkpt>
      <trkpt lat="52.563952" lon="9.034878">
        <ele>31.191531</ele>
        <time>2026-06-27T23:10:43.879Z</time>
      </trkpt>
      <trkpt lat="52.563586" lon="9.034068">
        <ele>31.279561</ele>
        <time>2026-06-27T23:10:53.483Z</time>
      </trkpt>
      <trkpt lat="52.563271" lon="9.033273">
        <ele>31.369536</ele>
        <time>2026-06-27T23:11:02.928Z</time>
      </trkpt>
      <trkpt lat="52.562766" lon="9.031929">
        <ele>31.578486</ele>
        <time>2026-06-27T23:11:18.858Z</time>
      </trkpt>
      <trkpt lat="52.562568" lon="9.031331">
        <ele>31.668539</ele>
        <time>2026-06-27T23:11:25.158Z</time>
      </trkpt>
      <trkpt lat="52.562497" lon="9.031104">
        <ele>31.702300</ele>
        <time>2026-06-27T23:11:27.382Z</time>
      </trkpt>
      <trkpt lat="52.562388" lon="9.030769">
        <ele>31.724733</ele>
        <time>2026-06-27T23:11:30.674Z</time>
      </trkpt>
      <trkpt lat="52.562353" lon="9.030652">
        <ele>31.704743</ele>
        <time>2026-06-27T23:11:31.804Z</time>
      </trkpt>
      <trkpt lat="52.562313" lon="9.030532">
        <ele>31.683763</ele>
        <time>2026-06-27T23:11:32.996Z</time>
      </trkpt>
      <trkpt lat="52.562014" lon="9.029433">
        <ele>31.499183</ele>
        <time>2026-06-27T23:11:43.313Z</time>
      </trkpt>
      <trkpt lat="52.561909" lon="9.029025">
        <ele>31.431263</ele>
        <time>2026-06-27T23:11:46.994Z</time>
      </trkpt>
      <trkpt lat="52.561635" lon="9.027856">
        <ele>31.255544</ele>
        <time>2026-06-27T23:11:57.370Z</time>
      </trkpt>
      <trkpt lat="52.561505" lon="9.027349">
        <ele>31.200601</ele>
        <time>2026-06-27T23:12:01.995Z</time>
      </trkpt>
      <trkpt lat="52.561390" lon="9.026826">
        <ele>31.145068</ele>
        <time>2026-06-27T23:12:06.671Z</time>
      </trkpt>
      <trkpt lat="52.561243" lon="9.026136">
        <ele>31.072063</ele>
        <time>2026-06-27T23:12:12.986Z</time>
      </trkpt>
      <trkpt lat="52.561225" lon="9.026046">
        <ele>31.062602</ele>
        <time>2026-06-27T23:12:13.798Z</time>
      </trkpt>
      <trkpt lat="52.561163" lon="9.025742">
        <ele>31.030585</ele>
        <time>2026-06-27T23:12:16.596Z</time>
      </trkpt>
      <trkpt lat="52.560975" lon="9.024748">
        <ele>31.050354</ele>
        <time>2026-06-27T23:12:26.126Z</time>
      </trkpt>
      <trkpt lat="52.560705" lon="9.023068">
        <ele>31.212166</ele>
        <time>2026-06-27T23:12:42.771Z</time>
      </trkpt>
      <trkpt lat="52.560569" lon="9.022009">
        <ele>31.293210</ele>
        <time>2026-06-27T23:12:53.051Z</time>
      </trkpt>
      <trkpt lat="52.560464" lon="9.020969">
        <ele>31.349955</ele>
        <time>2026-06-27T23:13:03.108Z</time>
      </trkpt>
      <trkpt lat="52.560381" lon="9.019906">
        <ele>31.407641</ele>
        <time>2026-06-27T23:13:13.132Z</time>
      </trkpt>
      <trkpt lat="52.560327" lon="9.018841">
        <ele>31.342716</ele>
        <time>2026-06-27T23:13:21.916Z</time>
      </trkpt>
      <trkpt lat="52.560316" lon="9.018080">
        <ele>31.257477</ele>
        <time>2026-06-27T23:13:28.220Z</time>
      </trkpt>
      <trkpt lat="52.560309" lon="9.017736">
        <ele>31.218935</ele>
        <time>2026-06-27T23:13:31.192Z</time>
      </trkpt>
      <trkpt lat="52.560306" lon="9.017307">
        <ele>31.170893</ele>
        <time>2026-06-27T23:13:34.910Z</time>
      </trkpt>
      <trkpt lat="52.560332" lon="9.016253">
        <ele>31.179375</ele>
        <time>2026-06-27T23:13:44.111Z</time>
      </trkpt>
      <trkpt lat="52.560368" lon="9.015641">
        <ele>31.321390</ele>
        <time>2026-06-27T23:13:50.214Z</time>
      </trkpt>
      <trkpt lat="52.560511" lon="9.014742">
        <ele>31.536025</ele>
        <time>2026-06-27T23:14:00.286Z</time>
      </trkpt>
      <trkpt lat="52.560614" lon="9.014311">
        <ele>31.642989</ele>
        <time>2026-06-27T23:14:04.905Z</time>
      </trkpt>
      <trkpt lat="52.560953" lon="9.013192">
        <ele>31.827715</ele>
        <time>2026-06-27T23:14:17.201Z</time>
      </trkpt>
      <trkpt lat="52.560727" lon="9.012957">
        <ele>31.860793</ele>
        <time>2026-06-27T23:14:21.541Z</time>
      </trkpt>
      <trkpt lat="52.560601" lon="9.012776">
        <ele>31.881489</ele>
        <time>2026-06-27T23:14:24.112Z</time>
      </trkpt>
      <trkpt lat="52.560515" lon="9.012600">
        <ele>31.898472</ele>
        <time>2026-06-27T23:14:26.155Z</time>
      </trkpt>
      <trkpt lat="52.559885" lon="9.010634">
        <ele>32.012415</ele>
        <time>2026-06-27T23:14:46.157Z</time>
      </trkpt>
      <trkpt lat="52.559484" lon="9.009461">
        <ele>32.031565</ele>
        <time>2026-06-27T23:14:58.109Z</time>
      </trkpt>
      <trkpt lat="52.558807" lon="9.007755">
        <ele>32.234358</ele>
        <time>2026-06-27T23:15:16.995Z</time>
      </trkpt>
      <trkpt lat="52.558126" lon="9.006262">
        <ele>32.491928</ele>
        <time>2026-06-27T23:15:35.603Z</time>
      </trkpt>
      <trkpt lat="52.556969" lon="9.003919">
        <ele>32.636864</ele>
        <time>2026-06-27T23:16:03.331Z</time>
      </trkpt>
      <trkpt lat="52.556746" lon="9.003320">
        <ele>32.620566</ele>
        <time>2026-06-27T23:16:09.344Z</time>
      </trkpt>
      <trkpt lat="52.556688" lon="9.002946">
        <ele>32.611610</ele>
        <time>2026-06-27T23:16:12.620Z</time>
      </trkpt>
      <trkpt lat="52.556655" lon="9.002540">
        <ele>32.602105</ele>
        <time>2026-06-27T23:16:16.175Z</time>
      </trkpt>
      <trkpt lat="52.556648" lon="9.001964">
        <ele>32.588736</ele>
        <time>2026-06-27T23:16:21.300Z</time>
      </trkpt>
      <trkpt lat="52.556598" lon="9.001368">
        <ele>32.574775</ele>
        <time>2026-06-27T23:16:26.867Z</time>
      </trkpt>
      <trkpt lat="52.555963" lon="8.997959">
        <ele>32.896961</ele>
        <time>2026-06-27T23:17:01.519Z</time>
      </trkpt>
      <trkpt lat="52.555828" lon="8.997500">
        <ele>32.799453</ele>
        <time>2026-06-27T23:17:05.748Z</time>
      </trkpt>
      <trkpt lat="52.555677" lon="8.997129">
        <ele>32.714075</ele>
        <time>2026-06-27T23:17:09.326Z</time>
      </trkpt>
      <trkpt lat="52.554480" lon="8.994737">
        <ele>32.054015</ele>
        <time>2026-06-27T23:17:34.102Z</time>
      </trkpt>
      <trkpt lat="52.553428" lon="8.992679">
        <ele>31.747626</ele>
        <time>2026-06-27T23:17:57.130Z</time>
      </trkpt>
      <trkpt lat="52.552942" lon="8.991915">
        <ele>31.738363</ele>
        <time>2026-06-27T23:18:07.021Z</time>
      </trkpt>
      <trkpt lat="52.552749" lon="8.991672">
        <ele>31.735014</ele>
        <time>2026-06-27T23:18:10.943Z</time>
      </trkpt>
      <trkpt lat="52.552410" lon="8.991326">
        <ele>31.984913</ele>
        <time>2026-06-27T23:18:17.840Z</time>
      </trkpt>
      <trkpt lat="52.552052" lon="8.991044">
        <ele>32.248763</ele>
        <time>2026-06-27T23:18:24.861Z</time>
      </trkpt>
      <trkpt lat="52.551454" lon="8.990742">
        <ele>32.664572</ele>
        <time>2026-06-27T23:18:35.921Z</time>
      </trkpt>
      <trkpt lat="52.551128" lon="8.990651">
        <ele>32.884364</ele>
        <time>2026-06-27T23:18:41.689Z</time>
      </trkpt>
      <trkpt lat="52.550528" lon="8.990617">
        <ele>33.296712</ele>
        <time>2026-06-27T23:18:53.110Z</time>
      </trkpt>
      <trkpt lat="52.550464" lon="8.990127">
        <ele>33.506901</ele>
        <time>2026-06-27T23:18:58.693Z</time>
      </trkpt>
      <trkpt lat="52.550475" lon="8.989897">
        <ele>33.603658</ele>
        <time>2026-06-27T23:19:01.208Z</time>
      </trkpt>
      <trkpt lat="52.550565" lon="8.989327">
        <ele>33.850639</ele>
        <time>2026-06-27T23:19:07.597Z</time>
      </trkpt>
      <trkpt lat="52.550547" lon="8.988853">
        <ele>34.049817</ele>
        <time>2026-06-27T23:19:12.591Z</time>
      </trkpt>
      <trkpt lat="52.550500" lon="8.988597">
        <ele>34.161968</ele>
        <time>2026-06-27T23:19:15.321Z</time>
      </trkpt>
      <trkpt lat="52.550231" lon="8.987546">
        <ele>33.603738</ele>
        <time>2026-06-27T23:19:25.539Z</time>
      </trkpt>
      <trkpt lat="52.549854" lon="8.986215">
        <ele>32.859770</ele>
        <time>2026-06-27T23:19:35.676Z</time>
      </trkpt>
      <trkpt lat="52.549734" lon="8.985723">
        <ele>32.628772</ele>
        <time>2026-06-27T23:19:39.364Z</time>
      </trkpt>
      <trkpt lat="52.549627" lon="8.985253">
        <ele>32.492661</ele>
        <time>2026-06-27T23:19:42.964Z</time>
      </trkpt>
      <trkpt lat="52.549111" lon="8.982928">
        <ele>31.926084</ele>
        <time>2026-06-27T23:20:04.401Z</time>
      </trkpt>
      <trkpt lat="52.548261" lon="8.979151">
        <ele>33.057121</ele>
        <time>2026-06-27T23:20:47.048Z</time>
      </trkpt>
      <trkpt lat="52.547584" lon="8.976181">
        <ele>33.213119</ele>
        <time>2026-06-27T23:21:16.461Z</time>
      </trkpt>
      <trkpt lat="52.547472" lon="8.975421">
        <ele>33.108999</ele>
        <time>2026-06-27T23:21:22.622Z</time>
      </trkpt>
      <trkpt lat="52.547453" lon="8.975003">
        <ele>33.053189</ele>
        <time>2026-06-27T23:21:25.874Z</time>
      </trkpt>
      <trkpt lat="52.547453" lon="8.974903">
        <ele>33.039874</ele>
        <time>2026-06-27T23:21:26.667Z</time>
      </trkpt>
      <trkpt lat="52.547492" lon="8.974379">
        <ele>32.967485</ele>
        <time>2026-06-27T23:21:31.004Z</time>
      </trkpt>
      <trkpt lat="52.547622" lon="8.973343">
        <ele>32.819976</ele>
        <time>2026-06-27T23:21:39.786Z</time>
      </trkpt>
      <trkpt lat="52.547645" lon="8.973114">
        <ele>32.787611</ele>
        <time>2026-06-27T23:21:41.704Z</time>
      </trkpt>
      <trkpt lat="52.547662" lon="8.972815">
        <ele>32.745735</ele>
        <time>2026-06-27T23:21:44.277Z</time>
      </trkpt>
      <trkpt lat="52.547679" lon="8.972329">
        <ele>32.677853</ele>
        <time>2026-06-27T23:21:48.709Z</time>
      </trkpt>
      <trkpt lat="52.547646" lon="8.971689">
        <ele>32.602338</ele>
        <time>2026-06-27T23:21:54.765Z</time>
      </trkpt>
      <trkpt lat="52.547472" lon="8.969627">
        <ele>32.620319</ele>
        <time>2026-06-27T23:22:13.372Z</time>
      </trkpt>
      <trkpt lat="52.547466" lon="8.969563">
        <ele>32.620878</ele>
        <time>2026-06-27T23:22:13.951Z</time>
      </trkpt>
      <trkpt lat="52.547204" lon="8.966584">
        <ele>32.689245</ele>
        <time>2026-06-27T23:22:41.661Z</time>
      </trkpt>
      <trkpt lat="52.546611" lon="8.959580">
        <ele>32.761336</ele>
        <time>2026-06-27T23:23:45.606Z</time>
      </trkpt>
      <trkpt lat="52.546702" lon="8.956120">
        <ele>32.644446</ele>
        <time>2026-06-27T23:24:16.069Z</time>
      </trkpt>
      <trkpt lat="52.546796" lon="8.954028">
        <ele>32.575393</ele>
        <time>2026-06-27T23:24:35.354Z</time>
      </trkpt>
      <trkpt lat="52.546805" lon="8.953802">
        <ele>32.517540</ele>
        <time>2026-06-27T23:24:37.317Z</time>
      </trkpt>
      <trkpt lat="52.547442" lon="8.948690">
        <ele>31.250267</ele>
        <time>2026-06-27T23:25:19.289Z</time>
      </trkpt>
      <trkpt lat="52.547735" lon="8.947103">
        <ele>31.498230</ele>
        <time>2026-06-27T23:25:35.080Z</time>
      </trkpt>
      <trkpt lat="52.548475" lon="8.944647">
        <ele>32.357630</ele>
        <time>2026-06-27T23:26:04.029Z</time>
      </trkpt>
      <trkpt lat="52.548572" lon="8.944048">
        <ele>32.614469</ele>
        <time>2026-06-27T23:26:10.770Z</time>
      </trkpt>
      <trkpt lat="52.548603" lon="8.943300">
        <ele>32.925114</ele>
        <time>2026-06-27T23:26:18.857Z</time>
      </trkpt>
      <trkpt lat="52.548529" lon="8.942374">
        <ele>33.373631</ele>
        <time>2026-06-27T23:26:28.880Z</time>
      </trkpt>
      <trkpt lat="52.548366" lon="8.941229">
        <ele>34.020318</ele>
        <time>2026-06-27T23:26:41.662Z</time>
      </trkpt>
      <trkpt lat="52.548312" lon="8.940702">
        <ele>34.314213</ele>
        <time>2026-06-27T23:26:47.645Z</time>
      </trkpt>
      <trkpt lat="52.548280" lon="8.939601">
        <ele>34.973362</ele>
        <time>2026-06-27T23:27:00.522Z</time>
      </trkpt>
      <trkpt lat="52.548338" lon="8.939288">
        <ele>35.209472</ele>
        <time>2026-06-27T23:27:04.508Z</time>
      </trkpt>
      <trkpt lat="52.548446" lon="8.939044">
        <ele>35.427242</ele>
        <time>2026-06-27T23:27:08.242Z</time>
      </trkpt>
      <trkpt lat="52.549589" lon="8.937504">
        <ele>37.036557</ele>
        <time>2026-06-27T23:27:37.534Z</time>
      </trkpt>
      <trkpt lat="52.551038" lon="8.935552">
        <ele>37.957852</ele>
        <time>2026-06-27T23:28:08.890Z</time>
      </trkpt>
      <trkpt lat="52.552735" lon="8.933269">
        <ele>37.646564</ele>
        <time>2026-06-27T23:28:39.689Z</time>
      </trkpt>
      <trkpt lat="52.553277" lon="8.932539">
        <ele>37.437698</ele>
        <time>2026-06-27T23:28:48.873Z</time>
      </trkpt>
      <trkpt lat="52.555197" lon="8.930002">
        <ele>37.663134</ele>
        <time>2026-06-27T23:29:25.026Z</time>
      </trkpt>
      <trkpt lat="52.555243" lon="8.929941">
        <ele>37.726157</ele>
        <time>2026-06-27T23:29:26.139Z</time>
      </trkpt>
      <trkpt lat="52.555720" lon="8.929306">
        <ele>38.380681</ele>
        <time>2026-06-27T23:29:38.604Z</time>
      </trkpt>
      <trkpt lat="52.555770" lon="8.929181">
        <ele>38.477710</ele>
        <time>2026-06-27T23:29:40.513Z</time>
      </trkpt>
      <trkpt lat="52.555814" lon="8.928952">
        <ele>38.633449</ele>
        <time>2026-06-27T23:29:43.539Z</time>
      </trkpt>
      <trkpt lat="52.555825" lon="8.928767">
        <ele>38.753988</ele>
        <time>2026-06-27T23:29:45.873Z</time>
      </trkpt>
      <trkpt lat="52.555796" lon="8.928420">
        <ele>38.981123</ele>
        <time>2026-06-27T23:29:50.374Z</time>
      </trkpt>
      <trkpt lat="52.555774" lon="8.928149">
        <ele>39.158419</ele>
        <time>2026-06-27T23:29:53.826Z</time>
      </trkpt>
      <trkpt lat="52.555691" lon="8.927084">
        <ele>39.875828</ele>
        <time>2026-06-27T23:30:06.678Z</time>
      </trkpt>
      <trkpt lat="52.556284" lon="8.926858">
        <ele>40.548910</ele>
        <time>2026-06-27T23:30:17.716Z</time>
      </trkpt>
      <trkpt lat="52.556569" lon="8.926481">
        <ele>40.953320</ele>
        <time>2026-06-27T23:30:24.528Z</time>
      </trkpt>
      <trkpt lat="52.556929" lon="8.925783">
        <ele>41.792264</ele>
        <time>2026-06-27T23:30:35.547Z</time>
      </trkpt>
      <trkpt lat="52.556964" lon="8.925511">
        <ele>42.118141</ele>
        <time>2026-06-27T23:30:39.058Z</time>
      </trkpt>
      <trkpt lat="52.556969" lon="8.925397">
        <ele>42.252109</ele>
        <time>2026-06-27T23:30:40.571Z</time>
      </trkpt>
      <trkpt lat="52.556703" lon="8.923963">
        <ele>44.009410</ele>
        <time>2026-06-27T23:31:01.619Z</time>
      </trkpt>
      <trkpt lat="52.556491" lon="8.923021">
        <ele>45.200235</ele>
        <time>2026-06-27T23:31:16.745Z</time>
      </trkpt>
      <trkpt lat="52.556088" lon="8.921925">
        <ele>46.746374</ele>
        <time>2026-06-27T23:31:35.422Z</time>
      </trkpt>
      <trkpt lat="52.555515" lon="8.920477">
        <ele>48.631697</ele>
        <time>2026-06-27T23:31:57.855Z</time>
      </trkpt>
      <trkpt lat="52.555327" lon="8.919927">
        <ele>49.103021</ele>
        <time>2026-06-27T23:32:05.199Z</time>
      </trkpt>
      <trkpt lat="52.554321" lon="8.915790">
        <ele>52.179755</ele>
        <time>2026-06-27T23:32:57.747Z</time>
      </trkpt>
      <trkpt lat="52.554255" lon="8.915328">
        <ele>52.463325</ele>
        <time>2026-06-27T23:33:02.966Z</time>
      </trkpt>
      <trkpt lat="52.554282" lon="8.915095">
        <ele>52.544735</ele>
        <time>2026-06-27T23:33:05.510Z</time>
      </trkpt>
      <trkpt lat="52.555090" lon="8.910722">
        <ele>54.212350</ele>
        <time>2026-06-27T23:33:52.069Z</time>
      </trkpt>
      <trkpt lat="52.555205" lon="8.910089">
        <ele>54.472983</ele>
        <time>2026-06-27T23:34:00.563Z</time>
      </trkpt>
      <trkpt lat="52.555277" lon="8.909699">
        <ele>54.590504</ele>
        <time>2026-06-27T23:34:05.368Z</time>
      </trkpt>
      <trkpt lat="52.555601" lon="8.908696">
        <ele>53.780111</ele>
        <time>2026-06-27T23:34:16.063Z</time>
      </trkpt>
      <trkpt lat="52.555675" lon="8.908540">
        <ele>53.638933</ele>
        <time>2026-06-27T23:34:17.499Z</time>
      </trkpt>
      <trkpt lat="52.556331" lon="8.907191">
        <ele>52.293689</ele>
        <time>2026-06-27T23:34:28.654Z</time>
      </trkpt>
      <trkpt lat="52.557596" lon="8.904571">
        <ele>47.344720</ele>
        <time>2026-06-27T23:34:50.134Z</time>
      </trkpt>
      <trkpt lat="52.558877" lon="8.901936">
        <ele>43.458761</ele>
        <time>2026-06-27T23:35:12.457Z</time>
      </trkpt>
      <trkpt lat="52.559594" lon="8.900720">
        <ele>42.252958</ele>
        <time>2026-06-27T23:35:24.750Z</time>
      </trkpt>
      <trkpt lat="52.560306" lon="8.899520">
        <ele>42.447173</ele>
        <time>2026-06-27T23:35:41.831Z</time>
      </trkpt>
      <trkpt lat="52.560428" lon="8.899319">
        <ele>42.535548</ele>
        <time>2026-06-27T23:35:45.258Z</time>
      </trkpt>
      <trkpt lat="52.560721" lon="8.898723">
        <ele>42.774038</ele>
        <time>2026-06-27T23:35:54.057Z</time>
      </trkpt>
      <trkpt lat="52.560833" lon="8.898439">
        <ele>42.879367</ele>
        <time>2026-06-27T23:35:57.685Z</time>
      </trkpt>
      <trkpt lat="52.561006" lon="8.897942">
        <ele>42.951510</ele>
        <time>2026-06-27T23:36:03.470Z</time>
      </trkpt>
      <trkpt lat="52.562008" lon="8.894634">
        <ele>43.013649</ele>
        <time>2026-06-27T23:36:35.892Z</time>
      </trkpt>
      <trkpt lat="52.562331" lon="8.893038">
        <ele>43.043807</ele>
        <time>2026-06-27T23:36:51.641Z</time>
      </trkpt>
      <trkpt lat="52.562498" lon="8.892414">
        <ele>43.028857</ele>
        <time>2026-06-27T23:36:57.933Z</time>
      </trkpt>
      <trkpt lat="52.562783" lon="8.891731">
        <ele>42.998869</ele>
        <time>2026-06-27T23:37:05.041Z</time>
      </trkpt>
      <trkpt lat="52.563064" lon="8.891223">
        <ele>42.974008</ele>
        <time>2026-06-27T23:37:11.094Z</time>
      </trkpt>
      <trkpt lat="52.563101" lon="8.891296">
        <ele>42.970567</ele>
        <time>2026-06-27T23:37:17.482Z</time>
      </trkpt>
      <trkpt lat="52.563125" lon="8.891457">
        <ele>42.964567</ele>
        <time>2026-06-27T23:37:28.649Z</time>
      </trkpt>
      <trkpt lat="52.563108" lon="8.891761">
        <ele>42.953517</ele>
        <time>2026-06-27T23:37:31.343Z</time>
      </trkpt>
      <trkpt lat="52.563125" lon="8.891457">
        <ele>42.942466</ele>
        <time>2026-06-27T23:37:34.033Z</time>
      </trkpt>
      <trkpt lat="52.563101" lon="8.891296">
        <ele>42.940586</ele>
        <time>2026-06-27T23:37:45.228Z</time>
      </trkpt>
      <trkpt lat="52.563064" lon="8.891223">
        <ele>42.941240</ele>
        <time>2026-06-27T23:37:51.603Z</time>
      </trkpt>
      <trkpt lat="52.563809" lon="8.889927">
        <ele>42.953512</ele>
        <time>2026-06-27T23:38:07.894Z</time>
      </trkpt>
      <trkpt lat="52.564955" lon="8.887934">
        <ele>43.151198</ele>
        <time>2026-06-27T23:38:32.440Z</time>
      </trkpt>
      <trkpt lat="52.565028" lon="8.887807">
        <ele>43.170169</ele>
        <time>2026-06-27T23:38:34.044Z</time>
      </trkpt>
      <trkpt lat="52.565801" lon="8.886464">
        <ele>43.851074</ele>
        <time>2026-06-27T23:38:53.181Z</time>
      </trkpt>
      <trkpt lat="52.566591" lon="8.885057">
        <ele>45.174668</ele>
        <time>2026-06-27T23:39:16.566Z</time>
      </trkpt>
      <trkpt lat="52.566905" lon="8.884260">
        <ele>46.037262</ele>
        <time>2026-06-27T23:39:28.828Z</time>
      </trkpt>
      <trkpt lat="52.567134" lon="8.883365">
        <ele>46.982510</ele>
        <time>2026-06-27T23:39:40.783Z</time>
      </trkpt>
      <trkpt lat="52.567326" lon="8.882392">
        <ele>47.978299</ele>
        <time>2026-06-27T23:39:54.516Z</time>
      </trkpt>
      <trkpt lat="52.567394" lon="8.881925">
        <ele>48.447326</ele>
        <time>2026-06-27T23:40:01.271Z</time>
      </trkpt>
      <trkpt lat="52.567437" lon="8.881319">
        <ele>49.045152</ele>
        <time>2026-06-27T23:40:09.536Z</time>
      </trkpt>
      <trkpt lat="52.567456" lon="8.880944">
        <ele>49.413873</ele>
        <time>2026-06-27T23:40:14.442Z</time>
      </trkpt>
      <trkpt lat="52.567466" lon="8.880466">
        <ele>49.882521</ele>
        <time>2026-06-27T23:40:20.464Z</time>
      </trkpt>
      <trkpt lat="52.567478" lon="8.879885">
        <ele>50.452146</ele>
        <time>2026-06-27T23:40:27.725Z</time>
      </trkpt>
      <trkpt lat="52.567426" lon="8.879012">
        <ele>51.308326</ele>
        <time>2026-06-27T23:40:39.051Z</time>
      </trkpt>
      <trkpt lat="52.567342" lon="8.878100">
        <ele>52.197499</ele>
        <time>2026-06-27T23:40:49.901Z</time>
      </trkpt>
      <trkpt lat="52.567331" lon="8.877881">
        <ele>52.409328</ele>
        <time>2026-06-27T23:40:52.505Z</time>
      </trkpt>
      <trkpt lat="52.567319" lon="8.877628">
        <ele>52.653953</ele>
        <time>2026-06-27T23:40:55.591Z</time>
      </trkpt>
      <trkpt lat="52.567317" lon="8.877492">
        <ele>52.785091</ele>
        <time>2026-06-27T23:40:57.261Z</time>
      </trkpt>
      <trkpt lat="52.567339" lon="8.877040">
        <ele>53.222199</ele>
        <time>2026-06-27T23:41:03.136Z</time>
      </trkpt>
      <trkpt lat="52.567388" lon="8.876593">
        <ele>53.660044</ele>
        <time>2026-06-27T23:41:09.257Z</time>
      </trkpt>
      <trkpt lat="52.567622" lon="8.875070">
        <ele>55.924660</ele>
        <time>2026-06-27T23:41:32.378Z</time>
      </trkpt>
      <trkpt lat="52.567755" lon="8.874187">
        <ele>57.342835</ele>
        <time>2026-06-27T23:41:46.419Z</time>
      </trkpt>
      <trkpt lat="52.568040" lon="8.872279">
        <ele>60.744829</ele>
        <time>2026-06-27T23:42:18.548Z</time>
      </trkpt>
      <trkpt lat="52.567995" lon="8.872247">
        <ele>60.893809</ele>
        <time>2026-06-27T23:42:20.068Z</time>
      </trkpt>
      <trkpt lat="52.568013" lon="8.871840">
        <ele>61.647581</ele>
        <time>2026-06-27T23:42:26.603Z</time>
      </trkpt>
      <trkpt lat="52.568169" lon="8.870714">
        <ele>63.780798</ele>
        <time>2026-06-27T23:42:45.682Z</time>
      </trkpt>
      <trkpt lat="52.568249" lon="8.870544">
        <ele>64.164219</ele>
        <time>2026-06-27T23:42:49.284Z</time>
      </trkpt>
      <trkpt lat="52.568272" lon="8.870384">
        <ele>64.438206</ele>
        <time>2026-06-27T23:42:52.077Z</time>
      </trkpt>
      <trkpt lat="52.568312" lon="8.870388">
        <ele>64.548076</ele>
        <time>2026-06-27T23:42:53.176Z</time>
      </trkpt>
      <trkpt lat="52.568421" lon="8.869621">
        <ele>65.860707</ele>
        <time>2026-06-27T23:43:06.026Z</time>
      </trkpt>
      <trkpt lat="52.568541" lon="8.868974">
        <ele>66.987971</ele>
        <time>2026-06-27T23:43:16.541Z</time>
      </trkpt>
      <trkpt lat="52.569185" lon="8.866730">
        <ele>70.220660</ele>
        <time>2026-06-27T23:43:53.787Z</time>
      </trkpt>
      <trkpt lat="52.569333" lon="8.866216">
        <ele>70.771300</ele>
        <time>2026-06-27T23:44:01.587Z</time>
      </trkpt>
      <trkpt lat="52.569360" lon="8.866053">
        <ele>70.934862</ele>
        <time>2026-06-27T23:44:03.756Z</time>
      </trkpt>
      <trkpt lat="52.569360" lon="8.865808">
        <ele>71.172056</ele>
        <time>2026-06-27T23:44:06.688Z</time>
      </trkpt>
      <trkpt lat="52.569332" lon="8.865635">
        <ele>71.345381</ele>
        <time>2026-06-27T23:44:08.670Z</time>
      </trkpt>
      <trkpt lat="52.569277" lon="8.865479">
        <ele>71.519980</ele>
        <time>2026-06-27T23:44:10.582Z</time>
      </trkpt>
      <trkpt lat="52.569098" lon="8.865158">
        <ele>71.752599</ele>
        <time>2026-06-27T23:44:14.796Z</time>
      </trkpt>
      <trkpt lat="52.568936" lon="8.864891">
        <ele>71.475881</ele>
        <time>2026-06-27T23:44:17.990Z</time>
      </trkpt>
      <trkpt lat="52.568777" lon="8.864611">
        <ele>71.194817</ele>
        <time>2026-06-27T23:44:21.024Z</time>
      </trkpt>
      <trkpt lat="52.568299" lon="8.863773">
        <ele>70.351870</ele>
        <time>2026-06-27T23:44:29.006Z</time>
      </trkpt>
      <trkpt lat="52.568043" lon="8.863311">
        <ele>69.893309</ele>
        <time>2026-06-27T23:44:33.184Z</time>
      </trkpt>
      <trkpt lat="52.567694" lon="8.862678">
        <ele>68.815225</ele>
        <time>2026-06-27T23:44:38.880Z</time>
      </trkpt>
      <trkpt lat="52.567629" lon="8.862560">
        <ele>68.565694</ele>
        <time>2026-06-27T23:44:39.928Z</time>
      </trkpt>
      <trkpt lat="52.567199" lon="8.861767">
        <ele>66.900514</ele>
        <time>2026-06-27T23:44:46.842Z</time>
      </trkpt>
      <trkpt lat="52.567050" lon="8.861377">
        <ele>66.178710</ele>
        <time>2026-06-27T23:44:49.753Z</time>
      </trkpt>
      <trkpt lat="52.566987" lon="8.861125">
        <ele>65.751742</ele>
        <time>2026-06-27T23:44:51.454Z</time>
      </trkpt>
      <trkpt lat="52.565998" lon="8.855705">
        <ele>53.899132</ele>
        <time>2026-06-27T23:45:25.807Z</time>
      </trkpt>
      <trkpt lat="52.565817" lon="8.854854">
        <ele>51.977640</ele>
        <time>2026-06-27T23:45:31.162Z</time>
      </trkpt>
      <trkpt lat="52.565240" lon="8.853456">
        <ele>48.729791</ele>
        <time>2026-06-27T23:45:41.342Z</time>
      </trkpt>
      <trkpt lat="52.564953" lon="8.852762">
        <ele>47.116469</ele>
        <time>2026-06-27T23:45:46.701Z</time>
      </trkpt>
      <trkpt lat="52.564887" lon="8.852609">
        <ele>46.755871</ele>
        <time>2026-06-27T23:45:47.935Z</time>
      </trkpt>
      <trkpt lat="52.564626" lon="8.851922">
        <ele>46.235896</ele>
        <time>2026-06-27T23:45:53.414Z</time>
      </trkpt>
      <trkpt lat="52.564542" lon="8.851562">
        <ele>46.029621</ele>
        <time>2026-06-27T23:45:56.164Z</time>
      </trkpt>
      <trkpt lat="52.564535" lon="8.851413">
        <ele>45.949679</ele>
        <time>2026-06-27T23:45:57.264Z</time>
      </trkpt>
      <trkpt lat="52.564578" lon="8.851133">
        <ele>45.795193</ele>
        <time>2026-06-27T23:45:59.433Z</time>
      </trkpt>
      <trkpt lat="52.564646" lon="8.850911">
        <ele>45.662214</ele>
        <time>2026-06-27T23:46:01.373Z</time>
      </trkpt>
      <trkpt lat="52.564761" lon="8.850665">
        <ele>45.496208</ele>
        <time>2026-06-27T23:46:03.906Z</time>
      </trkpt>
      <trkpt lat="52.565850" lon="8.848510">
        <ele>45.383159</ele>
        <time>2026-06-27T23:46:30.969Z</time>
      </trkpt>
      <trkpt lat="52.566793" lon="8.846645">
        <ele>45.704989</ele>
        <time>2026-06-27T23:46:55.226Z</time>
      </trkpt>
      <trkpt lat="52.566757" lon="8.846604">
        <ele>45.712843</ele>
        <time>2026-06-27T23:46:55.912Z</time>
      </trkpt>
      <trkpt lat="52.566956" lon="8.846160">
        <ele>45.772989</ele>
        <time>2026-06-27T23:47:01.279Z</time>
      </trkpt>
      <trkpt lat="52.567296" lon="8.845289">
        <ele>45.824176</ele>
        <time>2026-06-27T23:47:10.610Z</time>
      </trkpt>
      <trkpt lat="52.568057" lon="8.843371">
        <ele>45.069223</ele>
        <time>2026-06-27T23:47:28.607Z</time>
      </trkpt>
      <trkpt lat="52.568505" lon="8.842226">
        <ele>44.826819</ele>
        <time>2026-06-27T23:47:39.148Z</time>
      </trkpt>
      <trkpt lat="52.568543" lon="8.842270">
        <ele>44.820552</ele>
        <time>2026-06-27T23:47:39.755Z</time>
      </trkpt>
      <trkpt lat="52.570316" lon="8.837758">
        <ele>44.917672</ele>
        <time>2026-06-27T23:48:29.842Z</time>
      </trkpt>
      <trkpt lat="52.570667" lon="8.836811">
        <ele>44.986327</ele>
        <time>2026-06-27T23:48:40.358Z</time>
      </trkpt>
      <trkpt lat="52.570853" lon="8.836226">
        <ele>45.027191</ele>
        <time>2026-06-27T23:48:46.361Z</time>
      </trkpt>
      <trkpt lat="52.570869" lon="8.836170">
        <ele>45.031021</ele>
        <time>2026-06-27T23:48:46.953Z</time>
      </trkpt>
      <trkpt lat="52.571005" lon="8.835585">
        <ele>45.069789</ele>
        <time>2026-06-27T23:48:52.549Z</time>
      </trkpt>
      <trkpt lat="52.571069" lon="8.835194">
        <ele>45.105079</ele>
        <time>2026-06-27T23:48:56.151Z</time>
      </trkpt>
      <trkpt lat="52.571120" lon="8.834779">
        <ele>45.147465</ele>
        <time>2026-06-27T23:48:59.872Z</time>
      </trkpt>
      <trkpt lat="52.571172" lon="8.833914">
        <ele>45.234482</ele>
        <time>2026-06-27T23:49:07.836Z</time>
      </trkpt>
      <trkpt lat="52.571180" lon="8.833113">
        <ele>45.314680</ele>
        <time>2026-06-27T23:49:15.630Z</time>
      </trkpt>
      <trkpt lat="52.571129" lon="8.829676">
        <ele>46.175483</ele>
        <time>2026-06-27T23:49:50.045Z</time>
      </trkpt>
      <trkpt lat="52.571161" lon="8.828297">
        <ele>46.952304</ele>
        <time>2026-06-27T23:50:05.115Z</time>
      </trkpt>
      <trkpt lat="52.571376" lon="8.826142">
        <ele>47.836775</ele>
        <time>2026-06-27T23:50:31.880Z</time>
      </trkpt>
      <trkpt lat="52.571447" lon="8.825435">
        <ele>47.663961</ele>
        <time>2026-06-27T23:50:38.484Z</time>
      </trkpt>
      <trkpt lat="52.571625" lon="8.823804">
        <ele>47.264336</ele>
        <time>2026-06-27T23:50:50.650Z</time>
      </trkpt>
      <trkpt lat="52.571843" lon="8.821686">
        <ele>45.782553</ele>
        <time>2026-06-27T23:51:05.721Z</time>
      </trkpt>
      <trkpt lat="52.571984" lon="8.820307">
        <ele>45.197481</ele>
        <time>2026-06-27T23:51:16.397Z</time>
      </trkpt>
      <trkpt lat="52.571943" lon="8.820298">
        <ele>45.206448</ele>
        <time>2026-06-27T23:51:17.474Z</time>
      </trkpt>
      <trkpt lat="52.572001" lon="8.819727">
        <ele>45.282724</ele>
        <time>2026-06-27T23:51:22.225Z</time>
      </trkpt>
      <trkpt lat="52.572149" lon="8.818013">
        <ele>45.510820</ele>
        <time>2026-06-27T23:51:40.277Z</time>
      </trkpt>
      <trkpt lat="52.572175" lon="8.817968">
        <ele>45.519000</ele>
        <time>2026-06-27T23:51:41.043Z</time>
      </trkpt>
      <trkpt lat="52.572327" lon="8.816608">
        <ele>46.420671</ele>
        <time>2026-06-27T23:51:58.339Z</time>
      </trkpt>
      <trkpt lat="52.572357" lon="8.816296">
        <ele>46.630628</ele>
        <time>2026-06-27T23:52:02.201Z</time>
      </trkpt>
      <trkpt lat="52.572375" lon="8.816094">
        <ele>46.766326</ele>
        <time>2026-06-27T23:52:04.728Z</time>
      </trkpt>
      <trkpt lat="52.572336" lon="8.815679">
        <ele>47.045443</ele>
        <time>2026-06-27T23:52:09.817Z</time>
      </trkpt>
      <trkpt lat="52.572210" lon="8.815140">
        <ele>47.429288</ele>
        <time>2026-06-27T23:52:16.336Z</time>
      </trkpt>
      <trkpt lat="52.571994" lon="8.813761">
        <ele>47.822299</ele>
        <time>2026-06-27T23:52:30.142Z</time>
      </trkpt>
      <trkpt lat="52.571867" lon="8.813140">
        <ele>47.985553</ele>
        <time>2026-06-27T23:52:36.475Z</time>
      </trkpt>
      <trkpt lat="52.571597" lon="8.812217">
        <ele>48.229685</ele>
        <time>2026-06-27T23:52:46.852Z</time>
      </trkpt>
      <trkpt lat="52.571286" lon="8.811451">
        <ele>48.263636</ele>
        <time>2026-06-27T23:52:56.145Z</time>
      </trkpt>
      <trkpt lat="52.570963" lon="8.810833">
        <ele>48.293676</ele>
        <time>2026-06-27T23:53:04.072Z</time>
      </trkpt>
      <trkpt lat="52.570586" lon="8.810263">
        <ele>48.324724</ele>
        <time>2026-06-27T23:53:11.533Z</time>
      </trkpt>
      <trkpt lat="52.569968" lon="8.809392">
        <ele>47.732949</ele>
        <time>2026-06-27T23:53:21.855Z</time>
      </trkpt>
      <trkpt lat="52.569580" lon="8.809026">
        <ele>47.293165</ele>
        <time>2026-06-27T23:53:27.159Z</time>
      </trkpt>
      <trkpt lat="52.569133" lon="8.808663">
        <ele>46.802998</ele>
        <time>2026-06-27T23:53:33.010Z</time>
      </trkpt>
      <trkpt lat="52.568588" lon="8.808219">
        <ele>46.322388</ele>
        <time>2026-06-27T23:53:40.359Z</time>
      </trkpt>
      <trkpt lat="52.568326" lon="8.807992">
        <ele>46.125333</ele>
        <time>2026-06-27T23:53:44.025Z</time>
      </trkpt>
      <trkpt lat="52.567770" lon="8.807447">
        <ele>45.694632</ele>
        <time>2026-06-27T23:53:52.343Z</time>
      </trkpt>
      <trkpt lat="52.562909" lon="8.802536">
        <ele>44.796446</ele>
        <time>2026-06-27T23:55:14.072Z</time>
      </trkpt>
      <trkpt lat="52.562657" lon="8.802304">
        <ele>44.819742</ele>
        <time>2026-06-27T23:55:18.646Z</time>
      </trkpt>
      <trkpt lat="52.561472" lon="8.801510">
        <ele>45.216441</ele>
        <time>2026-06-27T23:55:39.677Z</time>
      </trkpt>
      <trkpt lat="52.559913" lon="8.800458">
        <ele>45.775150</ele>
        <time>2026-06-27T23:56:06.951Z</time>
      </trkpt>
      <trkpt lat="52.557902" lon="8.798396">
        <ele>46.420874</ele>
        <time>2026-06-27T23:56:45.005Z</time>
      </trkpt>
      <trkpt lat="52.557732" lon="8.798251">
        <ele>46.402689</ele>
        <time>2026-06-27T23:56:47.864Z</time>
      </trkpt>
      <trkpt lat="52.557500" lon="8.798200">
        <ele>46.380462</ele>
        <time>2026-06-27T23:56:51.276Z</time>
      </trkpt>
      <trkpt lat="52.557177" lon="8.798289">
        <ele>46.349362</ele>
        <time>2026-06-27T23:56:55.929Z</time>
      </trkpt>
      <trkpt lat="52.556039" lon="8.798744">
        <ele>46.093156</ele>
        <time>2026-06-27T23:57:12.636Z</time>
      </trkpt>
      <trkpt lat="52.555716" lon="8.798870">
        <ele>45.787042</ele>
        <time>2026-06-27T23:57:16.939Z</time>
      </trkpt>
      <trkpt lat="52.555598" lon="8.798882">
        <ele>45.678022</ele>
        <time>2026-06-27T23:57:18.444Z</time>
      </trkpt>
      <trkpt lat="52.555391" lon="8.798828">
        <ele>45.484753</ele>
        <time>2026-06-27T23:57:21.064Z</time>
      </trkpt>
      <trkpt lat="52.555236" lon="8.798701">
        <ele>45.325068</ele>
        <time>2026-06-27T23:57:23.196Z</time>
      </trkpt>
      <trkpt lat="52.555094" lon="8.798474">
        <ele>45.142465</ele>
        <time>2026-06-27T23:57:25.602Z</time>
      </trkpt>
      <trkpt lat="52.555032" lon="8.798327">
        <ele>45.042159</ele>
        <time>2026-06-27T23:57:26.908Z</time>
      </trkpt>
      <trkpt lat="52.554968" lon="8.798089">
        <ele>44.896253</ele>
        <time>2026-06-27T23:57:28.782Z</time>
      </trkpt>
      <trkpt lat="52.554623" lon="8.795852">
        <ele>43.485022</ele>
        <time>2026-06-27T23:57:44.946Z</time>
      </trkpt>
      <trkpt lat="52.553687" lon="8.789856">
        <ele>41.646905</ele>
        <time>2026-06-27T23:58:35.968Z</time>
      </trkpt>
      <trkpt lat="52.553561" lon="8.789156">
        <ele>41.498535</ele>
        <time>2026-06-27T23:58:42.138Z</time>
      </trkpt>
      <trkpt lat="52.553435" lon="8.788754">
        <ele>41.422406</ele>
        <time>2026-06-27T23:58:45.974Z</time>
      </trkpt>
      <trkpt lat="52.551524" lon="8.783811">
        <ele>40.446470</ele>
        <time>2026-06-27T23:59:35.764Z</time>
      </trkpt>
      <trkpt lat="52.550514" lon="8.781200">
        <ele>39.243959</ele>
        <time>2026-06-27T23:59:59.467Z</time>
      </trkpt>
      <trkpt lat="52.550387" lon="8.780841">
        <ele>39.169562</ele>
        <time>2026-06-28T00:00:02.759Z</time>
      </trkpt>
      <trkpt lat="52.549495" lon="8.777608">
        <ele>38.740773</ele>
        <time>2026-06-28T00:00:34.089Z</time>
      </trkpt>
      <trkpt lat="52.549332" lon="8.776745">
        <ele>38.716938</ele>
        <time>2026-06-28T00:00:42.258Z</time>
      </trkpt>
      <trkpt lat="52.549082" lon="8.774952">
        <ele>38.672240</ele>
        <time>2026-06-28T00:00:58.498Z</time>
      </trkpt>
      <trkpt lat="52.548875" lon="8.773691">
        <ele>38.642160</ele>
        <time>2026-06-28T00:01:10.146Z</time>
      </trkpt>
      <trkpt lat="52.548783" lon="8.773329">
        <ele>38.633124</ele>
        <time>2026-06-28T00:01:13.693Z</time>
      </trkpt>
      <trkpt lat="52.548054" lon="8.771296">
        <ele>38.642854</ele>
        <time>2026-06-28T00:01:35.223Z</time>
      </trkpt>
      <trkpt lat="52.547935" lon="8.770848">
        <ele>38.645568</ele>
        <time>2026-06-28T00:01:39.569Z</time>
      </trkpt>
      <trkpt lat="52.547550" lon="8.768943">
        <ele>38.424620</ele>
        <time>2026-06-28T00:01:56.882Z</time>
      </trkpt>
      <trkpt lat="52.547482" lon="8.768520">
        <ele>38.370019</ele>
        <time>2026-06-28T00:02:00.598Z</time>
      </trkpt>
      <trkpt lat="52.547037" lon="8.764467">
        <ele>37.715222</ele>
        <time>2026-06-28T00:02:35.337Z</time>
      </trkpt>
      <trkpt lat="52.546751" lon="8.761955">
        <ele>37.360627</ele>
        <time>2026-06-28T00:02:57.024Z</time>
      </trkpt>
      <trkpt lat="52.546669" lon="8.761557">
        <ele>37.364521</ele>
        <time>2026-06-28T00:03:00.693Z</time>
      </trkpt>
      <trkpt lat="52.546561" lon="8.761204">
        <ele>37.368183</ele>
        <time>2026-06-28T00:03:04.173Z</time>
      </trkpt>
      <trkpt lat="52.542026" lon="8.750640">
        <ele>37.383353</ele>
        <time>2026-06-28T00:05:01.570Z</time>
      </trkpt>
      <trkpt lat="52.541384" lon="8.749163">
        <ele>37.268999</ele>
        <time>2026-06-28T00:05:17.059Z</time>
      </trkpt>
      <trkpt lat="52.541167" lon="8.748763">
        <ele>37.222675</ele>
        <time>2026-06-28T00:05:21.632Z</time>
      </trkpt>
      <trkpt lat="52.539900" lon="8.747068">
        <ele>37.074754</ele>
        <time>2026-06-28T00:05:45.285Z</time>
      </trkpt>
      <trkpt lat="52.538426" lon="8.745118">
        <ele>37.113932</ele>
        <time>2026-06-28T00:06:13.800Z</time>
      </trkpt>
      <trkpt lat="52.537947" lon="8.744436">
        <ele>37.158748</ele>
        <time>2026-06-28T00:06:23.472Z</time>
      </trkpt>
      <trkpt lat="52.537646" lon="8.743944">
        <ele>37.188768</ele>
        <time>2026-06-28T00:06:29.907Z</time>
      </trkpt>
      <trkpt lat="52.537415" lon="8.743507">
        <ele>37.117622</ele>
        <time>2026-06-28T00:06:35.192Z</time>
      </trkpt>
      <trkpt lat="52.537162" lon="8.742957">
        <ele>37.031454</ele>
        <time>2026-06-28T00:06:41.199Z</time>
      </trkpt>
      <trkpt lat="52.536946" lon="8.742403">
        <ele>36.949225</ele>
        <time>2026-06-28T00:06:46.767Z</time>
      </trkpt>
      <trkpt lat="52.536862" lon="8.742164">
        <ele>36.914733</ele>
        <time>2026-06-28T00:06:49.072Z</time>
      </trkpt>
      <trkpt lat="52.536633" lon="8.741369">
        <ele>36.809814</ele>
        <time>2026-06-28T00:06:56.321Z</time>
      </trkpt>
      <trkpt lat="52.536500" lon="8.740794">
        <ele>36.759009</ele>
        <time>2026-06-28T00:07:01.322Z</time>
      </trkpt>
      <trkpt lat="52.536364" lon="8.740046">
        <ele>36.694533</ele>
        <time>2026-06-28T00:07:07.850Z</time>
      </trkpt>
      <trkpt lat="52.536277" lon="8.739322">
        <ele>36.633584</ele>
        <time>2026-06-28T00:07:14.382Z</time>
      </trkpt>
      <trkpt lat="52.536213" lon="8.738192">
        <ele>36.625432</ele>
        <time>2026-06-28T00:07:24.992Z</time>
      </trkpt>
      <trkpt lat="52.536218" lon="8.737290">
        <ele>36.730560</ele>
        <time>2026-06-28T00:07:33.831Z</time>
      </trkpt>
      <trkpt lat="52.536496" lon="8.730000">
        <ele>37.455257</ele>
        <time>2026-06-28T00:08:43.137Z</time>
      </trkpt>
      <trkpt lat="52.536729" lon="8.723810">
        <ele>36.589264</ele>
        <time>2026-06-28T00:09:34.970Z</time>
      </trkpt>
      <trkpt lat="52.536743" lon="8.723429">
        <ele>36.657408</ele>
        <time>2026-06-28T00:09:38.861Z</time>
      </trkpt>
      <trkpt lat="52.536788" lon="8.722230">
        <ele>36.871873</ele>
        <time>2026-06-28T00:09:51.230Z</time>
      </trkpt>
      <trkpt lat="52.536805" lon="8.721749">
        <ele>36.957891</ele>
        <time>2026-06-28T00:09:56.199Z</time>
      </trkpt>
      <trkpt lat="52.536868" lon="8.720034">
        <ele>37.052921</ele>
        <time>2026-06-28T00:10:12.268Z</time>
      </trkpt>
      <trkpt lat="52.536919" lon="8.718658">
        <ele>36.966833</ele>
        <time>2026-06-28T00:10:23.729Z</time>
      </trkpt>
      <trkpt lat="52.536996" lon="8.716620">
        <ele>37.297778</ele>
        <time>2026-06-28T00:10:42.138Z</time>
      </trkpt>
      <trkpt lat="52.537010" lon="8.715848">
        <ele>37.513408</ele>
        <time>2026-06-28T00:10:49.879Z</time>
      </trkpt>
      <trkpt lat="52.536918" lon="8.714792">
        <ele>37.891648</ele>
        <time>2026-06-28T00:11:02.473Z</time>
      </trkpt>
      <trkpt lat="52.536896" lon="8.714653">
        <ele>37.983310</ele>
        <time>2026-06-28T00:11:04.237Z</time>
      </trkpt>
      <trkpt lat="52.536804" lon="8.714261">
        <ele>38.251454</ele>
        <time>2026-06-28T00:11:09.462Z</time>
      </trkpt>
      <trkpt lat="52.536669" lon="8.713882">
        <ele>38.531748</ele>
        <time>2026-06-28T00:11:14.953Z</time>
      </trkpt>
      <trkpt lat="52.536276" lon="8.712874">
        <ele>39.295849</ele>
        <time>2026-06-28T00:11:29.155Z</time>
      </trkpt>
      <trkpt lat="52.536234" lon="8.712771">
        <ele>39.374986</ele>
        <time>2026-06-28T00:11:30.523Z</time>
      </trkpt>
      <trkpt lat="52.535973" lon="8.712109">
        <ele>39.597386</ele>
        <time>2026-06-28T00:11:38.699Z</time>
      </trkpt>
      <trkpt lat="52.535901" lon="8.711922">
        <ele>39.574985</ele>
        <time>2026-06-28T00:11:40.755Z</time>
      </trkpt>
      <trkpt lat="52.535719" lon="8.711444">
        <ele>39.517906</ele>
        <time>2026-06-28T00:11:45.780Z</time>
      </trkpt>
      <trkpt lat="52.535676" lon="8.711348">
        <ele>39.505838</ele>
        <time>2026-06-28T00:11:46.787Z</time>
      </trkpt>
      <trkpt lat="52.535016" lon="8.709667">
        <ele>39.161242</ele>
        <time>2026-06-28T00:12:03.059Z</time>
      </trkpt>
      <trkpt lat="52.534672" lon="8.708793">
        <ele>38.605438</ele>
        <time>2026-06-28T00:12:10.861Z</time>
      </trkpt>
      <trkpt lat="52.534539" lon="8.708356">
        <ele>38.344544</ele>
        <time>2026-06-28T00:12:14.418Z</time>
      </trkpt>
      <trkpt lat="52.534507" lon="8.707997">
        <ele>38.150822</ele>
        <time>2026-06-28T00:12:17.072Z</time>
      </trkpt>
      <trkpt lat="52.534513" lon="8.707745">
        <ele>38.016173</ele>
        <time>2026-06-28T00:12:18.936Z</time>
      </trkpt>
      <trkpt lat="52.534659" lon="8.706967">
        <ele>37.665506</ele>
        <time>2026-06-28T00:12:25.051Z</time>
      </trkpt>
      <trkpt lat="52.534681" lon="8.706860">
        <ele>37.633938</ele>
        <time>2026-06-28T00:12:25.906Z</time>
      </trkpt>
      <trkpt lat="52.534590" lon="8.706822">
        <ele>37.590798</ele>
        <time>2026-06-28T00:12:29.146Z</time>
      </trkpt>
      <trkpt lat="52.534751" lon="8.705957">
        <ele>37.337970</ele>
        <time>2026-06-28T00:12:36.471Z</time>
      </trkpt>
      <trkpt lat="52.534801" lon="8.705872">
        <ele>37.304922</ele>
        <time>2026-06-28T00:12:37.466Z</time>
      </trkpt>
      <trkpt lat="52.534874" lon="8.705905">
        <ele>37.270135</ele>
        <time>2026-06-28T00:12:38.513Z</time>
      </trkpt>
      <trkpt lat="52.534911" lon="8.705718">
        <ele>37.215174</ele>
        <time>2026-06-28T00:12:40.178Z</time>
      </trkpt>
      <trkpt lat="52.534968" lon="8.705442">
        <ele>37.133709</ele>
        <time>2026-06-28T00:12:42.696Z</time>
      </trkpt>
      <trkpt lat="52.535003" lon="8.705229">
        <ele>37.072043</ele>
        <time>2026-06-28T00:12:44.644Z</time>
      </trkpt>
      <trkpt lat="52.535089" lon="8.704495">
        <ele>36.945038</ele>
        <time>2026-06-28T00:12:51.168Z</time>
      </trkpt>
      <trkpt lat="52.535090" lon="8.704237">
        <ele>36.959467</ele>
        <time>2026-06-28T00:12:53.385Z</time>
      </trkpt>
      <trkpt lat="52.535093" lon="8.703858">
        <ele>36.980665</ele>
        <time>2026-06-28T00:12:56.564Z</time>
      </trkpt>
      <trkpt lat="52.535042" lon="8.703181">
        <ele>37.018817</ele>
        <time>2026-06-28T00:13:02.449Z</time>
      </trkpt>
      <trkpt lat="52.534880" lon="8.702217">
        <ele>37.074751</ele>
        <time>2026-06-28T00:13:11.819Z</time>
      </trkpt>
      <trkpt lat="52.534679" lon="8.701119">
        <ele>37.680445</ele>
        <time>2026-06-28T00:13:24.150Z</time>
      </trkpt>
      <trkpt lat="52.534677" lon="8.701114">
        <ele>37.685082</ele>
        <time>2026-06-28T00:13:24.213Z</time>
      </trkpt>
      <trkpt lat="52.534563" lon="8.700689">
        <ele>38.045024</ele>
        <time>2026-06-28T00:13:29.718Z</time>
      </trkpt>
      <trkpt lat="52.533977" lon="8.699347">
        <ele>39.325189</ele>
        <time>2026-06-28T00:13:51.467Z</time>
      </trkpt>
      <trkpt lat="52.533769" lon="8.698758">
        <ele>39.617166</ele>
        <time>2026-06-28T00:14:00.116Z</time>
      </trkpt>
      <trkpt lat="52.533551" lon="8.697853">
        <ele>39.988822</ele>
        <time>2026-06-28T00:14:11.363Z</time>
      </trkpt>
      <trkpt lat="52.533516" lon="8.697701">
        <ele>40.050878</ele>
        <time>2026-06-28T00:14:13.086Z</time>
      </trkpt>
      <trkpt lat="52.533367" lon="8.697018">
        <ele>40.327927</ele>
        <time>2026-06-28T00:14:19.955Z</time>
      </trkpt>
      <trkpt lat="52.533319" lon="8.696609">
        <ele>40.486973</ele>
        <time>2026-06-28T00:14:23.308Z</time>
      </trkpt>
      <trkpt lat="52.533307" lon="8.696198">
        <ele>40.453567</ele>
        <time>2026-06-28T00:14:26.549Z</time>
      </trkpt>
      <trkpt lat="52.533292" lon="8.695488">
        <ele>40.317744</ele>
        <time>2026-06-28T00:14:32.056Z</time>
      </trkpt>
      <trkpt lat="52.533163" lon="8.694857">
        <ele>40.190476</ele>
        <time>2026-06-28T00:14:37.440Z</time>
      </trkpt>
      <trkpt lat="52.532910" lon="8.693796">
        <ele>39.972600</ele>
        <time>2026-06-28T00:14:47.377Z</time>
      </trkpt>
      <trkpt lat="52.532829" lon="8.693319">
        <ele>39.858611</ele>
        <time>2026-06-28T00:14:51.962Z</time>
      </trkpt>
      <trkpt lat="52.532674" lon="8.693309">
        <ele>39.797124</ele>
        <time>2026-06-28T00:14:54.388Z</time>
      </trkpt>
      <trkpt lat="52.532024" lon="8.692958">
        <ele>39.525931</ele>
        <time>2026-06-28T00:15:04.429Z</time>
      </trkpt>
      <trkpt lat="52.531925" lon="8.692904">
        <ele>39.484585</ele>
        <time>2026-06-28T00:15:05.799Z</time>
      </trkpt>
      <trkpt lat="52.531274" lon="8.692536">
        <ele>39.180148</ele>
        <time>2026-06-28T00:15:14.216Z</time>
      </trkpt>
      <trkpt lat="52.531234" lon="8.692522">
        <ele>39.145108</ele>
        <time>2026-06-28T00:15:14.707Z</time>
      </trkpt>
      <trkpt lat="52.531173" lon="8.692499">
        <ele>39.091486</ele>
        <time>2026-06-28T00:15:15.458Z</time>
      </trkpt>
      <trkpt lat="52.531120" lon="8.692678">
        <ele>38.987724</ele>
        <time>2026-06-28T00:15:17.571Z</time>
      </trkpt>
      <trkpt lat="52.531091" lon="8.692559">
        <ele>38.920907</ele>
        <time>2026-06-28T00:15:18.931Z</time>
      </trkpt>
      <trkpt lat="52.531057" lon="8.692517">
        <ele>38.884468</ele>
        <time>2026-06-28T00:15:19.670Z</time>
      </trkpt>
      <trkpt lat="52.530519" lon="8.692217">
        <ele>38.397711</ele>
        <time>2026-06-28T00:15:29.526Z</time>
      </trkpt>
      <trkpt lat="52.530046" lon="8.691956">
        <ele>37.970222</ele>
        <time>2026-06-28T00:15:38.304Z</time>
      </trkpt>
      <trkpt lat="52.530058" lon="8.691890">
        <ele>37.934317</ele>
        <time>2026-06-28T00:15:38.846Z</time>
      </trkpt>
      <trkpt lat="52.529531" lon="8.691591">
        <ele>37.631236</ele>
        <time>2026-06-28T00:15:46.276Z</time>
      </trkpt>
      <trkpt lat="52.529350" lon="8.691443">
        <ele>37.583424</ele>
        <time>2026-06-28T00:15:49.006Z</time>
      </trkpt>
      <trkpt lat="52.529184" lon="8.691225">
        <ele>37.533172</ele>
        <time>2026-06-28T00:15:51.837Z</time>
      </trkpt>
      <trkpt lat="52.529102" lon="8.691065">
        <ele>37.503071</ele>
        <time>2026-06-28T00:15:53.527Z</time>
      </trkpt>
      <trkpt lat="52.528977" lon="8.690707">
        <ele>37.443680</ele>
        <time>2026-06-28T00:15:56.881Z</time>
      </trkpt>
      <trkpt lat="52.528503" lon="8.688829">
        <ele>37.472945</ele>
        <time>2026-06-28T00:16:15.686Z</time>
      </trkpt>
      <trkpt lat="52.528463" lon="8.688671">
        <ele>37.513661</ele>
        <time>2026-06-28T00:16:17.496Z</time>
      </trkpt>
      <trkpt lat="52.527809" lon="8.686113">
        <ele>38.122932</ele>
        <time>2026-06-28T00:16:46.166Z</time>
      </trkpt>
      <trkpt lat="52.527656" lon="8.685801">
        <ele>38.193770</ele>
        <time>2026-06-28T00:16:50.020Z</time>
      </trkpt>
      <trkpt lat="52.526895" lon="8.684633">
        <ele>38.496297</ele>
        <time>2026-06-28T00:17:06.046Z</time>
      </trkpt>
      <trkpt lat="52.526089" lon="8.683362">
        <ele>38.707677</ele>
        <time>2026-06-28T00:17:23.347Z</time>
      </trkpt>
      <trkpt lat="52.525523" lon="8.682219">
        <ele>38.862173</ele>
        <time>2026-06-28T00:17:37.542Z</time>
      </trkpt>
      <trkpt lat="52.524235" lon="8.679621">
        <ele>39.026968</ele>
        <time>2026-06-28T00:18:08.839Z</time>
      </trkpt>
      <trkpt lat="52.524031" lon="8.679123">
        <ele>39.007861</ele>
        <time>2026-06-28T00:18:14.012Z</time>
      </trkpt>
      <trkpt lat="52.523977" lon="8.679202">
        <ele>39.004080</ele>
        <time>2026-06-28T00:18:21.969Z</time>
      </trkpt>
      <trkpt lat="52.523942" lon="8.679148">
        <ele>39.001569</ele>
        <time>2026-06-28T00:18:22.636Z</time>
      </trkpt>
      <trkpt lat="52.523197" lon="8.677034">
        <ele>39.151842</ele>
        <time>2026-06-28T00:18:44.091Z</time>
      </trkpt>
      <trkpt lat="52.522423" lon="8.674812">
        <ele>39.488666</ele>
        <time>2026-06-28T00:19:10.639Z</time>
      </trkpt>
      <trkpt lat="52.522417" lon="8.674723">
        <ele>39.483834</ele>
        <time>2026-06-28T00:19:11.506Z</time>
      </trkpt>
      <trkpt lat="52.522457" lon="8.674627">
        <ele>39.477555</ele>
        <time>2026-06-28T00:19:12.631Z</time>
      </trkpt>
      <trkpt lat="52.520843" lon="8.669984">
        <ele>38.817261</ele>
        <time>2026-06-28T00:19:57.252Z</time>
      </trkpt>
      <trkpt lat="52.520678" lon="8.669302">
        <ele>38.842560</ele>
        <time>2026-06-28T00:20:03.695Z</time>
      </trkpt>
      <trkpt lat="52.520349" lon="8.667634">
        <ele>38.903003</ele>
        <time>2026-06-28T00:20:20.182Z</time>
      </trkpt>
      <trkpt lat="52.520313" lon="8.667449">
        <ele>38.909698</ele>
        <time>2026-06-28T00:20:22.058Z</time>
      </trkpt>
      <trkpt lat="52.519923" lon="8.665479">
        <ele>39.110906</ele>
        <time>2026-06-28T00:20:42.337Z</time>
      </trkpt>
      <trkpt lat="52.519747" lon="8.664500">
        <ele>39.165909</ele>
        <time>2026-06-28T00:20:51.629Z</time>
      </trkpt>
      <trkpt lat="52.519052" lon="8.660251">
        <ele>38.189121</ele>
        <time>2026-06-28T00:21:27.260Z</time>
      </trkpt>
      <trkpt lat="52.518717" lon="8.657914">
        <ele>38.011679</ele>
        <time>2026-06-28T00:21:48.445Z</time>
      </trkpt>
      <trkpt lat="52.518528" lon="8.656509">
        <ele>38.103498</ele>
        <time>2026-06-28T00:22:02.025Z</time>
      </trkpt>
      <trkpt lat="52.518483" lon="8.656172">
        <ele>38.125514</ele>
        <time>2026-06-28T00:22:05.367Z</time>
      </trkpt>
      <trkpt lat="52.518118" lon="8.653069">
        <ele>38.552115</ele>
        <time>2026-06-28T00:22:36.110Z</time>
      </trkpt>
      <trkpt lat="52.517848" lon="8.650502">
        <ele>38.204036</ele>
        <time>2026-06-28T00:22:58.102Z</time>
      </trkpt>
      <trkpt lat="52.517829" lon="8.650372">
        <ele>38.186172</ele>
        <time>2026-06-28T00:22:59.207Z</time>
      </trkpt>
      <trkpt lat="52.517741" lon="8.649786">
        <ele>38.115226</ele>
        <time>2026-06-28T00:23:04.206Z</time>
      </trkpt>
      <trkpt lat="52.517544" lon="8.648811">
        <ele>38.000774</ele>
        <time>2026-06-28T00:23:12.879Z</time>
      </trkpt>
      <trkpt lat="52.517286" lon="8.647861">
        <ele>37.884877</ele>
        <time>2026-06-28T00:23:21.933Z</time>
      </trkpt>
      <trkpt lat="52.516921" lon="8.646844">
        <ele>37.930355</ele>
        <time>2026-06-28T00:23:32.520Z</time>
      </trkpt>
      <trkpt lat="52.516111" lon="8.645129">
        <ele>38.215369</ele>
        <time>2026-06-28T00:23:53.641Z</time>
      </trkpt>
      <trkpt lat="52.515763" lon="8.644380">
        <ele>38.300858</ele>
        <time>2026-06-28T00:24:03.251Z</time>
      </trkpt>
      <trkpt lat="52.515640" lon="8.644078">
        <ele>38.332904</ele>
        <time>2026-06-28T00:24:06.700Z</time>
      </trkpt>
      <trkpt lat="52.515433" lon="8.643571">
        <ele>38.386744</ele>
        <time>2026-06-28T00:24:12.386Z</time>
      </trkpt>
      <trkpt lat="52.515226" lon="8.642913">
        <ele>38.452065</ele>
        <time>2026-06-28T00:24:19.022Z</time>
      </trkpt>
      <trkpt lat="52.515091" lon="8.642483">
        <ele>38.495895</ele>
        <time>2026-06-28T00:24:23.150Z</time>
      </trkpt>
      <trkpt lat="52.514574" lon="8.640852">
        <ele>38.674505</ele>
        <time>2026-06-28T00:24:39.669Z</time>
      </trkpt>
      <trkpt lat="52.514259" lon="8.639996">
        <ele>38.772716</ele>
        <time>2026-06-28T00:24:49.984Z</time>
      </trkpt>
      <trkpt lat="52.513738" lon="8.638866">
        <ele>39.020483</ele>
        <time>2026-06-28T00:25:04.487Z</time>
      </trkpt>
      <trkpt lat="52.513389" lon="8.638217">
        <ele>39.171846</ele>
        <time>2026-06-28T00:25:12.639Z</time>
      </trkpt>
      <trkpt lat="52.512278" lon="8.636355">
        <ele>39.222329</ele>
        <time>2026-06-28T00:25:36.148Z</time>
      </trkpt>
      <trkpt lat="52.511566" lon="8.635139">
        <ele>39.224964</ele>
        <time>2026-06-28T00:25:50.777Z</time>
      </trkpt>
      <trkpt lat="52.511240" lon="8.634520">
        <ele>39.268149</ele>
        <time>2026-06-28T00:25:58.013Z</time>
      </trkpt>
      <trkpt lat="52.510850" lon="8.633701">
        <ele>39.323011</ele>
        <time>2026-06-28T00:26:08.131Z</time>
      </trkpt>
      <trkpt lat="52.510488" lon="8.632833">
        <ele>39.427711</ele>
        <time>2026-06-28T00:26:18.365Z</time>
      </trkpt>
      <trkpt lat="52.510411" lon="8.632656">
        <ele>39.455995</ele>
        <time>2026-06-28T00:26:20.549Z</time>
      </trkpt>
      <trkpt lat="52.510370" lon="8.632710">
        <ele>39.467219</ele>
        <time>2026-06-28T00:26:21.422Z</time>
      </trkpt>
      <trkpt lat="52.510207" lon="8.633086">
        <ele>39.527233</ele>
        <time>2026-06-28T00:26:25.991Z</time>
      </trkpt>
      <trkpt lat="52.510092" lon="8.633443">
        <ele>39.579744</ele>
        <time>2026-06-28T00:26:29.912Z</time>
      </trkpt>
      <trkpt lat="52.509966" lon="8.633282">
        <ele>39.613839</ele>
        <time>2026-06-28T00:26:47.723Z</time>
      </trkpt>
      <trkpt lat="52.509929" lon="8.633142">
        <ele>39.633681</ele>
        <time>2026-06-28T00:26:58.071Z</time>
      </trkpt>
      <trkpt lat="52.509922" lon="8.632985">
        <ele>39.654146</ele>
        <time>2026-06-28T00:27:08.764Z</time>
      </trkpt>
      <trkpt lat="52.510138" lon="8.632744">
        <ele>39.709917</ele>
        <time>2026-06-28T00:27:37.647Z</time>
      </trkpt>
      <trkpt lat="52.509922" lon="8.632985">
        <ele>39.740127</ele>
        <time>2026-06-28T00:28:06.703Z</time>
      </trkpt>
      <trkpt lat="52.509929" lon="8.633142">
        <ele>39.746285</ele>
        <time>2026-06-28T00:28:17.477Z</time>
      </trkpt>
      <trkpt lat="52.509966" lon="8.633282">
        <ele>39.752255</ele>
        <time>2026-06-28T00:28:27.911Z</time>
      </trkpt>
      <trkpt lat="52.510092" lon="8.633443">
        <ele>39.762514</ele>
        <time>2026-06-28T00:28:45.857Z</time>
      </trkpt>
      <trkpt lat="52.510450" lon="8.632880">
        <ele>39.794364</ele>
        <time>2026-06-28T00:28:53.624Z</time>
      </trkpt>
      <trkpt lat="52.510488" lon="8.632833">
        <ele>39.797421</ele>
        <time>2026-06-28T00:28:54.327Z</time>
      </trkpt>
      <trkpt lat="52.510411" lon="8.632656">
        <ele>39.805931</ele>
        <time>2026-06-28T00:28:56.260Z</time>
      </trkpt>
      <trkpt lat="52.510132" lon="8.631934">
        <ele>39.839385</ele>
        <time>2026-06-28T00:29:03.737Z</time>
      </trkpt>
      <trkpt lat="52.509990" lon="8.631513">
        <ele>39.808898</ele>
        <time>2026-06-28T00:29:08.126Z</time>
      </trkpt>
      <trkpt lat="52.509892" lon="8.631166">
        <ele>39.769144</ele>
        <time>2026-06-28T00:29:11.728Z</time>
      </trkpt>
      <trkpt lat="52.509808" lon="8.630638">
        <ele>39.712431</ele>
        <time>2026-06-28T00:29:16.453Z</time>
      </trkpt>
      <trkpt lat="52.509719" lon="8.629402">
        <ele>39.583090</ele>
        <time>2026-06-28T00:29:26.868Z</time>
      </trkpt>
      <trkpt lat="52.509610" lon="8.628557">
        <ele>39.443014</ele>
        <time>2026-06-28T00:29:34.350Z</time>
      </trkpt>
      <trkpt lat="52.509306" lon="8.627304">
        <ele>39.143597</ele>
        <time>2026-06-28T00:29:45.538Z</time>
      </trkpt>
      <trkpt lat="52.509182" lon="8.626794">
        <ele>39.021691</ele>
        <time>2026-06-28T00:29:49.994Z</time>
      </trkpt>
      <trkpt lat="52.509038" lon="8.626206">
        <ele>38.881539</ele>
        <time>2026-06-28T00:29:55.075Z</time>
      </trkpt>
      <trkpt lat="52.508886" lon="8.625622">
        <ele>38.860613</ele>
        <time>2026-06-28T00:30:00.391Z</time>
      </trkpt>
      <trkpt lat="52.508722" lon="8.624976">
        <ele>38.837553</ele>
        <time>2026-06-28T00:30:06.469Z</time>
      </trkpt>
      <trkpt lat="52.508549" lon="8.624112">
        <ele>38.807588</ele>
        <time>2026-06-28T00:30:14.766Z</time>
      </trkpt>
      <trkpt lat="52.508500" lon="8.623890">
        <ele>38.799808</ele>
        <time>2026-06-28T00:30:16.923Z</time>
      </trkpt>
      <trkpt lat="52.508308" lon="8.623336">
        <ele>38.789826</ele>
        <time>2026-06-28T00:30:23.074Z</time>
      </trkpt>
      <trkpt lat="52.507937" lon="8.621431">
        <ele>38.856732</ele>
        <time>2026-06-28T00:30:42.102Z</time>
      </trkpt>
      <trkpt lat="52.507781" lon="8.620438">
        <ele>38.863535</ele>
        <time>2026-06-28T00:30:51.016Z</time>
      </trkpt>
      <trkpt lat="52.507632" lon="8.618878">
        <ele>38.732763</ele>
        <time>2026-06-28T00:31:04.165Z</time>
      </trkpt>
      <trkpt lat="52.507545" lon="8.617786">
        <ele>38.641557</ele>
        <time>2026-06-28T00:31:14.122Z</time>
      </trkpt>
      <trkpt lat="52.507459" lon="8.616817">
        <ele>38.658051</ele>
        <time>2026-06-28T00:31:23.242Z</time>
      </trkpt>
      <trkpt lat="52.507446" lon="8.616672">
        <ele>38.661112</ele>
        <time>2026-06-28T00:31:24.645Z</time>
      </trkpt>
      <trkpt lat="52.507140" lon="8.613484">
        <ele>38.740372</ele>
        <time>2026-06-28T00:31:53.736Z</time>
      </trkpt>
      <trkpt lat="52.506897" lon="8.611451">
        <ele>38.815765</ele>
        <time>2026-06-28T00:32:12.670Z</time>
      </trkpt>
      <trkpt lat="52.506535" lon="8.608810">
        <ele>38.910050</ele>
        <time>2026-06-28T00:32:38.320Z</time>
      </trkpt>
      <trkpt lat="52.506514" lon="8.608671">
        <ele>38.877386</ele>
        <time>2026-06-28T00:32:39.530Z</time>
      </trkpt>
      <trkpt lat="52.506508" lon="8.608603">
        <ele>38.861715</ele>
        <time>2026-06-28T00:32:40.110Z</time>
      </trkpt>
      <trkpt lat="52.506290" lon="8.607396">
        <ele>38.574564</ele>
        <time>2026-06-28T00:32:50.318Z</time>
      </trkpt>
      <trkpt lat="52.506231" lon="8.607093">
        <ele>38.502007</ele>
        <time>2026-06-28T00:32:52.790Z</time>
      </trkpt>
      <trkpt lat="52.506168" lon="8.606759">
        <ele>38.422255</ele>
        <time>2026-06-28T00:32:55.474Z</time>
      </trkpt>
      <trkpt lat="52.505675" lon="8.604710">
        <ele>38.103809</ele>
        <time>2026-06-28T00:33:13.866Z</time>
      </trkpt>
      <trkpt lat="52.504937" lon="8.602321">
        <ele>38.016541</ele>
        <time>2026-06-28T00:33:38.531Z</time>
      </trkpt>
      <trkpt lat="52.504456" lon="8.600993">
        <ele>38.092214</ele>
        <time>2026-06-28T00:33:52.701Z</time>
      </trkpt>
      <trkpt lat="52.503634" lon="8.599085">
        <ele>38.266249</ele>
        <time>2026-06-28T00:34:14.154Z</time>
      </trkpt>
      <trkpt lat="52.502891" lon="8.597571">
        <ele>38.436252</ele>
        <time>2026-06-28T00:34:33.039Z</time>
      </trkpt>
      <trkpt lat="52.502688" lon="8.597108">
        <ele>38.489928</ele>
        <time>2026-06-28T00:34:38.352Z</time>
      </trkpt>
      <trkpt lat="52.502304" lon="8.596084">
        <ele>38.593672</ele>
        <time>2026-06-28T00:34:49.417Z</time>
      </trkpt>
      <trkpt lat="52.502068" lon="8.595353">
        <ele>38.569506</ele>
        <time>2026-06-28T00:34:56.766Z</time>
      </trkpt>
      <trkpt lat="52.501966" lon="8.595048">
        <ele>38.559342</ele>
        <time>2026-06-28T00:34:59.827Z</time>
      </trkpt>
      <trkpt lat="52.501425" lon="8.593353">
        <ele>38.498515</ele>
        <time>2026-06-28T00:35:16.737Z</time>
      </trkpt>
      <trkpt lat="52.500442" lon="8.590269">
        <ele>38.377395</ele>
        <time>2026-06-28T00:35:47.695Z</time>
      </trkpt>
      <trkpt lat="52.499637" lon="8.587746">
        <ele>38.462598</ele>
        <time>2026-06-28T00:36:13.967Z</time>
      </trkpt>
      <trkpt lat="52.499109" lon="8.586115">
        <ele>38.507734</ele>
        <time>2026-06-28T00:36:30.806Z</time>
      </trkpt>
      <trkpt lat="52.498154" lon="8.583173">
        <ele>38.578738</ele>
        <time>2026-06-28T00:37:01.141Z</time>
      </trkpt>
      <trkpt lat="52.495170" lon="8.575927">
        <ele>38.572935</ele>
        <time>2026-06-28T00:38:19.198Z</time>
      </trkpt>
      <trkpt lat="52.495061" lon="8.575606">
        <ele>38.603485</ele>
        <time>2026-06-28T00:38:23.139Z</time>
      </trkpt>
      <trkpt lat="52.494964" lon="8.575265">
        <ele>38.656671</ele>
        <time>2026-06-28T00:38:27.219Z</time>
      </trkpt>
      <trkpt lat="52.494703" lon="8.574795">
        <ele>38.746562</ele>
        <time>2026-06-28T00:38:34.009Z</time>
      </trkpt>
      <trkpt lat="52.494370" lon="8.574039">
        <ele>38.878417</ele>
        <time>2026-06-28T00:38:43.587Z</time>
      </trkpt>
      <trkpt lat="52.493511" lon="8.571911">
        <ele>38.621750</ele>
        <time>2026-06-28T00:39:04.865Z</time>
      </trkpt>
      <trkpt lat="52.492436" lon="8.569274">
        <ele>38.035449</ele>
        <time>2026-06-28T00:39:30.696Z</time>
      </trkpt>
      <trkpt lat="52.489419" lon="8.561883">
        <ele>38.221000</ele>
        <time>2026-06-28T00:40:52.730Z</time>
      </trkpt>
      <trkpt lat="52.487684" lon="8.557660">
        <ele>38.095749</ele>
        <time>2026-06-28T00:41:37.866Z</time>
      </trkpt>
      <trkpt lat="52.487217" lon="8.556687">
        <ele>38.125390</ele>
        <time>2026-06-28T00:41:49.023Z</time>
      </trkpt>
      <trkpt lat="52.486883" lon="8.556145">
        <ele>38.184836</ele>
        <time>2026-06-28T00:41:56.348Z</time>
      </trkpt>
      <trkpt lat="52.486403" lon="8.555532">
        <ele>38.414438</ele>
        <time>2026-06-28T00:42:06.328Z</time>
      </trkpt>
      <trkpt lat="52.485482" lon="8.554571">
        <ele>38.821875</ele>
        <time>2026-06-28T00:42:24.445Z</time>
      </trkpt>
      <trkpt lat="52.482725" lon="8.551732">
        <ele>39.225160</ele>
        <time>2026-06-28T00:43:14.502Z</time>
      </trkpt>
      <trkpt lat="52.482630" lon="8.551634">
        <ele>39.233267</ele>
        <time>2026-06-28T00:43:16.208Z</time>
      </trkpt>
      <trkpt lat="52.477598" lon="8.546435">
        <ele>38.770026</ele>
        <time>2026-06-28T00:44:41.835Z</time>
      </trkpt>
      <trkpt lat="52.469703" lon="8.538264">
        <ele>41.415581</ele>
        <time>2026-06-28T00:47:11.268Z</time>
      </trkpt>
      <trkpt lat="52.469306" lon="8.537855">
        <ele>41.565772</ele>
        <time>2026-06-28T00:47:18.828Z</time>
      </trkpt>
      <trkpt lat="52.469002" lon="8.537436">
        <ele>41.692969</ele>
        <time>2026-06-28T00:47:25.164Z</time>
      </trkpt>
      <trkpt lat="52.468828" lon="8.537066">
        <ele>41.781728</ele>
        <time>2026-06-28T00:47:29.721Z</time>
      </trkpt>
      <trkpt lat="52.468212" lon="8.535278">
        <ele>42.085011</ele>
        <time>2026-06-28T00:47:49.450Z</time>
      </trkpt>
      <trkpt lat="52.468183" lon="8.535193">
        <ele>42.099395</ele>
        <time>2026-06-28T00:47:50.337Z</time>
      </trkpt>
      <trkpt lat="52.465907" lon="8.528460">
        <ele>43.263846</ele>
        <time>2026-06-28T00:49:04.253Z</time>
      </trkpt>
      <trkpt lat="52.465047" lon="8.526406">
        <ele>43.686447</ele>
        <time>2026-06-28T00:49:37.658Z</time>
      </trkpt>
      <trkpt lat="52.464896" lon="8.525879">
        <ele>43.725817</ele>
        <time>2026-06-28T00:49:45.247Z</time>
      </trkpt>
      <trkpt lat="52.464791" lon="8.525139">
        <ele>43.777183</ele>
        <time>2026-06-28T00:49:54.599Z</time>
      </trkpt>
      <trkpt lat="52.464728" lon="8.524544">
        <ele>43.818010</ele>
        <time>2026-06-28T00:50:01.859Z</time>
      </trkpt>
      <trkpt lat="52.464680" lon="8.524359">
        <ele>43.831604</ele>
        <time>2026-06-28T00:50:04.268Z</time>
      </trkpt>
      <trkpt lat="52.464605" lon="8.524173">
        <ele>43.846328</ele>
        <time>2026-06-28T00:50:06.939Z</time>
      </trkpt>
      <trkpt lat="52.464381" lon="8.523926">
        <ele>43.841621</ele>
        <time>2026-06-28T00:50:12.224Z</time>
      </trkpt>
      <trkpt lat="52.463214" lon="8.523075">
        <ele>43.819349</ele>
        <time>2026-06-28T00:50:38.055Z</time>
      </trkpt>
      <trkpt lat="52.463071" lon="8.522986">
        <ele>43.816682</ele>
        <time>2026-06-28T00:50:41.273Z</time>
      </trkpt>
      <trkpt lat="52.463029" lon="8.519974">
        <ele>43.780354</ele>
        <time>2026-06-28T00:51:08.655Z</time>
      </trkpt>
      <trkpt lat="52.463105" lon="8.517694">
        <ele>43.351538</ele>
        <time>2026-06-28T00:51:27.455Z</time>
      </trkpt>
      <trkpt lat="52.463027" lon="8.516616">
        <ele>43.154283</ele>
        <time>2026-06-28T00:51:36.603Z</time>
      </trkpt>
      <trkpt lat="52.462938" lon="8.515748">
        <ele>43.023611</ele>
        <time>2026-06-28T00:51:44.308Z</time>
      </trkpt>
      <trkpt lat="52.462916" lon="8.515526">
        <ele>42.990220</ele>
        <time>2026-06-28T00:51:46.268Z</time>
      </trkpt>
      <trkpt lat="52.462817" lon="8.514561">
        <ele>42.844942</ele>
        <time>2026-06-28T00:51:54.603Z</time>
      </trkpt>
      <trkpt lat="52.462813" lon="8.514259">
        <ele>42.800098</ele>
        <time>2026-06-28T00:51:57.107Z</time>
      </trkpt>
      <trkpt lat="52.462846" lon="8.513926">
        <ele>42.750286</ele>
        <time>2026-06-28T00:51:59.906Z</time>
      </trkpt>
      <trkpt lat="52.463099" lon="8.512507">
        <ele>42.535248</ele>
        <time>2026-06-28T00:52:12.107Z</time>
      </trkpt>
      <trkpt lat="52.463384" lon="8.510763">
        <ele>42.365470</ele>
        <time>2026-06-28T00:52:27.824Z</time>
      </trkpt>
      <trkpt lat="52.463532" lon="8.509873">
        <ele>42.433807</ele>
        <time>2026-06-28T00:52:36.384Z</time>
      </trkpt>
      <trkpt lat="52.463599" lon="8.509479">
        <ele>42.464108</ele>
        <time>2026-06-28T00:52:40.197Z</time>
      </trkpt>
      <trkpt lat="52.463866" lon="8.507924">
        <ele>42.515949</ele>
        <time>2026-06-28T00:52:56.074Z</time>
      </trkpt>
      <trkpt lat="52.464071" lon="8.506724">
        <ele>42.406004</ele>
        <time>2026-06-28T00:53:07.572Z</time>
      </trkpt>
      <trkpt lat="52.464246" lon="8.505666">
        <ele>42.309291</ele>
        <time>2026-06-28T00:53:16.611Z</time>
      </trkpt>
      <trkpt lat="52.463726" lon="8.505456">
        <ele>42.039457</ele>
        <time>2026-06-28T00:53:26.114Z</time>
      </trkpt>
      <trkpt lat="52.463558" lon="8.505432">
        <ele>41.937600</ele>
        <time>2026-06-28T00:53:29.058Z</time>
      </trkpt>
      <trkpt lat="52.463374" lon="8.505465">
        <ele>41.825800</ele>
        <time>2026-06-28T00:53:32.330Z</time>
      </trkpt>
      <trkpt lat="52.462685" lon="8.505883">
        <ele>41.382117</ele>
        <time>2026-06-28T00:53:45.692Z</time>
      </trkpt>
      <trkpt lat="52.462486" lon="8.504864">
        <ele>41.069978</ele>
        <time>2026-06-28T00:53:54.796Z</time>
      </trkpt>
      <trkpt lat="52.462162" lon="8.503274">
        <ele>40.684446</ele>
        <time>2026-06-28T00:54:09.265Z</time>
      </trkpt>
      <trkpt lat="52.461789" lon="8.501949">
        <ele>40.350020</ele>
        <time>2026-06-28T00:54:20.591Z</time>
      </trkpt>
      <trkpt lat="52.461632" lon="8.501491">
        <ele>40.229999</ele>
        <time>2026-06-28T00:54:24.519Z</time>
      </trkpt>
      <trkpt lat="52.461426" lon="8.501060">
        <ele>40.104889</ele>
        <time>2026-06-28T00:54:28.869Z</time>
      </trkpt>
      <trkpt lat="52.461198" lon="8.500719">
        <ele>39.989261</ele>
        <time>2026-06-28T00:54:33.148Z</time>
      </trkpt>
      <trkpt lat="52.461025" lon="8.500527">
        <ele>39.910978</ele>
        <time>2026-06-28T00:54:36.190Z</time>
      </trkpt>
      <trkpt lat="52.460952" lon="8.500442">
        <ele>39.877427</ele>
        <time>2026-06-28T00:54:38.072Z</time>
      </trkpt>
      <trkpt lat="52.460899" lon="8.500387">
        <ele>39.853922</ele>
        <time>2026-06-28T00:54:39.028Z</time>
      </trkpt>
      <trkpt lat="52.460005" lon="8.499524">
        <ele>40.583388</ele>
        <time>2026-06-28T00:54:57.519Z</time>
      </trkpt>
      <trkpt lat="52.459683" lon="8.499263">
        <ele>40.836959</ele>
        <time>2026-06-28T00:55:04.440Z</time>
      </trkpt>
      <trkpt lat="52.459091" lon="8.498907">
        <ele>41.258075</ele>
        <time>2026-06-28T00:55:15.831Z</time>
      </trkpt>
      <trkpt lat="52.457662" lon="8.498054">
        <ele>42.169538</ele>
        <time>2026-06-28T00:55:41.900Z</time>
      </trkpt>
      <trkpt lat="52.457516" lon="8.498014">
        <ele>42.227053</ele>
        <time>2026-06-28T00:55:44.401Z</time>
      </trkpt>
      <trkpt lat="52.456573" lon="8.497948">
        <ele>42.484303</ele>
        <time>2026-06-28T00:55:59.576Z</time>
      </trkpt>
      <trkpt lat="52.454928" lon="8.497885">
        <ele>43.076903</ele>
        <time>2026-06-28T00:56:24.827Z</time>
      </trkpt>
      <trkpt lat="52.453454" lon="8.497911">
        <ele>43.794807</ele>
        <time>2026-06-28T00:56:51.032Z</time>
      </trkpt>
      <trkpt lat="52.452152" lon="8.497510">
        <ele>44.523417</ele>
        <time>2026-06-28T00:57:13.592Z</time>
      </trkpt>
      <trkpt lat="52.450127" lon="8.496921">
        <ele>44.846949</ele>
        <time>2026-06-28T00:57:45.730Z</time>
      </trkpt>
      <trkpt lat="52.449774" lon="8.496825">
        <ele>44.737624</ele>
        <time>2026-06-28T00:57:50.668Z</time>
      </trkpt>
      <trkpt lat="52.449670" lon="8.496753">
        <ele>44.703136</ele>
        <time>2026-06-28T00:57:52.192Z</time>
      </trkpt>
      <trkpt lat="52.449153" lon="8.498017">
        <ele>44.419674</ele>
        <time>2026-06-28T00:58:04.307Z</time>
      </trkpt>
      <trkpt lat="52.447789" lon="8.497160">
        <ele>43.908554</ele>
        <time>2026-06-28T00:58:24.172Z</time>
      </trkpt>
      <trkpt lat="52.447637" lon="8.497123">
        <ele>43.854515</ele>
        <time>2026-06-28T00:58:26.336Z</time>
      </trkpt>
      <trkpt lat="52.447516" lon="8.497148">
        <ele>43.811628</ele>
        <time>2026-06-28T00:58:28.052Z</time>
      </trkpt>
      <trkpt lat="52.446966" lon="8.497425">
        <ele>43.814734</ele>
        <time>2026-06-28T00:58:36.196Z</time>
      </trkpt>
      <trkpt lat="52.446789" lon="8.497479">
        <ele>43.832118</ele>
        <time>2026-06-28T00:58:38.809Z</time>
      </trkpt>
      <trkpt lat="52.446741" lon="8.497491">
        <ele>43.836807</ele>
        <time>2026-06-28T00:58:39.524Z</time>
      </trkpt>
      <trkpt lat="52.446657" lon="8.497511">
        <ele>43.845003</ele>
        <time>2026-06-28T00:58:40.795Z</time>
      </trkpt>
      <trkpt lat="52.445896" lon="8.497578">
        <ele>43.918593</ele>
        <time>2026-06-28T00:58:52.864Z</time>
      </trkpt>
      <trkpt lat="52.444223" lon="8.496814">
        <ele>44.395373</ele>
        <time>2026-06-28T00:59:21.605Z</time>
      </trkpt>
      <trkpt lat="52.443458" lon="8.496503">
        <ele>44.466844</ele>
        <time>2026-06-28T00:59:32.816Z</time>
      </trkpt>
      <trkpt lat="52.442588" lon="8.495737">
        <ele>44.405379</ele>
        <time>2026-06-28T00:59:46.440Z</time>
      </trkpt>
      <trkpt lat="52.442464" lon="8.495503">
        <ele>44.393613</ele>
        <time>2026-06-28T00:59:49.339Z</time>
      </trkpt>
      <trkpt lat="52.442304" lon="8.494695">
        <ele>44.600056</ele>
        <time>2026-06-28T00:59:57.863Z</time>
      </trkpt>
      <trkpt lat="52.442047" lon="8.492400">
        <ele>45.462671</ele>
        <time>2026-06-28T01:00:23.885Z</time>
      </trkpt>
      <trkpt lat="52.441896" lon="8.491887">
        <ele>45.400786</ele>
        <time>2026-06-28T01:00:29.556Z</time>
      </trkpt>
      <trkpt lat="52.441799" lon="8.491721">
        <ele>45.369310</ele>
        <time>2026-06-28T01:00:31.704Z</time>
      </trkpt>
      <trkpt lat="52.440945" lon="8.490008">
        <ele>45.060739</ele>
        <time>2026-06-28T01:00:49.518Z</time>
      </trkpt>
      <trkpt lat="52.440822" lon="8.489850">
        <ele>44.977572</ele>
        <time>2026-06-28T01:00:51.465Z</time>
      </trkpt>
      <trkpt lat="52.439719" lon="8.489147">
        <ele>44.347616</ele>
        <time>2026-06-28T01:01:07.277Z</time>
      </trkpt>
      <trkpt lat="52.439652" lon="8.489059">
        <ele>44.301923</ele>
        <time>2026-06-28T01:01:08.490Z</time>
      </trkpt>
      <trkpt lat="52.439545" lon="8.488999">
        <ele>44.241725</ele>
        <time>2026-06-28T01:01:10.050Z</time>
      </trkpt>
      <trkpt lat="52.438384" lon="8.488955">
        <ele>42.959891</ele>
        <time>2026-06-28T01:01:24.534Z</time>
      </trkpt>
      <trkpt lat="52.437072" lon="8.488877">
        <ele>41.679659</ele>
        <time>2026-06-28T01:01:45.595Z</time>
      </trkpt>
      <trkpt lat="52.436948" lon="8.488779">
        <ele>41.623258</ele>
        <time>2026-06-28T01:01:47.954Z</time>
      </trkpt>
      <trkpt lat="52.436865" lon="8.488637">
        <ele>41.574116</ele>
        <time>2026-06-28T01:01:50.076Z</time>
      </trkpt>
      <trkpt lat="52.436828" lon="8.488471">
        <ele>41.529964</ele>
        <time>2026-06-28T01:01:52.037Z</time>
      </trkpt>
      <trkpt lat="52.436839" lon="8.488307">
        <ele>41.488748</ele>
        <time>2026-06-28T01:01:53.899Z</time>
      </trkpt>
      <trkpt lat="52.437143" lon="8.486627">
        <ele>41.203971</ele>
        <time>2026-06-28T01:02:17.370Z</time>
      </trkpt>
      <trkpt lat="52.437173" lon="8.486341">
        <ele>41.291333</ele>
        <time>2026-06-28T01:02:21.671Z</time>
      </trkpt>
      <trkpt lat="52.437130" lon="8.485316">
        <ele>41.600627</ele>
        <time>2026-06-28T01:02:36.333Z</time>
      </trkpt>
      <trkpt lat="52.433646" lon="8.486444">
        <ele>42.629247</ele>
        <time>2026-06-28T01:03:51.634Z</time>
      </trkpt>
      <trkpt lat="52.433075" lon="8.483157">
        <ele>43.149121</ele>
        <time>2026-06-28T01:04:23.621Z</time>
      </trkpt>
      <trkpt lat="52.432563" lon="8.480466">
        <ele>44.249082</ele>
        <time>2026-06-28T01:04:53.669Z</time>
      </trkpt>
      <trkpt lat="52.433275" lon="8.478974">
        <ele>45.061028</ele>
        <time>2026-06-28T01:05:21.884Z</time>
      </trkpt>
      <trkpt lat="52.433021" lon="8.478711">
        <ele>45.225954</ele>
        <time>2026-06-28T01:05:29.033Z</time>
      </trkpt>
      <trkpt lat="52.432990" lon="8.478645">
        <ele>45.253844</ele>
        <time>2026-06-28T01:05:30.198Z</time>
      </trkpt>
      <trkpt lat="52.432786" lon="8.477158">
        <ele>45.764074</ele>
        <time>2026-06-28T01:05:50.255Z</time>
      </trkpt>
      <trkpt lat="52.432990" lon="8.478645">
        <ele>45.709710</ele>
        <time>2026-06-28T01:06:08.313Z</time>
      </trkpt>
      <trkpt lat="52.433021" lon="8.478711">
        <ele>45.705711</ele>
        <time>2026-06-28T01:06:09.299Z</time>
      </trkpt>
      <trkpt lat="52.433275" lon="8.478974">
        <ele>45.682066</ele>
        <time>2026-06-28T01:06:15.030Z</time>
      </trkpt>
      <trkpt lat="52.433469" lon="8.478577">
        <ele>45.657648</ele>
        <time>2026-06-28T01:06:21.046Z</time>
      </trkpt>
      <trkpt lat="52.434474" lon="8.477235">
        <ele>46.039819</ele>
        <time>2026-06-28T01:06:47.836Z</time>
      </trkpt>
      <trkpt lat="52.434365" lon="8.476750">
        <ele>46.159232</ele>
        <time>2026-06-28T01:06:54.971Z</time>
      </trkpt>
      <trkpt lat="52.434398" lon="8.472189">
        <ele>48.540301</ele>
        <time>2026-06-28T01:08:01.790Z</time>
      </trkpt>
      <trkpt lat="52.434435" lon="8.468065">
        <ele>51.141342</ele>
        <time>2026-06-28T01:09:03.068Z</time>
      </trkpt>
      <trkpt lat="52.434493" lon="8.467062">
        <ele>51.814469</ele>
        <time>2026-06-28T01:09:18.160Z</time>
      </trkpt>
      <trkpt lat="52.434643" lon="8.465196">
        <ele>53.272976</ele>
        <time>2026-06-28T01:09:46.547Z</time>
      </trkpt>
      <trkpt lat="52.434810" lon="8.462891">
        <ele>55.547406</ele>
        <time>2026-06-28T01:10:23.732Z</time>
      </trkpt>
      <trkpt lat="52.434830" lon="8.462608">
        <ele>55.865117</ele>
        <time>2026-06-28T01:10:28.680Z</time>
      </trkpt>
      <trkpt lat="52.434811" lon="8.462458">
        <ele>56.035968</ele>
        <time>2026-06-28T01:10:31.369Z</time>
      </trkpt>
      <trkpt lat="52.435946" lon="8.461956">
        <ele>58.002003</ele>
        <time>2026-06-28T01:11:05.450Z</time>
      </trkpt>
      <trkpt lat="52.436302" lon="8.461793">
        <ele>58.540867</ele>
        <time>2026-06-28T01:11:15.210Z</time>
      </trkpt>
      <trkpt lat="52.436537" lon="8.461685">
        <ele>58.896674</ele>
        <time>2026-06-28T01:11:21.347Z</time>
      </trkpt>
      <trkpt lat="52.436855" lon="8.461540">
        <ele>59.377875</ele>
        <time>2026-06-28T01:11:29.439Z</time>
      </trkpt>
      <trkpt lat="52.436905" lon="8.461466">
        <ele>59.476057</ele>
        <time>2026-06-28T01:11:31.111Z</time>
      </trkpt>
      <trkpt lat="52.436580" lon="8.460730">
        <ele>60.117388</ele>
        <time>2026-06-28T01:11:41.422Z</time>
      </trkpt>
      <trkpt lat="52.436568" lon="8.460703">
        <ele>60.134183</ele>
        <time>2026-06-28T01:11:41.800Z</time>
      </trkpt>
      <trkpt lat="52.436160" lon="8.459677">
        <ele>60.749924</ele>
        <time>2026-06-28T01:11:54.517Z</time>
      </trkpt>
      <trkpt lat="52.435842" lon="8.458672">
        <ele>61.319086</ele>
        <time>2026-06-28T01:12:07.287Z</time>
      </trkpt>
      <trkpt lat="52.435387" lon="8.457250">
        <ele>62.263404</ele>
        <time>2026-06-28T01:12:25.763Z</time>
      </trkpt>
      <trkpt lat="52.434840" lon="8.455372">
        <ele>63.148381</ele>
        <time>2026-06-28T01:12:49.742Z</time>
      </trkpt>
      <trkpt lat="52.434631" lon="8.454558">
        <ele>63.159814</ele>
        <time>2026-06-28T01:12:57.860Z</time>
      </trkpt>
      <trkpt lat="52.434327" lon="8.453214">
        <ele>63.178368</ele>
        <time>2026-06-28T01:13:09.263Z</time>
      </trkpt>
      <trkpt lat="52.434202" lon="8.452648">
        <ele>63.347245</ele>
        <time>2026-06-28T01:13:14.237Z</time>
      </trkpt>
      <trkpt lat="52.433933" lon="8.451588">
        <ele>63.682730</ele>
        <time>2026-06-28T01:13:25.597Z</time>
      </trkpt>
      <trkpt lat="52.433444" lon="8.450006">
        <ele>64.371908</ele>
        <time>2026-06-28T01:13:46.306Z</time>
      </trkpt>
      <trkpt lat="52.433220" lon="8.449117">
        <ele>64.952686</ele>
        <time>2026-06-28T01:13:57.845Z</time>
      </trkpt>
      <trkpt lat="52.433160" lon="8.448840">
        <ele>65.130170</ele>
        <time>2026-06-28T01:14:01.349Z</time>
      </trkpt>
      <trkpt lat="52.433053" lon="8.448278">
        <ele>65.485647</ele>
        <time>2026-06-28T01:14:08.238Z</time>
      </trkpt>
      <trkpt lat="52.432860" lon="8.447164">
        <ele>65.816171</ele>
        <time>2026-06-28T01:14:20.521Z</time>
      </trkpt>
      <trkpt lat="52.432767" lon="8.446779">
        <ele>65.812230</ele>
        <time>2026-06-28T01:14:24.485Z</time>
      </trkpt>
      <trkpt lat="52.432669" lon="8.446476">
        <ele>65.808967</ele>
        <time>2026-06-28T01:14:27.612Z</time>
      </trkpt>
      <trkpt lat="52.432533" lon="8.446173">
        <ele>65.805386</ele>
        <time>2026-06-28T01:14:30.819Z</time>
      </trkpt>
      <trkpt lat="52.432251" lon="8.445742">
        <ele>65.799370</ele>
        <time>2026-06-28T01:14:35.927Z</time>
      </trkpt>
      <trkpt lat="52.431929" lon="8.445250">
        <ele>65.817252</ele>
        <time>2026-06-28T01:14:41.668Z</time>
      </trkpt>
      <trkpt lat="52.431800" lon="8.444923">
        <ele>65.883154</ele>
        <time>2026-06-28T01:14:44.885Z</time>
      </trkpt>
      <trkpt lat="52.431666" lon="8.444349">
        <ele>65.987154</ele>
        <time>2026-06-28T01:14:50.387Z</time>
      </trkpt>
      <trkpt lat="52.431508" lon="8.443023">
        <ele>66.215765</ele>
        <time>2026-06-28T01:15:04.376Z</time>
      </trkpt>
      <trkpt lat="52.431395" lon="8.442528">
        <ele>66.319703</ele>
        <time>2026-06-28T01:15:10.352Z</time>
      </trkpt>
      <trkpt lat="52.431203" lon="8.441954">
        <ele>66.561932</ele>
        <time>2026-06-28T01:15:17.683Z</time>
      </trkpt>
      <trkpt lat="52.430442" lon="8.439725">
        <ele>67.505398</ele>
        <time>2026-06-28T01:15:44.126Z</time>
      </trkpt>
      <trkpt lat="52.430245" lon="8.439011">
        <ele>67.791302</ele>
        <time>2026-06-28T01:15:51.929Z</time>
      </trkpt>
      <trkpt lat="52.429961" lon="8.437789">
        <ele>68.268390</ele>
        <time>2026-06-28T01:16:05.194Z</time>
      </trkpt>
      <trkpt lat="52.429823" lon="8.437147">
        <ele>68.592074</ele>
        <time>2026-06-28T01:16:12.535Z</time>
      </trkpt>
      <trkpt lat="52.429543" lon="8.435295">
        <ele>70.222313</ele>
        <time>2026-06-28T01:16:37.187Z</time>
      </trkpt>
      <trkpt lat="52.429465" lon="8.434543">
        <ele>70.874044</ele>
        <time>2026-06-28T01:16:47.592Z</time>
      </trkpt>
      <trkpt lat="52.429448" lon="8.434393">
        <ele>70.994955</ele>
        <time>2026-06-28T01:16:49.659Z</time>
      </trkpt>
      <trkpt lat="52.429183" lon="8.431121">
        <ele>72.301470</ele>
        <time>2026-06-28T01:17:26.167Z</time>
      </trkpt>
      <trkpt lat="52.429140" lon="8.430671">
        <ele>72.077351</ele>
        <time>2026-06-28T01:17:29.625Z</time>
      </trkpt>
      <trkpt lat="52.429090" lon="8.430153">
        <ele>71.819301</ele>
        <time>2026-06-28T01:17:33.413Z</time>
      </trkpt>
      <trkpt lat="52.428968" lon="8.428623">
        <ele>71.060071</ele>
        <time>2026-06-28T01:17:44.137Z</time>
      </trkpt>
      <trkpt lat="52.428746" lon="8.425867">
        <ele>70.511809</ele>
        <time>2026-06-28T01:18:07.153Z</time>
      </trkpt>
      <trkpt lat="52.428667" lon="8.424733">
        <ele>70.851721</ele>
        <time>2026-06-28T01:18:20.082Z</time>
      </trkpt>
      <trkpt lat="52.428660" lon="8.424161">
        <ele>71.088402</ele>
        <time>2026-06-28T01:18:26.714Z</time>
      </trkpt>
      <trkpt lat="52.428686" lon="8.423598">
        <ele>71.321979</ele>
        <time>2026-06-28T01:18:33.210Z</time>
      </trkpt>
      <trkpt lat="52.428894" lon="8.421047">
        <ele>71.935272</ele>
        <time>2026-06-28T01:18:58.732Z</time>
      </trkpt>
      <trkpt lat="52.428945" lon="8.419988">
        <ele>72.089900</ele>
        <time>2026-06-28T01:19:08.900Z</time>
      </trkpt>
      <trkpt lat="52.428957" lon="8.416424">
        <ele>72.036062</ele>
        <time>2026-06-28T01:19:39.589Z</time>
      </trkpt>
      <trkpt lat="52.429024" lon="8.414307">
        <ele>72.625430</ele>
        <time>2026-06-28T01:20:01.403Z</time>
      </trkpt>
      <trkpt lat="52.429199" lon="8.412328">
        <ele>73.610926</ele>
        <time>2026-06-28T01:20:24.360Z</time>
      </trkpt>
      <trkpt lat="52.429364" lon="8.411140">
        <ele>74.280906</ele>
        <time>2026-06-28T01:20:38.279Z</time>
      </trkpt>
      <trkpt lat="52.429627" lon="8.409535">
        <ele>74.765736</ele>
        <time>2026-06-28T01:20:55.147Z</time>
      </trkpt>
      <trkpt lat="52.429947" lon="8.407867">
        <ele>75.269210</ele>
        <time>2026-06-28T01:21:11.925Z</time>
      </trkpt>
      <trkpt lat="52.430253" lon="8.406492">
        <ele>75.841014</ele>
        <time>2026-06-28T01:21:27.978Z</time>
      </trkpt>
      <trkpt lat="52.430538" lon="8.405338">
        <ele>76.316285</ele>
        <time>2026-06-28T01:21:41.762Z</time>
      </trkpt>
      <trkpt lat="52.431061" lon="8.403406">
        <ele>76.797560</ele>
        <time>2026-06-28T01:22:02.945Z</time>
      </trkpt>
      <trkpt lat="52.431096" lon="8.403276">
        <ele>76.829914</ele>
        <time>2026-06-28T01:22:04.335Z</time>
      </trkpt>
      <trkpt lat="52.431238" lon="8.402767">
        <ele>76.957355</ele>
        <time>2026-06-28T01:22:09.581Z</time>
      </trkpt>
      <trkpt lat="52.431311" lon="8.402523">
        <ele>76.968102</ele>
        <time>2026-06-28T01:22:12.056Z</time>
      </trkpt>
      <trkpt lat="52.431498" lon="8.401902">
        <ele>76.953660</ele>
        <time>2026-06-28T01:22:18.258Z</time>
      </trkpt>
      <trkpt lat="52.431947" lon="8.400498">
        <ele>76.920601</ele>
        <time>2026-06-28T01:22:32.249Z</time>
      </trkpt>
      <trkpt lat="52.432027" lon="8.400263">
        <ele>76.914989</ele>
        <time>2026-06-28T01:22:34.543Z</time>
      </trkpt>
      <trkpt lat="52.432739" lon="8.398374">
        <ele>76.817174</ele>
        <time>2026-06-28T01:22:54.598Z</time>
      </trkpt>
      <trkpt lat="52.433344" lon="8.396984">
        <ele>76.909986</ele>
        <time>2026-06-28T01:23:09.235Z</time>
      </trkpt>
      <trkpt lat="52.433405" lon="8.396860">
        <ele>76.937653</ele>
        <time>2026-06-28T01:23:10.606Z</time>
      </trkpt>
      <trkpt lat="52.433678" lon="8.396319">
        <ele>77.059596</ele>
        <time>2026-06-28T01:23:16.942Z</time>
      </trkpt>
      <trkpt lat="52.433771" lon="8.396146">
        <ele>77.099646</ele>
        <time>2026-06-28T01:23:19.166Z</time>
      </trkpt>
      <trkpt lat="52.434029" lon="8.395674">
        <ele>77.209721</ele>
        <time>2026-06-28T01:23:25.783Z</time>
      </trkpt>
      <trkpt lat="52.434187" lon="8.395399">
        <ele>77.275334</ele>
        <time>2026-06-28T01:23:29.980Z</time>
      </trkpt>
      <trkpt lat="52.434835" lon="8.394381">
        <ele>78.185213</ele>
        <time>2026-06-28T01:23:48.177Z</time>
      </trkpt>
      <trkpt lat="52.435540" lon="8.393465">
        <ele>79.127333</ele>
        <time>2026-06-28T01:24:05.272Z</time>
      </trkpt>
      <trkpt lat="52.435679" lon="8.393292">
        <ele>79.200452</ele>
        <time>2026-06-28T01:24:08.346Z</time>
      </trkpt>
      <trkpt lat="52.436169" lon="8.392669">
        <ele>79.339187</ele>
        <time>2026-06-28T01:24:18.536Z</time>
      </trkpt>
      <trkpt lat="52.436693" lon="8.391860">
        <ele>79.500218</ele>
        <time>2026-06-28T01:24:29.102Z</time>
      </trkpt>
      <trkpt lat="52.436842" lon="8.391550">
        <ele>79.554072</ele>
        <time>2026-06-28T01:24:32.704Z</time>
      </trkpt>
      <trkpt lat="52.437412" lon="8.390194">
        <ele>79.300351</ele>
        <time>2026-06-28T01:24:47.254Z</time>
      </trkpt>
      <trkpt lat="52.437584" lon="8.389821">
        <ele>79.215697</ele>
        <time>2026-06-28T01:24:51.293Z</time>
      </trkpt>
      <trkpt lat="52.437800" lon="8.389449">
        <ele>79.122709</ele>
        <time>2026-06-28T01:24:55.541Z</time>
      </trkpt>
      <trkpt lat="52.438262" lon="8.388658">
        <ele>78.567551</ele>
        <time>2026-06-28T01:25:03.916Z</time>
      </trkpt>
      <trkpt lat="52.438432" lon="8.388308">
        <ele>78.234517</ele>
        <time>2026-06-28T01:25:07.274Z</time>
      </trkpt>
      <trkpt lat="52.438541" lon="8.387974">
        <ele>77.952580</ele>
        <time>2026-06-28T01:25:10.059Z</time>
      </trkpt>
      <trkpt lat="52.438570" lon="8.387810">
        <ele>77.825502</ele>
        <time>2026-06-28T01:25:11.291Z</time>
      </trkpt>
      <trkpt lat="52.438610" lon="8.387589">
        <ele>77.653940</ele>
        <time>2026-06-28T01:25:12.935Z</time>
      </trkpt>
      <trkpt lat="52.438644" lon="8.387299">
        <ele>77.434170</ele>
        <time>2026-06-28T01:25:15.013Z</time>
      </trkpt>
      <trkpt lat="52.438653" lon="8.386909">
        <ele>77.143728</ele>
        <time>2026-06-28T01:25:17.711Z</time>
      </trkpt>
      <trkpt lat="52.438615" lon="8.386323">
        <ele>76.706185</ele>
        <time>2026-06-28T01:25:21.697Z</time>
      </trkpt>
      <trkpt lat="52.438508" lon="8.385285">
        <ele>75.928486</ele>
        <time>2026-06-28T01:25:28.980Z</time>
      </trkpt>
      <trkpt lat="52.438491" lon="8.384873">
        <ele>75.623428</ele>
        <time>2026-06-28T01:25:31.910Z</time>
      </trkpt>
      <trkpt lat="52.438487" lon="8.384420">
        <ele>75.288743</ele>
        <time>2026-06-28T01:25:35.217Z</time>
      </trkpt>
      <trkpt lat="52.438531" lon="8.383973">
        <ele>74.954248</ele>
        <time>2026-06-28T01:25:38.646Z</time>
      </trkpt>
      <trkpt lat="52.438634" lon="8.383198">
        <ele>74.596017</ele>
        <time>2026-06-28T01:25:45.090Z</time>
      </trkpt>
      <trkpt lat="52.439140" lon="8.381282">
        <ele>74.242324</ele>
        <time>2026-06-28T01:26:04.224Z</time>
      </trkpt>
      <trkpt lat="52.439624" lon="8.379510">
        <ele>72.979728</ele>
        <time>2026-06-28T01:26:19.042Z</time>
      </trkpt>
      <trkpt lat="52.439760" lon="8.379032">
        <ele>72.557439</ele>
        <time>2026-06-28T01:26:22.646Z</time>
      </trkpt>
      <trkpt lat="52.440114" lon="8.377731">
        <ele>71.209235</ele>
        <time>2026-06-28T01:26:32.233Z</time>
      </trkpt>
      <trkpt lat="52.440176" lon="8.377388">
        <ele>70.768381</ele>
        <time>2026-06-28T01:26:34.598Z</time>
      </trkpt>
      <trkpt lat="52.440338" lon="8.376023">
        <ele>69.054773</ele>
        <time>2026-06-28T01:26:43.797Z</time>
      </trkpt>
      <trkpt lat="52.440448" lon="8.375119">
        <ele>67.947113</ele>
        <time>2026-06-28T01:26:50.023Z</time>
      </trkpt>
      <trkpt lat="52.440502" lon="8.374708">
        <ele>67.488270</ele>
        <time>2026-06-28T01:26:52.849Z</time>
      </trkpt>
      <trkpt lat="52.440930" lon="8.371486">
        <ele>64.245661</ele>
        <time>2026-06-28T01:27:15.452Z</time>
      </trkpt>
      <trkpt lat="52.441180" lon="8.369811">
        <ele>62.998209</ele>
        <time>2026-06-28T01:27:28.175Z</time>
      </trkpt>
      <trkpt lat="52.441531" lon="8.367838">
        <ele>62.100484</ele>
        <time>2026-06-28T01:27:44.833Z</time>
      </trkpt>
      <trkpt lat="52.441650" lon="8.367242">
        <ele>61.852365</ele>
        <time>2026-06-28T01:27:49.900Z</time>
      </trkpt>
      <trkpt lat="52.441770" lon="8.366617">
        <ele>61.529231</ele>
        <time>2026-06-28T01:27:54.960Z</time>
      </trkpt>
      <trkpt lat="52.441992" lon="8.365484">
        <ele>60.468868</ele>
        <time>2026-06-28T01:28:03.603Z</time>
      </trkpt>
      <trkpt lat="52.442358" lon="8.363637">
        <ele>58.828184</ele>
        <time>2026-06-28T01:28:16.777Z</time>
      </trkpt>
      <trkpt lat="52.442492" lon="8.362881">
        <ele>58.354231</ele>
        <time>2026-06-28T01:28:22.265Z</time>
      </trkpt>
      <trkpt lat="52.442664" lon="8.361718">
        <ele>57.633810</ele>
        <time>2026-06-28T01:28:31.202Z</time>
      </trkpt>
      <trkpt lat="52.442783" lon="8.360485">
        <ele>57.396195</ele>
        <time>2026-06-28T01:28:42.073Z</time>
      </trkpt>
      <trkpt lat="52.442820" lon="8.359856">
        <ele>57.564142</ele>
        <time>2026-06-28T01:28:48.294Z</time>
      </trkpt>
      <trkpt lat="52.442790" lon="8.358569">
        <ele>57.906440</ele>
        <time>2026-06-28T01:29:01.980Z</time>
      </trkpt>
      <trkpt lat="52.442722" lon="8.357778">
        <ele>58.278274</ele>
        <time>2026-06-28T01:29:11.112Z</time>
      </trkpt>
      <trkpt lat="52.442626" lon="8.357017">
        <ele>58.829065</ele>
        <time>2026-06-28T01:29:20.233Z</time>
      </trkpt>
      <trkpt lat="52.442507" lon="8.356350">
        <ele>59.321638</ele>
        <time>2026-06-28T01:29:28.513Z</time>
      </trkpt>
      <trkpt lat="52.442374" lon="8.355716">
        <ele>59.796856</ele>
        <time>2026-06-28T01:29:36.662Z</time>
      </trkpt>
      <trkpt lat="52.442016" lon="8.354426">
        <ele>61.323427</ele>
        <time>2026-06-28T01:29:54.351Z</time>
      </trkpt>
      <trkpt lat="52.441584" lon="8.353141">
        <ele>63.153696</ele>
        <time>2026-06-28T01:30:14.758Z</time>
      </trkpt>
      <trkpt lat="52.441085" lon="8.351790">
        <ele>65.987291</ele>
        <time>2026-06-28T01:30:40.896Z</time>
      </trkpt>
      <trkpt lat="52.440582" lon="8.350366">
        <ele>69.373234</ele>
        <time>2026-06-28T01:31:11.549Z</time>
      </trkpt>
      <trkpt lat="52.440204" lon="8.349155">
        <ele>69.869422</ele>
        <time>2026-06-28T01:31:33.864Z</time>
      </trkpt>
      <trkpt lat="52.440004" lon="8.348400">
        <ele>69.872707</ele>
        <time>2026-06-28T01:31:41.726Z</time>
      </trkpt>
      <trkpt lat="52.439869" lon="8.347772">
        <ele>69.875363</ele>
        <time>2026-06-28T01:31:46.155Z</time>
      </trkpt>
      <trkpt lat="52.439705" lon="8.346803">
        <ele>67.414207</ele>
        <time>2026-06-28T01:31:52.009Z</time>
      </trkpt>
      <trkpt lat="52.439525" lon="8.345086">
        <ele>60.969612</ele>
        <time>2026-06-28T01:32:01.508Z</time>
      </trkpt>
      <trkpt lat="52.439483" lon="8.344157">
        <ele>58.043773</ele>
        <time>2026-06-28T01:32:06.651Z</time>
      </trkpt>
      <trkpt lat="52.439457" lon="8.343541">
        <ele>56.585369</ele>
        <time>2026-06-28T01:32:10.189Z</time>
      </trkpt>
      <trkpt lat="52.439433" lon="8.342750">
        <ele>54.714804</ele>
        <time>2026-06-28T01:32:14.916Z</time>
      </trkpt>
      <trkpt lat="52.439409" lon="8.342003">
        <ele>52.948026</ele>
        <time>2026-06-28T01:32:19.762Z</time>
      </trkpt>
      <trkpt lat="52.439381" lon="8.341024">
        <ele>51.571285</ele>
        <time>2026-06-28T01:32:26.661Z</time>
      </trkpt>
      <trkpt lat="52.439270" lon="8.337482">
        <ele>49.256943</ele>
        <time>2026-06-28T01:32:52.975Z</time>
      </trkpt>
      <trkpt lat="52.439236" lon="8.336495">
        <ele>48.773266</ele>
        <time>2026-06-28T01:33:00.746Z</time>
      </trkpt>
      <trkpt lat="52.439157" lon="8.333729">
        <ele>47.365253</ele>
        <time>2026-06-28T01:33:22.451Z</time>
      </trkpt>
      <trkpt lat="52.439102" lon="8.332418">
        <ele>46.681656</ele>
        <time>2026-06-28T01:33:31.962Z</time>
      </trkpt>
      <trkpt lat="52.439023" lon="8.330942">
        <ele>45.893899</ele>
        <time>2026-06-28T01:33:42.820Z</time>
      </trkpt>
      <trkpt lat="52.438867" lon="8.328890">
        <ele>45.231469</ele>
        <time>2026-06-28T01:33:59.664Z</time>
      </trkpt>
      <trkpt lat="52.438861" lon="8.328805">
        <ele>45.225677</ele>
        <time>2026-06-28T01:34:00.436Z</time>
      </trkpt>
      <trkpt lat="52.438757" lon="8.327441">
        <ele>45.132634</ele>
        <time>2026-06-28T01:34:12.757Z</time>
      </trkpt>
      <trkpt lat="52.438542" lon="8.324556">
        <ele>45.418284</ele>
        <time>2026-06-28T01:34:40.663Z</time>
      </trkpt>
      <trkpt lat="52.438420" lon="8.322945">
        <ele>45.365339</ele>
        <time>2026-06-28T01:34:56.503Z</time>
      </trkpt>
      <trkpt lat="52.438222" lon="8.320329">
        <ele>44.887507</ele>
        <time>2026-06-28T01:35:17.888Z</time>
      </trkpt>
      <trkpt lat="52.438039" lon="8.317854">
        <ele>44.097413</ele>
        <time>2026-06-28T01:35:37.996Z</time>
      </trkpt>
      <trkpt lat="52.437976" lon="8.317012">
        <ele>43.840570</ele>
        <time>2026-06-28T01:35:44.682Z</time>
      </trkpt>
      <trkpt lat="52.437856" lon="8.315428">
        <ele>43.357297</ele>
        <time>2026-06-28T01:35:57.536Z</time>
      </trkpt>
      <trkpt lat="52.437743" lon="8.314027">
        <ele>43.411682</ele>
        <time>2026-06-28T01:36:09.383Z</time>
      </trkpt>
      <trkpt lat="52.437597" lon="8.312067">
        <ele>43.639670</ele>
        <time>2026-06-28T01:36:29.903Z</time>
      </trkpt>
      <trkpt lat="52.437544" lon="8.311355">
        <ele>43.754811</ele>
        <time>2026-06-28T01:36:37.219Z</time>
      </trkpt>
      <trkpt lat="52.437482" lon="8.310524">
        <ele>43.889201</ele>
        <time>2026-06-28T01:36:45.534Z</time>
      </trkpt>
      <trkpt lat="52.437476" lon="8.309945">
        <ele>43.982157</ele>
        <time>2026-06-28T01:36:51.102Z</time>
      </trkpt>
      <trkpt lat="52.437468" lon="8.309849">
        <ele>43.997710</ele>
        <time>2026-06-28T01:36:52.004Z</time>
      </trkpt>
      <trkpt lat="52.437438" lon="8.309597">
        <ele>44.038926</ele>
        <time>2026-06-28T01:36:54.213Z</time>
      </trkpt>
      <trkpt lat="52.438402" lon="8.309321">
        <ele>44.142057</ele>
        <time>2026-06-28T01:37:07.781Z</time>
      </trkpt>
      <trkpt lat="52.439316" lon="8.309064">
        <ele>44.209845</ele>
        <time>2026-06-28T01:37:22.602Z</time>
      </trkpt>
      <trkpt lat="52.439592" lon="8.309027">
        <ele>44.206072</ele>
        <time>2026-06-28T01:37:27.241Z</time>
      </trkpt>
      <trkpt lat="52.439951" lon="8.309057">
        <ele>44.192761</ele>
        <time>2026-06-28T01:37:33.075Z</time>
      </trkpt>
      <trkpt lat="52.440619" lon="8.309288">
        <ele>44.167481</ele>
        <time>2026-06-28T01:37:43.375Z</time>
      </trkpt>
      <trkpt lat="52.441905" lon="8.309826">
        <ele>43.603751</ele>
        <time>2026-06-28T01:38:00.692Z</time>
      </trkpt>
      <trkpt lat="52.443191" lon="8.310364">
        <ele>42.779381</ele>
        <time>2026-06-28T01:38:17.402Z</time>
      </trkpt>
      <trkpt lat="52.443486" lon="8.310516">
        <ele>42.654545</ele>
        <time>2026-06-28T01:38:21.482Z</time>
      </trkpt>
      <trkpt lat="52.443872" lon="8.310801">
        <ele>42.483649</ele>
        <time>2026-06-28T01:38:27.148Z</time>
      </trkpt>
      <trkpt lat="52.443883" lon="8.310667">
        <ele>42.450376</ele>
        <time>2026-06-28T01:38:28.296Z</time>
      </trkpt>
      <trkpt lat="52.443863" lon="8.310432">
        <ele>42.391984</ele>
        <time>2026-06-28T01:38:30.264Z</time>
      </trkpt>
      <trkpt lat="52.443551" lon="8.308104">
        <ele>42.321227</ele>
        <time>2026-06-28T01:38:51.381Z</time>
      </trkpt>
      <trkpt lat="52.443386" lon="8.306831">
        <ele>42.440458</ele>
        <time>2026-06-28T01:39:04.206Z</time>
      </trkpt>
      <trkpt lat="52.443317" lon="8.306300">
        <ele>42.560446</ele>
        <time>2026-06-28T01:39:09.826Z</time>
      </trkpt>
      <trkpt lat="52.443257" lon="8.306047">
        <ele>42.630611</ele>
        <time>2026-06-28T01:39:12.675Z</time>
      </trkpt>
      <trkpt lat="52.443257" lon="8.306047">
        <ele>42.630611</ele>
        <time>2026-06-28T01:39:12.681Z</time>
      </trkpt>
      <trkpt lat="52.443353" lon="8.305870">
        <ele>42.691846</ele>
        <time>2026-06-28T01:39:15.358Z</time>
      </trkpt>
      <trkpt lat="52.443231" lon="8.305934">
        <ele>42.746156</ele>
        <time>2026-06-28T01:39:17.736Z</time>
      </trkpt>
      <trkpt lat="52.443167" lon="8.305807">
        <ele>42.788745</ele>
        <time>2026-06-28T01:39:19.478Z</time>
      </trkpt>
      <trkpt lat="52.440488" lon="8.302080">
        <ele>43.581748</ele>
        <time>2026-06-28T01:40:16.152Z</time>
      </trkpt>
      <trkpt lat="52.440260" lon="8.301756">
        <ele>43.502722</ele>
        <time>2026-06-28T01:40:19.973Z</time>
      </trkpt>
      <trkpt lat="52.440111" lon="8.301462">
        <ele>43.441663</ele>
        <time>2026-06-28T01:40:22.895Z</time>
      </trkpt>
      <trkpt lat="52.439771" lon="8.300244">
        <ele>43.286175</ele>
        <time>2026-06-28T01:40:33.247Z</time>
      </trkpt>
      <trkpt lat="52.438995" lon="8.297299">
        <ele>43.146784</ele>
        <time>2026-06-28T01:41:03.394Z</time>
      </trkpt>
      <trkpt lat="52.438898" lon="8.296653">
        <ele>43.071233</ele>
        <time>2026-06-28T01:41:09.425Z</time>
      </trkpt>
      <trkpt lat="52.438841" lon="8.295940">
        <ele>42.989573</ele>
        <time>2026-06-28T01:41:15.481Z</time>
      </trkpt>
      <trkpt lat="52.438787" lon="8.294763">
        <ele>42.888688</ele>
        <time>2026-06-28T01:41:24.961Z</time>
      </trkpt>
      <trkpt lat="52.438856" lon="8.293835">
        <ele>42.884603</ele>
        <time>2026-06-28T01:41:32.776Z</time>
      </trkpt>
      <trkpt lat="52.438974" lon="8.293060">
        <ele>42.881111</ele>
        <time>2026-06-28T01:41:40.092Z</time>
      </trkpt>
      <trkpt lat="52.439036" lon="8.292698">
        <ele>42.879468</ele>
        <time>2026-06-28T01:41:43.736Z</time>
      </trkpt>
      <trkpt lat="52.439083" lon="8.292408">
        <ele>42.878157</ele>
        <time>2026-06-28T01:41:46.700Z</time>
      </trkpt>
      <trkpt lat="52.439105" lon="8.292068">
        <ele>42.903195</ele>
        <time>2026-06-28T01:41:50.203Z</time>
      </trkpt>
      <trkpt lat="52.439047" lon="8.291467">
        <ele>43.054580</ele>
        <time>2026-06-28T01:41:56.743Z</time>
      </trkpt>
      <trkpt lat="52.438934" lon="8.290546">
        <ele>43.288311</ele>
        <time>2026-06-28T01:42:06.790Z</time>
      </trkpt>
      <trkpt lat="52.438771" lon="8.289517">
        <ele>43.552819</ele>
        <time>2026-06-28T01:42:17.152Z</time>
      </trkpt>
      <trkpt lat="52.438739" lon="8.289343">
        <ele>43.598036</ele>
        <time>2026-06-28T01:42:18.838Z</time>
      </trkpt>
      <trkpt lat="52.438396" lon="8.287365">
        <ele>43.300786</ele>
        <time>2026-06-28T01:42:36.653Z</time>
      </trkpt>
      <trkpt lat="52.438260" lon="8.286460">
        <ele>43.156391</ele>
        <time>2026-06-28T01:42:44.282Z</time>
      </trkpt>
      <trkpt lat="52.438209" lon="8.285892">
        <ele>42.903712</ele>
        <time>2026-06-28T01:42:48.819Z</time>
      </trkpt>
      <trkpt lat="52.438200" lon="8.285081">
        <ele>42.540633</ele>
        <time>2026-06-28T01:42:55.104Z</time>
      </trkpt>
      <trkpt lat="52.438231" lon="8.284667">
        <ele>42.353925</ele>
        <time>2026-06-28T01:42:58.251Z</time>
      </trkpt>
      <trkpt lat="52.438337" lon="8.283977">
        <ele>42.035413</ele>
        <time>2026-06-28T01:43:03.486Z</time>
      </trkpt>
      <trkpt lat="52.438512" lon="8.283157">
        <ele>41.848129</ele>
        <time>2026-06-28T01:43:10.262Z</time>
      </trkpt>
      <trkpt lat="52.438593" lon="8.282804">
        <ele>41.861407</ele>
        <time>2026-06-28T01:43:13.436Z</time>
      </trkpt>
      <trkpt lat="52.438793" lon="8.281776">
        <ele>41.899392</ele>
        <time>2026-06-28T01:43:23.881Z</time>
      </trkpt>
      <trkpt lat="52.438885" lon="8.280887">
        <ele>41.931135</ele>
        <time>2026-06-28T01:43:33.510Z</time>
      </trkpt>
      <trkpt lat="52.438885" lon="8.280562">
        <ele>41.933513</ele>
        <time>2026-06-28T01:43:36.911Z</time>
      </trkpt>
      <trkpt lat="52.438865" lon="8.280108">
        <ele>41.922048</ele>
        <time>2026-06-28T01:43:41.024Z</time>
      </trkpt>
      <trkpt lat="52.438792" lon="8.279535">
        <ele>41.907304</ele>
        <time>2026-06-28T01:43:45.807Z</time>
      </trkpt>
      <trkpt lat="52.438675" lon="8.278942">
        <ele>41.891605</ele>
        <time>2026-06-28T01:43:51.017Z</time>
      </trkpt>
      <trkpt lat="52.438510" lon="8.278377">
        <ele>41.875825</ele>
        <time>2026-06-28T01:43:56.525Z</time>
      </trkpt>
      <trkpt lat="52.438310" lon="8.277886">
        <ele>41.897090</ele>
        <time>2026-06-28T01:44:01.681Z</time>
      </trkpt>
      <trkpt lat="52.438193" lon="8.277682">
        <ele>42.015886</ele>
        <time>2026-06-28T01:44:04.218Z</time>
      </trkpt>
      <trkpt lat="52.438070" lon="8.277466">
        <ele>42.141250</ele>
        <time>2026-06-28T01:44:07.028Z</time>
      </trkpt>
      <trkpt lat="52.437978" lon="8.277306">
        <ele>42.234536</ele>
        <time>2026-06-28T01:44:09.198Z</time>
      </trkpt>
      <trkpt lat="52.437643" lon="8.276717">
        <ele>42.576196</ele>
        <time>2026-06-28T01:44:18.235Z</time>
      </trkpt>
      <trkpt lat="52.437545" lon="8.276484">
        <ele>42.696259</ele>
        <time>2026-06-28T01:44:21.622Z</time>
      </trkpt>
      <trkpt lat="52.437388" lon="8.276081">
        <ele>42.899109</ele>
        <time>2026-06-28T01:44:27.414Z</time>
      </trkpt>
      <trkpt lat="52.437057" lon="8.275188">
        <ele>43.215761</ele>
        <time>2026-06-28T01:44:39.303Z</time>
      </trkpt>
      <trkpt lat="52.437019" lon="8.274989">
        <ele>43.255093</ele>
        <time>2026-06-28T01:44:41.532Z</time>
      </trkpt>
      <trkpt lat="52.436995" lon="8.274863">
        <ele>43.279991</ele>
        <time>2026-06-28T01:44:42.966Z</time>
      </trkpt>
      <trkpt lat="52.437008" lon="8.274758">
        <ele>43.300199</ele>
        <time>2026-06-28T01:44:44.046Z</time>
      </trkpt>
      <trkpt lat="52.436953" lon="8.274664">
        <ele>43.324773</ele>
        <time>2026-06-28T01:44:45.418Z</time>
      </trkpt>
      <trkpt lat="52.436898" lon="8.274672">
        <ele>43.341856</ele>
        <time>2026-06-28T01:44:46.280Z</time>
      </trkpt>
      <trkpt lat="52.436821" lon="8.274629">
        <ele>43.367022</ele>
        <time>2026-06-28T01:44:47.625Z</time>
      </trkpt>
      <trkpt lat="52.436711" lon="8.274562">
        <ele>43.403325</ele>
        <time>2026-06-28T01:44:49.412Z</time>
      </trkpt>
      <trkpt lat="52.436583" lon="8.274378">
        <ele>43.455981</ele>
        <time>2026-06-28T01:44:52.045Z</time>
      </trkpt>
      <trkpt lat="52.436469" lon="8.274166">
        <ele>43.509300</ele>
        <time>2026-06-28T01:44:54.606Z</time>
      </trkpt>
      <trkpt lat="52.436415" lon="8.274010">
        <ele>43.543136</ele>
        <time>2026-06-28T01:44:56.130Z</time>
      </trkpt>
      <trkpt lat="52.436304" lon="8.273597">
        <ele>43.628268</ele>
        <time>2026-06-28T01:45:00.049Z</time>
      </trkpt>
      <trkpt lat="52.436172" lon="8.272715">
        <ele>43.612670</ele>
        <time>2026-06-28T01:45:07.854Z</time>
      </trkpt>
      <trkpt lat="52.436124" lon="8.272364">
        <ele>43.582011</ele>
        <time>2026-06-28T01:45:10.830Z</time>
      </trkpt>
      <trkpt lat="52.436097" lon="8.272160">
        <ele>43.564219</ele>
        <time>2026-06-28T01:45:12.581Z</time>
      </trkpt>
      <trkpt lat="52.436090" lon="8.272108">
        <ele>43.559680</ele>
        <time>2026-06-28T01:45:13.041Z</time>
      </trkpt>
      <trkpt lat="52.436078" lon="8.272023">
        <ele>43.552244</ele>
        <time>2026-06-28T01:45:13.794Z</time>
      </trkpt>
      <trkpt lat="52.436044" lon="8.271814">
        <ele>43.533808</ele>
        <time>2026-06-28T01:45:15.653Z</time>
      </trkpt>
      <trkpt lat="52.435997" lon="8.271609">
        <ele>43.515141</ele>
        <time>2026-06-28T01:45:17.546Z</time>
      </trkpt>
      <trkpt lat="52.435849" lon="8.271264">
        <ele>43.479186</ele>
        <time>2026-06-28T01:45:21.260Z</time>
      </trkpt>
      <trkpt lat="52.435634" lon="8.271013">
        <ele>43.442293</ele>
        <time>2026-06-28T01:45:25.209Z</time>
      </trkpt>
      <trkpt lat="52.435459" lon="8.270856">
        <ele>43.424901</ele>
        <time>2026-06-28T01:45:28.307Z</time>
      </trkpt>
      <trkpt lat="52.434450" lon="8.269945">
        <ele>43.603428</ele>
        <time>2026-06-28T01:45:45.816Z</time>
      </trkpt>
      <trkpt lat="52.433877" lon="8.269353">
        <ele>43.696639</ele>
        <time>2026-06-28T01:45:56.830Z</time>
      </trkpt>
      <trkpt lat="52.433580" lon="8.268980">
        <ele>43.687895</ele>
        <time>2026-06-28T01:46:02.518Z</time>
      </trkpt>
      <trkpt lat="52.433379" lon="8.268718">
        <ele>43.681893</ele>
        <time>2026-06-28T01:46:06.424Z</time>
      </trkpt>
      <trkpt lat="52.433200" lon="8.268449">
        <ele>43.676217</ele>
        <time>2026-06-28T01:46:10.175Z</time>
      </trkpt>
      <trkpt lat="52.433142" lon="8.268273">
        <ele>43.673366</ele>
        <time>2026-06-28T01:46:12.050Z</time>
      </trkpt>
      <trkpt lat="52.433105" lon="8.268084">
        <ele>43.670536</ele>
        <time>2026-06-28T01:46:13.885Z</time>
      </trkpt>
      <trkpt lat="52.433122" lon="8.267971">
        <ele>43.668878</ele>
        <time>2026-06-28T01:46:14.957Z</time>
      </trkpt>
      <trkpt lat="52.433075" lon="8.267827">
        <ele>43.666550</ele>
        <time>2026-06-28T01:46:16.425Z</time>
      </trkpt>
      <trkpt lat="52.433049" lon="8.267728">
        <ele>43.665013</ele>
        <time>2026-06-28T01:46:17.343Z</time>
      </trkpt>
      <trkpt lat="52.433053" lon="8.267620">
        <ele>43.663471</ele>
        <time>2026-06-28T01:46:18.257Z</time>
      </trkpt>
      <trkpt lat="52.433030" lon="8.267354">
        <ele>43.659642</ele>
        <time>2026-06-28T01:46:20.449Z</time>
      </trkpt>
      <trkpt lat="52.432982" lon="8.266323">
        <ele>43.464459</ele>
        <time>2026-06-28T01:46:28.707Z</time>
      </trkpt>
      <trkpt lat="52.432862" lon="8.264044">
        <ele>42.919315</ele>
        <time>2026-06-28T01:46:47.469Z</time>
      </trkpt>
      <trkpt lat="52.432767" lon="8.262412">
        <ele>42.669995</ele>
        <time>2026-06-28T01:47:01.370Z</time>
      </trkpt>
      <trkpt lat="52.432691" lon="8.261836">
        <ele>42.580370</ele>
        <time>2026-06-28T01:47:06.425Z</time>
      </trkpt>
      <trkpt lat="52.432575" lon="8.261235">
        <ele>42.491853</ele>
        <time>2026-06-28T01:47:11.884Z</time>
      </trkpt>
      <trkpt lat="52.432427" lon="8.260511">
        <ele>42.539715</ele>
        <time>2026-06-28T01:47:18.583Z</time>
      </trkpt>
      <trkpt lat="52.432365" lon="8.260205">
        <ele>42.559925</ele>
        <time>2026-06-28T01:47:21.474Z</time>
      </trkpt>
      <trkpt lat="52.431593" lon="8.256413">
        <ele>42.893971</ele>
        <time>2026-06-28T01:47:59.911Z</time>
      </trkpt>
      <trkpt lat="52.431179" lon="8.255065">
        <ele>42.903580</ele>
        <time>2026-06-28T01:48:13.661Z</time>
      </trkpt>
      <trkpt lat="52.430865" lon="8.253883">
        <ele>42.780378</ele>
        <time>2026-06-28T01:48:24.693Z</time>
      </trkpt>
      <trkpt lat="52.430809" lon="8.253615">
        <ele>42.753306</ele>
        <time>2026-06-28T01:48:27.065Z</time>
      </trkpt>
      <trkpt lat="52.430643" lon="8.252295">
        <ele>42.675560</ele>
        <time>2026-06-28T01:48:38.547Z</time>
      </trkpt>
      <trkpt lat="52.430597" lon="8.251934">
        <ele>42.667294</ele>
        <time>2026-06-28T01:48:41.791Z</time>
      </trkpt>
      <trkpt lat="52.430251" lon="8.249096">
        <ele>42.642022</ele>
        <time>2026-06-28T01:49:08.711Z</time>
      </trkpt>
      <trkpt lat="52.430079" lon="8.247684">
        <ele>42.666147</ele>
        <time>2026-06-28T01:49:21.089Z</time>
      </trkpt>
      <trkpt lat="52.429951" lon="8.246727">
        <ele>42.714157</ele>
        <time>2026-06-28T01:49:30.520Z</time>
      </trkpt>
      <trkpt lat="52.429931" lon="8.246575">
        <ele>42.726984</ele>
        <time>2026-06-28T01:49:32.001Z</time>
      </trkpt>
      <trkpt lat="52.429811" lon="8.245678">
        <ele>42.802739</ele>
        <time>2026-06-28T01:49:40.469Z</time>
      </trkpt>
      <trkpt lat="52.429679" lon="8.244658">
        <ele>42.888755</ele>
        <time>2026-06-28T01:49:50.802Z</time>
      </trkpt>
      <trkpt lat="52.429509" lon="8.243315">
        <ele>42.862748</ele>
        <time>2026-06-28T01:50:02.818Z</time>
      </trkpt>
      <trkpt lat="52.428764" lon="8.238002">
        <ele>42.722088</ele>
        <time>2026-06-28T01:50:50.558Z</time>
      </trkpt>
      <trkpt lat="52.428709" lon="8.237594">
        <ele>42.833715</ele>
        <time>2026-06-28T01:50:54.608Z</time>
      </trkpt>
      <trkpt lat="52.428241" lon="8.234251">
        <ele>43.826976</ele>
        <time>2026-06-28T01:51:31.273Z</time>
      </trkpt>
      <trkpt lat="52.428113" lon="8.233454">
        <ele>44.090331</ele>
        <time>2026-06-28T01:51:39.888Z</time>
      </trkpt>
      <trkpt lat="52.427988" lon="8.233002">
        <ele>44.248921</ele>
        <time>2026-06-28T01:51:44.877Z</time>
      </trkpt>
      <trkpt lat="52.427009" lon="8.229846">
        <ele>44.399371</ele>
        <time>2026-06-28T01:52:16.958Z</time>
      </trkpt>
      <trkpt lat="52.426920" lon="8.229560">
        <ele>44.398903</ele>
        <time>2026-06-28T01:52:19.935Z</time>
      </trkpt>
      <trkpt lat="52.426033" lon="8.226594">
        <ele>44.307439</ele>
        <time>2026-06-28T01:52:49.950Z</time>
      </trkpt>
      <trkpt lat="52.425753" lon="8.225624">
        <ele>44.221777</ele>
        <time>2026-06-28T01:52:58.702Z</time>
      </trkpt>
      <trkpt lat="52.425599" lon="8.224737">
        <ele>44.180765</ele>
        <time>2026-06-28T01:53:06.432Z</time>
      </trkpt>
      <trkpt lat="52.425241" lon="8.222086">
        <ele>44.548150</ele>
        <time>2026-06-28T01:53:33.639Z</time>
      </trkpt>
      <trkpt lat="52.425228" lon="8.221994">
        <ele>44.558843</ele>
        <time>2026-06-28T01:53:34.577Z</time>
      </trkpt>
      <trkpt lat="52.425004" lon="8.220147">
        <ele>44.475759</ele>
        <time>2026-06-28T01:53:51.310Z</time>
      </trkpt>
      <trkpt lat="52.424927" lon="8.218482">
        <ele>44.425230</ele>
        <time>2026-06-28T01:54:05.359Z</time>
      </trkpt>
      <trkpt lat="52.424809" lon="8.216246">
        <ele>44.410657</ele>
        <time>2026-06-28T01:54:25.855Z</time>
      </trkpt>
      <trkpt lat="52.424768" lon="8.215480">
        <ele>44.523324</ele>
        <time>2026-06-28T01:54:33.621Z</time>
      </trkpt>
      <trkpt lat="52.424729" lon="8.214768">
        <ele>44.642602</ele>
        <time>2026-06-28T01:54:40.730Z</time>
      </trkpt>
      <trkpt lat="52.424708" lon="8.214379">
        <ele>44.707763</ele>
        <time>2026-06-28T01:54:44.594Z</time>
      </trkpt>
      <trkpt lat="52.424589" lon="8.212245">
        <ele>44.902103</ele>
        <time>2026-06-28T01:55:04.990Z</time>
      </trkpt>
      <trkpt lat="52.424514" lon="8.210938">
        <ele>44.901950</ele>
        <time>2026-06-28T01:55:21.022Z</time>
      </trkpt>
      <trkpt lat="52.424166" lon="8.204670">
        <ele>44.199306</ele>
        <time>2026-06-28T01:56:35.777Z</time>
      </trkpt>
      <trkpt lat="52.424149" lon="8.203126">
        <ele>44.079985</ele>
        <time>2026-06-28T01:56:54.122Z</time>
      </trkpt>
      <trkpt lat="52.424039" lon="8.192480">
        <ele>43.505170</ele>
        <time>2026-06-28T01:59:02.916Z</time>
      </trkpt>
      <trkpt lat="52.424063" lon="8.191911">
        <ele>43.602724</ele>
        <time>2026-06-28T01:59:10.203Z</time>
      </trkpt>
      <trkpt lat="52.424610" lon="8.188875">
        <ele>44.060665</ele>
        <time>2026-06-28T01:59:52.227Z</time>
      </trkpt>
      <trkpt lat="52.424613" lon="8.188658">
        <ele>44.077997</ele>
        <time>2026-06-28T01:59:55.042Z</time>
      </trkpt>
      <trkpt lat="52.424522" lon="8.187546">
        <ele>44.167587</ele>
        <time>2026-06-28T02:00:09.294Z</time>
      </trkpt>
      <trkpt lat="52.423967" lon="8.181730">
        <ele>43.955813</ele>
        <time>2026-06-28T02:01:19.925Z</time>
      </trkpt>
      <trkpt lat="52.423901" lon="8.181316">
        <ele>43.949196</ele>
        <time>2026-06-28T02:01:25.303Z</time>
      </trkpt>
      <trkpt lat="52.423777" lon="8.180969">
        <ele>43.969190</ele>
        <time>2026-06-28T02:01:30.440Z</time>
      </trkpt>
      <trkpt lat="52.422648" lon="8.179051">
        <ele>44.494596</ele>
        <time>2026-06-28T02:02:05.758Z</time>
      </trkpt>
      <trkpt lat="52.421849" lon="8.176969">
        <ele>44.946263</ele>
        <time>2026-06-28T02:02:38.201Z</time>
      </trkpt>
      <trkpt lat="52.419863" lon="8.170859">
        <ele>45.724831</ele>
        <time>2026-06-28T02:04:06.679Z</time>
      </trkpt>
      <trkpt lat="52.418100" lon="8.165513">
        <ele>45.599032</ele>
        <time>2026-06-28T02:05:20.761Z</time>
      </trkpt>
      <trkpt lat="52.416341" lon="8.160507">
        <ele>45.519084</ele>
        <time>2026-06-28T02:06:12.292Z</time>
      </trkpt>
      <trkpt lat="52.415682" lon="8.158561">
        <ele>45.808834</ele>
        <time>2026-06-28T02:06:34.265Z</time>
      </trkpt>
      <trkpt lat="52.415568" lon="8.155950">
        <ele>45.943588</ele>
        <time>2026-06-28T02:06:58.168Z</time>
      </trkpt>
      <trkpt lat="52.415425" lon="8.150598">
        <ele>46.657141</ele>
        <time>2026-06-28T02:07:48.488Z</time>
      </trkpt>
      <trkpt lat="52.415382" lon="8.149820">
        <ele>46.842431</ele>
        <time>2026-06-28T02:07:56.798Z</time>
      </trkpt>
      <trkpt lat="52.415344" lon="8.148937">
        <ele>47.077493</ele>
        <time>2026-06-28T02:08:06.605Z</time>
      </trkpt>
      <trkpt lat="52.415307" lon="8.147256">
        <ele>47.560092</ele>
        <time>2026-06-28T02:08:24.538Z</time>
      </trkpt>
      <trkpt lat="52.415127" lon="8.141312">
        <ele>47.460846</ele>
        <time>2026-06-28T02:09:16.295Z</time>
      </trkpt>
      <trkpt lat="52.415040" lon="8.138214">
        <ele>47.814649</ele>
        <time>2026-06-28T02:09:46.548Z</time>
      </trkpt>
      <trkpt lat="52.414977" lon="8.135974">
        <ele>48.064387</ele>
        <time>2026-06-28T02:10:08.297Z</time>
      </trkpt>
      <trkpt lat="52.414904" lon="8.134075">
        <ele>48.121753</ele>
        <time>2026-06-28T02:10:25.605Z</time>
      </trkpt>
      <trkpt lat="52.414830" lon="8.132177">
        <ele>47.930212</ele>
        <time>2026-06-28T02:10:42.046Z</time>
      </trkpt>
      <trkpt lat="52.414609" lon="8.129917">
        <ele>47.509325</ele>
        <time>2026-06-28T02:11:01.029Z</time>
      </trkpt>
      <trkpt lat="52.414523" lon="8.128975">
        <ele>47.317053</ele>
        <time>2026-06-28T02:11:08.895Z</time>
      </trkpt>
      <trkpt lat="52.414530" lon="8.126008">
        <ele>46.853846</ele>
        <time>2026-06-28T02:11:33.882Z</time>
      </trkpt>
      <trkpt lat="52.414499" lon="8.123269">
        <ele>46.898030</ele>
        <time>2026-06-28T02:11:58.583Z</time>
      </trkpt>
      <trkpt lat="52.414510" lon="8.123011">
        <ele>46.903804</ele>
        <time>2026-06-28T02:12:01.128Z</time>
      </trkpt>
      <trkpt lat="52.414633" lon="8.122051">
        <ele>47.484887</ele>
        <time>2026-06-28T02:12:11.187Z</time>
      </trkpt>
      <trkpt lat="52.414847" lon="8.120703">
        <ele>48.349862</ele>
        <time>2026-06-28T02:12:27.685Z</time>
      </trkpt>
      <trkpt lat="52.413883" lon="8.120331">
        <ele>49.463038</ele>
        <time>2026-06-28T02:12:48.805Z</time>
      </trkpt>
      <trkpt lat="52.413722" lon="8.120233">
        <ele>49.667371</ele>
        <time>2026-06-28T02:12:52.120Z</time>
      </trkpt>
      <trkpt lat="52.413597" lon="8.120100">
        <ele>49.844671</ele>
        <time>2026-06-28T02:12:55.088Z</time>
      </trkpt>
      <trkpt lat="52.413426" lon="8.119795">
        <ele>50.145316</ele>
        <time>2026-06-28T02:13:00.269Z</time>
      </trkpt>
      <trkpt lat="52.413267" lon="8.119402">
        <ele>50.487563</ele>
        <time>2026-06-28T02:13:06.075Z</time>
      </trkpt>
      <trkpt lat="52.413175" lon="8.119341">
        <ele>50.605637</ele>
        <time>2026-06-28T02:13:07.920Z</time>
      </trkpt>
      <trkpt lat="52.413044" lon="8.119333">
        <ele>50.761608</ele>
        <time>2026-06-28T02:13:10.262Z</time>
      </trkpt>
      <trkpt lat="52.412383" lon="8.119308">
        <ele>51.298437</ele>
        <time>2026-06-28T02:13:24.338Z</time>
      </trkpt>
      <trkpt lat="52.412270" lon="8.119300">
        <ele>51.382993</ele>
        <time>2026-06-28T02:13:25.973Z</time>
      </trkpt>
      <trkpt lat="52.412058" lon="8.119269">
        <ele>51.542111</ele>
        <time>2026-06-28T02:13:29.210Z</time>
      </trkpt>
      <trkpt lat="52.411737" lon="8.119156">
        <ele>51.787557</ele>
        <time>2026-06-28T02:13:35.204Z</time>
      </trkpt>
      <trkpt lat="52.411436" lon="8.118998">
        <ele>52.023835</ele>
        <time>2026-06-28T02:13:41.082Z</time>
      </trkpt>
      <trkpt lat="52.410720" lon="8.118413">
        <ele>53.597181</ele>
        <time>2026-06-28T02:13:57.019Z</time>
      </trkpt>
      <trkpt lat="52.410012" lon="8.117855">
        <ele>55.612135</ele>
        <time>2026-06-28T02:14:17.544Z</time>
      </trkpt>
      <trkpt lat="52.409782" lon="8.117738">
        <ele>56.229824</ele>
        <time>2026-06-28T02:14:24.447Z</time>
      </trkpt>
      <trkpt lat="52.409220" lon="8.117587">
        <ele>58.224197</ele>
        <time>2026-06-28T02:14:41.701Z</time>
      </trkpt>
      <trkpt lat="52.408385" lon="8.117302">
        <ele>61.775010</ele>
        <time>2026-06-28T02:15:08.496Z</time>
      </trkpt>
      <trkpt lat="52.407791" lon="8.117404">
        <ele>64.261475</ele>
        <time>2026-06-28T02:15:29.116Z</time>
      </trkpt>
      <trkpt lat="52.407774" lon="8.117408">
        <ele>64.328375</ele>
        <time>2026-06-28T02:15:29.712Z</time>
      </trkpt>
      <trkpt lat="52.407072" lon="8.117527">
        <ele>66.008282</ele>
        <time>2026-06-28T02:15:50.692Z</time>
      </trkpt>
      <trkpt lat="52.406974" lon="8.117538">
        <ele>66.242101</ele>
        <time>2026-06-28T02:15:53.131Z</time>
      </trkpt>
      <trkpt lat="52.406855" lon="8.117553">
        <ele>66.526198</ele>
        <time>2026-06-28T02:15:55.987Z</time>
      </trkpt>
      <trkpt lat="52.406741" lon="8.117569">
        <ele>66.798549</ele>
        <time>2026-06-28T02:15:58.589Z</time>
      </trkpt>
      <trkpt lat="52.406679" lon="8.117576">
        <ele>66.946480</ele>
        <time>2026-06-28T02:16:00.316Z</time>
      </trkpt>
      <trkpt lat="52.406679" lon="8.117576">
        <ele>66.946480</ele>
        <time>2026-06-28T02:16:00.320Z</time>
      </trkpt>
      <trkpt lat="52.406610" lon="8.116274">
        <ele>68.640645</ele>
        <time>2026-06-28T02:16:15.096Z</time>
      </trkpt>
      <trkpt lat="52.406541" lon="8.114971">
        <ele>68.932905</ele>
        <time>2026-06-28T02:16:29.883Z</time>
      </trkpt>
      <trkpt lat="52.406472" lon="8.113669">
        <ele>69.224943</ele>
        <time>2026-06-28T02:16:44.659Z</time>
      </trkpt>
      <trkpt lat="52.406404" lon="8.112367">
        <ele>67.862329</ele>
        <time>2026-06-28T02:16:59.434Z</time>
      </trkpt>
      <trkpt lat="52.406335" lon="8.111065">
        <ele>66.255777</ele>
        <time>2026-06-28T02:17:14.215Z</time>
      </trkpt>
      <trkpt lat="52.406266" lon="8.109762">
        <ele>64.763359</ele>
        <time>2026-06-28T02:17:29.007Z</time>
      </trkpt>
      <trkpt lat="52.406197" lon="8.108460">
        <ele>63.343986</ele>
        <time>2026-06-28T02:17:43.784Z</time>
      </trkpt>
      <trkpt lat="52.406128" lon="8.107158">
        <ele>62.391608</ele>
        <time>2026-06-28T02:17:58.560Z</time>
      </trkpt>
      <trkpt lat="52.405905" lon="8.106069">
        <ele>62.283115</ele>
        <time>2026-06-28T02:18:11.548Z</time>
      </trkpt>
      <trkpt lat="52.405682" lon="8.104979">
        <ele>62.174532</ele>
        <time>2026-06-28T02:18:24.546Z</time>
      </trkpt>
      <trkpt lat="52.405460" lon="8.103890">
        <ele>62.597841</ele>
        <time>2026-06-28T02:18:37.528Z</time>
      </trkpt>
      <trkpt lat="52.405237" lon="8.102800">
        <ele>63.120012</ele>
        <time>2026-06-28T02:18:50.526Z</time>
      </trkpt>
      <trkpt lat="52.404910" lon="8.101729">
        <ele>63.665967</ele>
        <time>2026-06-28T02:19:04.067Z</time>
      </trkpt>
      <trkpt lat="52.404583" lon="8.100658">
        <ele>64.216403</ele>
        <time>2026-06-28T02:19:17.608Z</time>
      </trkpt>
      <trkpt lat="52.404255" lon="8.099587">
        <ele>64.767180</ele>
        <time>2026-06-28T02:19:31.158Z</time>
      </trkpt>
      <trkpt lat="52.403928" lon="8.098516">
        <ele>65.377014</ele>
        <time>2026-06-28T02:19:44.699Z</time>
      </trkpt>
      <trkpt lat="52.403601" lon="8.097445">
        <ele>65.997628</ele>
        <time>2026-06-28T02:19:58.241Z</time>
      </trkpt>
      <trkpt lat="52.403338" lon="8.096184">
        <ele>66.638838</ele>
        <time>2026-06-28T02:20:13.309Z</time>
      </trkpt>
      <trkpt lat="52.403075" lon="8.094923">
        <ele>67.218993</ele>
        <time>2026-06-28T02:20:28.377Z</time>
      </trkpt>
      <trkpt lat="52.402813" lon="8.093662">
        <ele>67.759918</ele>
        <time>2026-06-28T02:20:43.439Z</time>
      </trkpt>
      <trkpt lat="52.402550" lon="8.092401">
        <ele>68.173745</ele>
        <time>2026-06-28T02:20:58.508Z</time>
      </trkpt>
      <trkpt lat="52.402308" lon="8.091505">
        <ele>68.478027</ele>
        <time>2026-06-28T02:21:09.587Z</time>
      </trkpt>
      <trkpt lat="52.402066" lon="8.090610">
        <ele>68.747430</ele>
        <time>2026-06-28T02:21:20.656Z</time>
      </trkpt>
      <trkpt lat="52.401801" lon="8.089928">
        <ele>68.955869</ele>
        <time>2026-06-28T02:21:29.798Z</time>
      </trkpt>
      <trkpt lat="52.401535" lon="8.089247">
        <ele>69.164320</ele>
        <time>2026-06-28T02:21:38.941Z</time>
      </trkpt>
      <trkpt lat="52.401130" lon="8.088210">
        <ele>69.460092</ele>
        <time>2026-06-28T02:21:52.864Z</time>
      </trkpt>
      <trkpt lat="52.401130" lon="8.088210">
        <ele>69.460092</ele>
        <time>2026-06-28T02:21:52.872Z</time>
      </trkpt>
      <trkpt lat="52.400719" lon="8.087469">
        <ele>69.679304</ele>
        <time>2026-06-28T02:22:04.195Z</time>
      </trkpt>
      <trkpt lat="52.400307" lon="8.086729">
        <ele>69.898597</ele>
        <time>2026-06-28T02:22:15.523Z</time>
      </trkpt>
      <trkpt lat="52.399899" lon="8.085753">
        <ele>69.779680</ele>
        <time>2026-06-28T02:22:28.901Z</time>
      </trkpt>
      <trkpt lat="52.399492" lon="8.084778">
        <ele>69.476493</ele>
        <time>2026-06-28T02:22:42.259Z</time>
      </trkpt>
      <trkpt lat="52.399092" lon="8.083547">
        <ele>69.069418</ele>
        <time>2026-06-28T02:22:58.030Z</time>
      </trkpt>
      <trkpt lat="52.398692" lon="8.082317">
        <ele>68.549736</ele>
        <time>2026-06-28T02:23:13.791Z</time>
      </trkpt>
      <trkpt lat="52.398292" lon="8.081086">
        <ele>68.018084</ele>
        <time>2026-06-28T02:23:29.562Z</time>
      </trkpt>
      <trkpt lat="52.397892" lon="8.079855">
        <ele>67.436462</ele>
        <time>2026-06-28T02:23:45.334Z</time>
      </trkpt>
      <trkpt lat="52.397572" lon="8.079017">
        <ele>67.024192</ele>
        <time>2026-06-28T02:23:56.513Z</time>
      </trkpt>
      <trkpt lat="52.397253" lon="8.078178">
        <ele>66.781053</ele>
        <time>2026-06-28T02:24:07.691Z</time>
      </trkpt>
      <trkpt lat="52.396845" lon="8.077289">
        <ele>66.590781</ele>
        <time>2026-06-28T02:24:20.271Z</time>
      </trkpt>
      <trkpt lat="52.396437" lon="8.076400">
        <ele>66.400508</ele>
        <time>2026-06-28T02:24:32.850Z</time>
      </trkpt>
      <trkpt lat="52.396029" lon="8.075510">
        <ele>66.174558</ele>
        <time>2026-06-28T02:24:45.438Z</time>
      </trkpt>
      <trkpt lat="52.395621" lon="8.074621">
        <ele>65.947604</ele>
        <time>2026-06-28T02:24:58.018Z</time>
      </trkpt>
      <trkpt lat="52.395361" lon="8.073745">
        <ele>65.716450</ele>
        <time>2026-06-28T02:25:09.034Z</time>
      </trkpt>
      <trkpt lat="52.395102" lon="8.072870">
        <ele>65.372589</ele>
        <time>2026-06-28T02:25:20.032Z</time>
      </trkpt>
      <trkpt lat="52.394966" lon="8.072052">
        <ele>65.072816</ele>
        <time>2026-06-28T02:25:29.620Z</time>
      </trkpt>
      <trkpt lat="52.394830" lon="8.071235">
        <ele>64.773383</ele>
        <time>2026-06-28T02:25:39.204Z</time>
      </trkpt>
      <trkpt lat="52.394830" lon="8.071235">
        <ele>64.773383</ele>
        <time>2026-06-28T02:25:39.223Z</time>
      </trkpt>
      <trkpt lat="52.394830" lon="8.071235">
        <ele>64.773383</ele>
        <time>2026-06-28T02:25:39.223Z</time>
      </trkpt>
      <trkpt lat="52.393995" lon="8.071452">
        <ele>64.902105</ele>
        <time>2026-06-28T02:25:54.892Z</time>
      </trkpt>
      <trkpt lat="52.393887" lon="8.071271">
        <ele>64.931073</ele>
        <time>2026-06-28T02:25:58.386Z</time>
      </trkpt>
      <trkpt lat="52.393691" lon="8.070872">
        <ele>64.989686</ele>
        <time>2026-06-28T02:26:05.357Z</time>
      </trkpt>
      <trkpt lat="52.392198" lon="8.067830">
        <ele>65.863050</ele>
        <time>2026-06-28T02:26:57.357Z</time>
      </trkpt>
      <trkpt lat="52.392019" lon="8.067481">
        <ele>66.002800</ele>
        <time>2026-06-28T02:27:01.930Z</time>
      </trkpt>
      <trkpt lat="52.391749" lon="8.067155">
        <ele>66.171267</ele>
        <time>2026-06-28T02:27:07.697Z</time>
      </trkpt>
      <trkpt lat="52.391130" lon="8.066581">
        <ele>66.528537</ele>
        <time>2026-06-28T02:27:19.841Z</time>
      </trkpt>
      <trkpt lat="52.390961" lon="8.066315">
        <ele>66.646248</ele>
        <time>2026-06-28T02:27:23.757Z</time>
      </trkpt>
      <trkpt lat="52.390874" lon="8.066032">
        <ele>66.741058</ele>
        <time>2026-06-28T02:27:26.964Z</time>
      </trkpt>
      <trkpt lat="52.390531" lon="8.063361">
        <ele>67.266803</ele>
        <time>2026-06-28T02:27:53.342Z</time>
      </trkpt>
      <trkpt lat="52.390391" lon="8.062431">
        <ele>67.547719</ele>
        <time>2026-06-28T02:28:03.148Z</time>
      </trkpt>
      <trkpt lat="52.390309" lon="8.062182">
        <ele>67.638087</ele>
        <time>2026-06-28T02:28:06.147Z</time>
      </trkpt>
      <trkpt lat="52.390233" lon="8.062062">
        <ele>67.693322</ele>
        <time>2026-06-28T02:28:08.005Z</time>
      </trkpt>
      <trkpt lat="52.390103" lon="8.061941">
        <ele>67.771567</ele>
        <time>2026-06-28T02:28:10.626Z</time>
      </trkpt>
      <trkpt lat="52.389668" lon="8.061688">
        <ele>68.013137</ele>
        <time>2026-06-28T02:28:18.642Z</time>
      </trkpt>
      <trkpt lat="52.389483" lon="8.061579">
        <ele>68.116025</ele>
        <time>2026-06-28T02:28:21.710Z</time>
      </trkpt>
      <trkpt lat="52.389424" lon="8.061490">
        <ele>68.157995</ele>
        <time>2026-06-28T02:28:22.849Z</time>
      </trkpt>
      <trkpt lat="52.389342" lon="8.061268">
        <ele>68.240876</ele>
        <time>2026-06-28T02:28:25.342Z</time>
      </trkpt>
      <trkpt lat="52.388855" lon="8.061673">
        <ele>68.985450</ele>
        <time>2026-06-28T02:28:38.281Z</time>
      </trkpt>
      <trkpt lat="52.388736" lon="8.061768">
        <ele>69.168002</ele>
        <time>2026-06-28T02:28:41.571Z</time>
      </trkpt>
      <trkpt lat="52.388678" lon="8.061816">
        <ele>69.257611</ele>
        <time>2026-06-28T02:28:42.766Z</time>
      </trkpt>
      <trkpt lat="52.388534" lon="8.061923">
        <ele>69.475664</ele>
        <time>2026-06-28T02:28:45.940Z</time>
      </trkpt>
      <trkpt lat="52.388240" lon="8.062169">
        <ele>69.930918</ele>
        <time>2026-06-28T02:28:52.871Z</time>
      </trkpt>
      <trkpt lat="52.388054" lon="8.062320">
        <ele>70.217184</ele>
        <time>2026-06-28T02:28:57.509Z</time>
      </trkpt>
      <trkpt lat="52.387900" lon="8.062444">
        <ele>70.453820</ele>
        <time>2026-06-28T02:29:01.315Z</time>
      </trkpt>
      <trkpt lat="52.387727" lon="8.062575">
        <ele>70.716645</ele>
        <time>2026-06-28T02:29:05.499Z</time>
      </trkpt>
      <trkpt lat="52.387558" lon="8.062648">
        <ele>71.010620</ele>
        <time>2026-06-28T02:29:09.809Z</time>
      </trkpt>
      <trkpt lat="52.387017" lon="8.062544">
        <ele>71.933936</ele>
        <time>2026-06-28T02:29:23.468Z</time>
      </trkpt>
      <trkpt lat="52.386704" lon="8.062482">
        <ele>72.468352</ele>
        <time>2026-06-28T02:29:30.364Z</time>
      </trkpt>
      <trkpt lat="52.386505" lon="8.062483">
        <ele>72.805670</ele>
        <time>2026-06-28T02:29:34.548Z</time>
      </trkpt>
      <trkpt lat="52.386022" lon="8.062457">
        <ele>73.624825</ele>
        <time>2026-06-28T02:29:46.612Z</time>
      </trkpt>
      <trkpt lat="52.385134" lon="8.062205">
        <ele>74.136834</ele>
        <time>2026-06-28T02:30:07.581Z</time>
      </trkpt>
      <trkpt lat="52.384784" lon="8.062128">
        <ele>74.293950</ele>
        <time>2026-06-28T02:30:15.380Z</time>
      </trkpt>
      <trkpt lat="52.384364" lon="8.061958">
        <ele>74.486431</ele>
        <time>2026-06-28T02:30:24.108Z</time>
      </trkpt>
      <trkpt lat="52.383978" lon="8.061663">
        <ele>74.531772</ele>
        <time>2026-06-28T02:30:32.462Z</time>
      </trkpt>
      <trkpt lat="52.383671" lon="8.061345">
        <ele>74.461121</ele>
        <time>2026-06-28T02:30:39.315Z</time>
      </trkpt>
      <trkpt lat="52.383226" lon="8.060723">
        <ele>74.347338</ele>
        <time>2026-06-28T02:30:50.423Z</time>
      </trkpt>
      <trkpt lat="52.383096" lon="8.060522">
        <ele>74.312568</ele>
        <time>2026-06-28T02:30:52.824Z</time>
      </trkpt>
      <trkpt lat="52.382651" lon="8.059858">
        <ele>74.289430</ele>
        <time>2026-06-28T02:31:01.673Z</time>
      </trkpt>
      <trkpt lat="52.381341" lon="8.057825">
        <ele>75.090915</ele>
        <time>2026-06-28T02:31:31.906Z</time>
      </trkpt>
      <trkpt lat="52.380527" lon="8.056794">
        <ele>75.914663</ele>
        <time>2026-06-28T02:31:50.281Z</time>
      </trkpt>
      <trkpt lat="52.378744" lon="8.054567">
        <ele>78.045977</ele>
        <time>2026-06-28T02:32:32.270Z</time>
      </trkpt>
      <trkpt lat="52.378266" lon="8.054234">
        <ele>78.584539</ele>
        <time>2026-06-28T02:32:42.322Z</time>
      </trkpt>
      <trkpt lat="52.378100" lon="8.054154">
        <ele>78.766394</ele>
        <time>2026-06-28T02:32:45.686Z</time>
      </trkpt>
      <trkpt lat="52.376295" lon="8.053593">
        <ele>80.514858</ele>
        <time>2026-06-28T02:33:20.770Z</time>
      </trkpt>
      <trkpt lat="52.375536" lon="8.053263">
        <ele>81.087201</ele>
        <time>2026-06-28T02:33:34.480Z</time>
      </trkpt>
      <trkpt lat="52.373976" lon="8.052564">
        <ele>82.285629</ele>
        <time>2026-06-28T02:34:01.415Z</time>
      </trkpt>
      <trkpt lat="52.373527" lon="8.052362">
        <ele>82.632823</ele>
        <time>2026-06-28T02:34:09.689Z</time>
      </trkpt>
      <trkpt lat="52.372486" lon="8.051851">
        <ele>84.653013</ele>
        <time>2026-06-28T02:34:33.280Z</time>
      </trkpt>
      <trkpt lat="52.372213" lon="8.051654">
        <ele>85.266125</ele>
        <time>2026-06-28T02:34:40.349Z</time>
      </trkpt>
      <trkpt lat="52.371903" lon="8.051307">
        <ele>86.037810</ele>
        <time>2026-06-28T02:34:49.975Z</time>
      </trkpt>
      <trkpt lat="52.371716" lon="8.051034">
        <ele>86.550071</ele>
        <time>2026-06-28T02:34:56.513Z</time>
      </trkpt>
      <trkpt lat="52.371535" lon="8.050674">
        <ele>87.120475</ele>
        <time>2026-06-28T02:35:03.967Z</time>
      </trkpt>
      <trkpt lat="52.371312" lon="8.050100">
        <ele>87.952626</ele>
        <time>2026-06-28T02:35:13.992Z</time>
      </trkpt>
      <trkpt lat="52.369861" lon="8.045955">
        <ele>92.910009</ele>
        <time>2026-06-28T02:36:15.736Z</time>
      </trkpt>
      <trkpt lat="52.369415" lon="8.044634">
        <ele>94.418369</ele>
        <time>2026-06-28T02:36:33.553Z</time>
      </trkpt>
      <trkpt lat="52.369003" lon="8.043504">
        <ele>95.733517</ele>
        <time>2026-06-28T02:36:52.087Z</time>
      </trkpt>
      <trkpt lat="52.368533" lon="8.042348">
        <ele>98.072154</ele>
        <time>2026-06-28T02:37:12.588Z</time>
      </trkpt>
      <trkpt lat="52.368257" lon="8.041817">
        <ele>99.248589</ele>
        <time>2026-06-28T02:37:24.241Z</time>
      </trkpt>
      <trkpt lat="52.368069" lon="8.041455">
        <ele>100.050322</ele>
        <time>2026-06-28T02:37:32.312Z</time>
      </trkpt>
      <trkpt lat="52.367592" lon="8.040692">
        <ele>101.899936</ele>
        <time>2026-06-28T02:37:50.903Z</time>
      </trkpt>
      <trkpt lat="52.366847" lon="8.039664">
        <ele>104.608325</ele>
        <time>2026-06-28T02:38:18.483Z</time>
      </trkpt>
      <trkpt lat="52.366834" lon="8.039649">
        <ele>104.652537</ele>
        <time>2026-06-28T02:38:18.870Z</time>
      </trkpt>
      <trkpt lat="52.364884" lon="8.037336">
        <ele>107.970892</ele>
        <time>2026-06-28T02:39:06.122Z</time>
      </trkpt>
      <trkpt lat="52.364937" lon="8.037261">
        <ele>107.986126</ele>
        <time>2026-06-28T02:39:07.706Z</time>
      </trkpt>
      <trkpt lat="52.365051" lon="8.037106">
        <ele>108.018349</ele>
        <time>2026-06-28T02:39:10.939Z</time>
      </trkpt>
      <trkpt lat="52.365144" lon="8.037042">
        <ele>108.040288</ele>
        <time>2026-06-28T02:39:13.082Z</time>
      </trkpt>
      <trkpt lat="52.365201" lon="8.037044">
        <ele>108.052687</ele>
        <time>2026-06-28T02:39:14.319Z</time>
      </trkpt>
      <trkpt lat="52.365258" lon="8.037085">
        <ele>108.066226</ele>
        <time>2026-06-28T02:39:15.613Z</time>
      </trkpt>
      <trkpt lat="52.365487" lon="8.037460">
        <ele>108.136655</ele>
        <time>2026-06-28T02:39:22.451Z</time>
      </trkpt>
      <trkpt lat="52.365642" lon="8.037562">
        <ele>108.172984</ele>
        <time>2026-06-28T02:39:25.943Z</time>
      </trkpt>
      <trkpt lat="52.365828" lon="8.037612">
        <ele>108.213976</ele>
        <time>2026-06-28T02:39:29.852Z</time>
      </trkpt>
      <trkpt lat="52.366026" lon="8.037450">
        <ele>108.262112</ele>
        <time>2026-06-28T02:39:34.160Z</time>
      </trkpt>
      <trkpt lat="52.366611" lon="8.036424">
        <ele>108.175418</ele>
        <time>2026-06-28T02:39:49.667Z</time>
      </trkpt>
      <trkpt lat="52.366594" lon="8.036357">
        <ele>108.165735</ele>
        <time>2026-06-28T02:39:54.558Z</time>
      </trkpt>
      <trkpt lat="52.366601" lon="8.036212">
        <ele>108.146324</ele>
        <time>2026-06-28T02:40:04.260Z</time>
      </trkpt>
      <trkpt lat="52.366601" lon="8.036212">
        <ele>108.146324</ele>
        <time>2026-06-28T02:40:04.262Z</time>
      </trkpt>
      <trkpt lat="52.366632" lon="8.034992">
        <ele>107.983374</ele>
        <time>2026-06-28T02:40:18.080Z</time>
      </trkpt>
      <trkpt lat="52.366608" lon="8.036048">
        <ele>108.005665</ele>
        <time>2026-06-28T02:40:30.038Z</time>
      </trkpt>
      <trkpt lat="52.366601" lon="8.036212">
        <ele>108.030345</ele>
        <time>2026-06-28T02:40:41.260Z</time>
      </trkpt>
      <trkpt lat="52.366594" lon="8.036357">
        <ele>108.052181</ele>
        <time>2026-06-28T02:40:51.223Z</time>
      </trkpt>
      <trkpt lat="52.366611" lon="8.036424">
        <ele>108.063074</ele>
        <time>2026-06-28T02:40:56.230Z</time>
      </trkpt>
      <trkpt lat="52.366026" lon="8.037450">
        <ele>108.273816</ele>
        <time>2026-06-28T02:41:15.924Z</time>
      </trkpt>
      <trkpt lat="52.365828" lon="8.037612">
        <ele>108.328235</ele>
        <time>2026-06-28T02:41:20.617Z</time>
      </trkpt>
      <trkpt lat="52.365642" lon="8.037562">
        <ele>108.289217</ele>
        <time>2026-06-28T02:41:24.272Z</time>
      </trkpt>
      <trkpt lat="52.365487" lon="8.037460">
        <ele>108.063681</ele>
        <time>2026-06-28T02:41:27.408Z</time>
      </trkpt>
      <trkpt lat="52.365258" lon="8.037085">
        <ele>107.626443</ele>
        <time>2026-06-28T02:41:33.295Z</time>
      </trkpt>
      <trkpt lat="52.365201" lon="8.037044">
        <ele>107.542389</ele>
        <time>2026-06-28T02:41:34.415Z</time>
      </trkpt>
      <trkpt lat="52.365144" lon="8.037042">
        <ele>107.465413</ele>
        <time>2026-06-28T02:41:35.398Z</time>
      </trkpt>
      <trkpt lat="52.365051" lon="8.037106">
        <ele>107.329213</ele>
        <time>2026-06-28T02:41:37.163Z</time>
      </trkpt>
      <trkpt lat="52.364937" lon="8.037261">
        <ele>107.129162</ele>
        <time>2026-06-28T02:41:39.697Z</time>
      </trkpt>
      <trkpt lat="52.364884" lon="8.037336">
        <ele>107.034590</ele>
        <time>2026-06-28T02:41:40.853Z</time>
      </trkpt>
      <trkpt lat="52.364121" lon="8.036419">
        <ele>105.551052</ele>
        <time>2026-06-28T02:41:51.108Z</time>
      </trkpt>
      <trkpt lat="52.363362" lon="8.035507">
        <ele>102.796117</ele>
        <time>2026-06-28T02:42:00.764Z</time>
      </trkpt>
      <trkpt lat="52.363273" lon="8.035403">
        <ele>102.476155</ele>
        <time>2026-06-28T02:42:01.860Z</time>
      </trkpt>
      <trkpt lat="52.362306" lon="8.034239">
        <ele>99.853417</ele>
        <time>2026-06-28T02:42:14.021Z</time>
      </trkpt>
      <trkpt lat="52.361186" lon="8.032928">
        <ele>98.217570</ele>
        <time>2026-06-28T02:42:31.620Z</time>
      </trkpt>
      <trkpt lat="52.361051" lon="8.032838">
        <ele>98.278006</ele>
        <time>2026-06-28T02:42:34.358Z</time>
      </trkpt>
      <trkpt lat="52.360817" lon="8.032691">
        <ele>98.381924</ele>
        <time>2026-06-28T02:42:39.154Z</time>
      </trkpt>
      <trkpt lat="52.360432" lon="8.032456">
        <ele>98.552287</ele>
        <time>2026-06-28T02:42:47.134Z</time>
      </trkpt>
      <trkpt lat="52.356771" lon="8.030213">
        <ele>99.812296</ele>
        <time>2026-06-28T02:43:50.548Z</time>
      </trkpt>
      <trkpt lat="52.355701" lon="8.029561">
        <ele>99.599770</ele>
        <time>2026-06-28T02:44:07.010Z</time>
      </trkpt>
      <trkpt lat="52.353263" lon="8.028140">
        <ele>97.964537</ele>
        <time>2026-06-28T02:44:39.785Z</time>
      </trkpt>
      <trkpt lat="52.353313" lon="8.028056">
        <ele>97.912445</ele>
        <time>2026-06-28T02:44:40.665Z</time>
      </trkpt>
      <trkpt lat="52.352995" lon="8.027783">
        <ele>97.686808</ele>
        <time>2026-06-28T02:44:45.202Z</time>
      </trkpt>
      <trkpt lat="52.352544" lon="8.027102">
        <ele>97.734622</ele>
        <time>2026-06-28T02:44:53.416Z</time>
      </trkpt>
      <trkpt lat="52.352480" lon="8.027218">
        <ele>97.742063</ele>
        <time>2026-06-28T02:44:54.748Z</time>
      </trkpt>
      <trkpt lat="52.351035" lon="8.024961">
        <ele>97.729731</ele>
        <time>2026-06-28T02:45:28.428Z</time>
      </trkpt>
      <trkpt lat="52.350773" lon="8.024548">
        <ele>97.693871</ele>
        <time>2026-06-28T02:45:33.955Z</time>
      </trkpt>
      <trkpt lat="52.350628" lon="8.024330">
        <ele>97.674460</ele>
        <time>2026-06-28T02:45:36.575Z</time>
      </trkpt>
      <trkpt lat="52.350227" lon="8.023734">
        <ele>97.018020</ele>
        <time>2026-06-28T02:45:42.999Z</time>
      </trkpt>
      <trkpt lat="52.350268" lon="8.023673">
        <ele>96.881579</ele>
        <time>2026-06-28T02:45:43.916Z</time>
      </trkpt>
      <trkpt lat="52.349928" lon="8.023207">
        <ele>95.789539</ele>
        <time>2026-06-28T02:45:48.657Z</time>
      </trkpt>
      <trkpt lat="52.349699" lon="8.022999">
        <ele>95.144583</ele>
        <time>2026-06-28T02:45:51.325Z</time>
      </trkpt>
      <trkpt lat="52.349441" lon="8.022827">
        <ele>94.458531</ele>
        <time>2026-06-28T02:45:54.138Z</time>
      </trkpt>
      <trkpt lat="52.349133" lon="8.022674">
        <ele>93.665854</ele>
        <time>2026-06-28T02:45:57.391Z</time>
      </trkpt>
      <trkpt lat="52.348749" lon="8.022587">
        <ele>92.978594</ele>
        <time>2026-06-28T02:46:01.340Z</time>
      </trkpt>
      <trkpt lat="52.348459" lon="8.022582">
        <ele>92.642267</ele>
        <time>2026-06-28T02:46:04.344Z</time>
      </trkpt>
      <trkpt lat="52.348391" lon="8.022582">
        <ele>92.563408</ele>
        <time>2026-06-28T02:46:05.064Z</time>
      </trkpt>
      <trkpt lat="52.347753" lon="8.022591">
        <ele>91.823502</ele>
        <time>2026-06-28T02:46:12.510Z</time>
      </trkpt>
      <trkpt lat="52.347641" lon="8.022550">
        <ele>91.690410</ele>
        <time>2026-06-28T02:46:14.135Z</time>
      </trkpt>
      <trkpt lat="52.347570" lon="8.022441">
        <ele>91.577530</ele>
        <time>2026-06-28T02:46:15.606Z</time>
      </trkpt>
      <trkpt lat="52.347559" lon="8.022383">
        <ele>91.534507</ele>
        <time>2026-06-28T02:46:16.231Z</time>
      </trkpt>
      <trkpt lat="52.347546" lon="8.022060">
        <ele>91.305192</ele>
        <time>2026-06-28T02:46:19.783Z</time>
      </trkpt>
      <trkpt lat="52.347335" lon="8.020319">
        <ele>92.299920</ele>
        <time>2026-06-28T02:46:41.440Z</time>
      </trkpt>
      <trkpt lat="52.347306" lon="8.020117">
        <ele>92.458621</ele>
        <time>2026-06-28T02:46:44.303Z</time>
      </trkpt>
      <trkpt lat="52.347170" lon="8.019111">
        <ele>93.246639</ele>
        <time>2026-06-28T02:46:57.465Z</time>
      </trkpt>
      <trkpt lat="52.347077" lon="8.018798">
        <ele>93.525164</ele>
        <time>2026-06-28T02:47:01.523Z</time>
      </trkpt>
      <trkpt lat="52.347039" lon="8.018524">
        <ele>93.760397</ele>
        <time>2026-06-28T02:47:04.692Z</time>
      </trkpt>
      <trkpt lat="52.347021" lon="8.018401">
        <ele>93.866287</ele>
        <time>2026-06-28T02:47:06.061Z</time>
      </trkpt>
      <trkpt lat="52.347054" lon="8.018291">
        <ele>93.968886</ele>
        <time>2026-06-28T02:47:07.499Z</time>
      </trkpt>
      <trkpt lat="52.347032" lon="8.018188">
        <ele>94.060238</ele>
        <time>2026-06-28T02:47:08.715Z</time>
      </trkpt>
      <trkpt lat="52.346981" lon="8.018137">
        <ele>94.142144</ele>
        <time>2026-06-28T02:47:09.871Z</time>
      </trkpt>
      <trkpt lat="52.346949" lon="8.018011">
        <ele>94.256386</ele>
        <time>2026-06-28T02:47:11.481Z</time>
      </trkpt>
      <trkpt lat="52.346905" lon="8.017874">
        <ele>94.385970</ele>
        <time>2026-06-28T02:47:13.395Z</time>
      </trkpt>
      <trkpt lat="52.346826" lon="8.017630">
        <ele>94.617168</ele>
        <time>2026-06-28T02:47:16.861Z</time>
      </trkpt>
      <trkpt lat="52.346699" lon="8.017413">
        <ele>94.868765</ele>
        <time>2026-06-28T02:47:20.753Z</time>
      </trkpt>
      <trkpt lat="52.346297" lon="8.017131">
        <ele>95.468164</ele>
        <time>2026-06-28T02:47:30.046Z</time>
      </trkpt>
      <trkpt lat="52.346080" lon="8.017052">
        <ele>95.772829</ele>
        <time>2026-06-28T02:47:34.655Z</time>
      </trkpt>
      <trkpt lat="52.345477" lon="8.016842">
        <ele>96.158617</ele>
        <time>2026-06-28T02:47:47.387Z</time>
      </trkpt>
      <trkpt lat="52.344527" lon="8.016539">
        <ele>96.694199</ele>
        <time>2026-06-28T02:48:04.111Z</time>
      </trkpt>
      <trkpt lat="52.342422" lon="8.015836">
        <ele>95.000196</ele>
        <time>2026-06-28T02:48:30.414Z</time>
      </trkpt>
      <trkpt lat="52.342194" lon="8.015852">
        <ele>94.685716</ele>
        <time>2026-06-28T02:48:33.047Z</time>
      </trkpt>
      <trkpt lat="52.340719" lon="8.015918">
        <ele>92.652364</ele>
        <time>2026-06-28T02:48:49.993Z</time>
      </trkpt>
      <trkpt lat="52.340186" lon="8.015969">
        <ele>92.076753</ele>
        <time>2026-06-28T02:48:56.295Z</time>
      </trkpt>
      <trkpt lat="52.339795" lon="8.016089">
        <ele>91.651097</ele>
        <time>2026-06-28T02:49:01.155Z</time>
      </trkpt>
      <trkpt lat="52.339092" lon="8.016357">
        <ele>90.878762</ele>
        <time>2026-06-28T02:49:10.182Z</time>
      </trkpt>
      <trkpt lat="52.338520" lon="8.016570">
        <ele>90.339805</ele>
        <time>2026-06-28T02:49:17.380Z</time>
      </trkpt>
      <trkpt lat="52.337092" lon="8.017182">
        <ele>89.196231</ele>
        <time>2026-06-28T02:49:35.403Z</time>
      </trkpt>
      <trkpt lat="52.335941" lon="8.017806">
        <ele>89.646778</ele>
        <time>2026-06-28T02:49:55.209Z</time>
      </trkpt>
      <trkpt lat="52.335800" lon="8.017843">
        <ele>89.699841</ele>
        <time>2026-06-28T02:49:57.923Z</time>
      </trkpt>
      <trkpt lat="52.335041" lon="8.017855">
        <ele>90.419164</ele>
        <time>2026-06-28T02:50:12.495Z</time>
      </trkpt>
      <trkpt lat="52.333923" lon="8.017895">
        <ele>91.997165</ele>
        <time>2026-06-28T02:50:35.147Z</time>
      </trkpt>
      <trkpt lat="52.333635" lon="8.017957">
        <ele>92.426201</ele>
        <time>2026-06-28T02:50:41.622Z</time>
      </trkpt>
      <trkpt lat="52.333606" lon="8.017972">
        <ele>92.488040</ele>
        <time>2026-06-28T02:50:42.315Z</time>
      </trkpt>
      <trkpt lat="52.332892" lon="8.018515">
        <ele>94.088892</ele>
        <time>2026-06-28T02:51:00.641Z</time>
      </trkpt>
      <trkpt lat="52.332736" lon="8.018617">
        <ele>94.430461</ele>
        <time>2026-06-28T02:51:04.544Z</time>
      </trkpt>
      <trkpt lat="52.332389" lon="8.018648">
        <ele>95.137053</ele>
        <time>2026-06-28T02:51:12.584Z</time>
      </trkpt>
      <trkpt lat="52.331698" lon="8.018638">
        <ele>96.513651</ele>
        <time>2026-06-28T02:51:28.843Z</time>
      </trkpt>
      <trkpt lat="52.330595" lon="8.018654">
        <ele>98.634077</ele>
        <time>2026-06-28T02:51:53.702Z</time>
      </trkpt>
      <trkpt lat="52.329366" lon="8.018652">
        <ele>100.630195</ele>
        <time>2026-06-28T02:52:20.641Z</time>
      </trkpt>
      <trkpt lat="52.329300" lon="8.018652">
        <ele>100.726447</ele>
        <time>2026-06-28T02:52:21.964Z</time>
      </trkpt>
      <trkpt lat="52.328664" lon="8.018650">
        <ele>101.653973</ele>
        <time>2026-06-28T02:52:34.257Z</time>
      </trkpt>
      <trkpt lat="52.328110" lon="8.018654">
        <ele>102.576480</ele>
        <time>2026-06-28T02:52:45.174Z</time>
      </trkpt>
      <trkpt lat="52.327764" lon="8.018767">
        <ele>103.254568</ele>
        <time>2026-06-28T02:52:52.193Z</time>
      </trkpt>
      <trkpt lat="52.327489" lon="8.018965">
        <ele>103.831991</ele>
        <time>2026-06-28T02:52:58.429Z</time>
      </trkpt>
      <trkpt lat="52.327222" lon="8.019300">
        <ele>104.478629</ele>
        <time>2026-06-28T02:53:05.960Z</time>
      </trkpt>
      <trkpt lat="52.327137" lon="8.019444">
        <ele>104.713775</ele>
        <time>2026-06-28T02:53:08.934Z</time>
      </trkpt>
      <trkpt lat="52.327057" lon="8.019269">
        <ele>104.970465</ele>
        <time>2026-06-28T02:53:12.324Z</time>
      </trkpt>
      <trkpt lat="52.326844" lon="8.018206">
        <ele>106.362033</ele>
        <time>2026-06-28T02:53:31.084Z</time>
      </trkpt>
      <trkpt lat="52.326592" lon="8.016974">
        <ele>108.051086</ele>
        <time>2026-06-28T02:53:50.928Z</time>
      </trkpt>
      <trkpt lat="52.326298" lon="8.015786">
        <ele>109.479878</ele>
        <time>2026-06-28T02:54:06.676Z</time>
      </trkpt>
      <trkpt lat="52.326213" lon="8.015617">
        <ele>109.561415</ele>
        <time>2026-06-28T02:54:09.003Z</time>
      </trkpt>
      <trkpt lat="52.325806" lon="8.015162">
        <ele>109.861881</ele>
        <time>2026-06-28T02:54:16.781Z</time>
      </trkpt>
      <trkpt lat="52.324913" lon="8.014602">
        <ele>110.444822</ele>
        <time>2026-06-28T02:54:33.328Z</time>
      </trkpt>
      <trkpt lat="52.324680" lon="8.014418">
        <ele>110.369016</ele>
        <time>2026-06-28T02:54:37.818Z</time>
      </trkpt>
      <trkpt lat="52.324485" lon="8.014210">
        <ele>110.238631</ele>
        <time>2026-06-28T02:54:41.352Z</time>
      </trkpt>
      <trkpt lat="52.324245" lon="8.013896">
        <ele>110.066506</ele>
        <time>2026-06-28T02:54:45.275Z</time>
      </trkpt>
      <trkpt lat="52.323954" lon="8.013260">
        <ele>109.794523</ele>
        <time>2026-06-28T02:54:51.135Z</time>
      </trkpt>
      <trkpt lat="52.323563" lon="8.012287">
        <ele>109.328017</ele>
        <time>2026-06-28T02:54:59.868Z</time>
      </trkpt>
      <trkpt lat="52.323398" lon="8.011711">
        <ele>108.919568</ele>
        <time>2026-06-28T02:55:04.767Z</time>
      </trkpt>
      <trkpt lat="52.323072" lon="8.010716">
        <ele>108.194681</ele>
        <time>2026-06-28T02:55:13.586Z</time>
      </trkpt>
      <trkpt lat="52.322993" lon="8.010395">
        <ele>107.972487</ele>
        <time>2026-06-28T02:55:16.383Z</time>
      </trkpt>
      <trkpt lat="52.322625" lon="8.008352">
        <ele>106.177820</ele>
        <time>2026-06-28T02:55:30.787Z</time>
      </trkpt>
      <trkpt lat="52.322424" lon="8.007297">
        <ele>105.158694</ele>
        <time>2026-06-28T02:55:38.457Z</time>
      </trkpt>
      <trkpt lat="52.322326" lon="8.006836">
        <ele>104.868283</ele>
        <time>2026-06-28T02:55:42.169Z</time>
      </trkpt>
      <trkpt lat="52.322274" lon="8.006723">
        <ele>104.866931</ele>
        <time>2026-06-28T02:55:43.286Z</time>
      </trkpt>
      <trkpt lat="52.321374" lon="8.005178">
        <ele>104.846537</ele>
        <time>2026-06-28T02:56:02.532Z</time>
      </trkpt>
      <trkpt lat="52.320298" lon="8.003416">
        <ele>105.779146</ele>
        <time>2026-06-28T02:56:30.584Z</time>
      </trkpt>
      <trkpt lat="52.319989" lon="8.003318">
        <ele>106.020630</ele>
        <time>2026-06-28T02:56:36.714Z</time>
      </trkpt>
      <trkpt lat="52.319251" lon="8.003168">
        <ele>105.911373</ele>
        <time>2026-06-28T02:56:49.501Z</time>
      </trkpt>
      <trkpt lat="52.318389" lon="8.003266">
        <ele>105.354306</ele>
        <time>2026-06-28T02:57:01.007Z</time>
      </trkpt>
      <trkpt lat="52.317773" lon="8.003189">
        <ele>104.564058</ele>
        <time>2026-06-28T02:57:07.610Z</time>
      </trkpt>
      <trkpt lat="52.317247" lon="8.003062">
        <ele>102.956061</ele>
        <time>2026-06-28T02:57:13.322Z</time>
      </trkpt>
      <trkpt lat="52.317139" lon="8.002988">
        <ele>102.601947</ele>
        <time>2026-06-28T02:57:14.550Z</time>
      </trkpt>
      <trkpt lat="52.317113" lon="8.002949">
        <ele>102.495264</ele>
        <time>2026-06-28T02:57:14.902Z</time>
      </trkpt>
      <trkpt lat="52.316770" lon="8.003479">
        <ele>101.068350</ele>
        <time>2026-06-28T02:57:19.591Z</time>
      </trkpt>
      <trkpt lat="52.316696" lon="8.003622">
        <ele>100.721976</ele>
        <time>2026-06-28T02:57:20.715Z</time>
      </trkpt>
      <trkpt lat="52.316629" lon="8.003476">
        <ele>100.384470</ele>
        <time>2026-06-28T02:57:21.806Z</time>
      </trkpt>
      <trkpt lat="52.316600" lon="8.003294">
        <ele>100.036759</ele>
        <time>2026-06-28T02:57:22.941Z</time>
      </trkpt>
      <trkpt lat="52.316554" lon="8.002704">
        <ele>98.739582</ele>
        <time>2026-06-28T02:57:26.565Z</time>
      </trkpt>
      <trkpt lat="52.316516" lon="8.002127">
        <ele>97.357419</ele>
        <time>2026-06-28T02:57:30.076Z</time>
      </trkpt>
      <trkpt lat="52.316509" lon="8.002024">
        <ele>97.110598</ele>
        <time>2026-06-28T02:57:30.693Z</time>
      </trkpt>
      <trkpt lat="52.316414" lon="8.000547">
        <ele>93.573480</ele>
        <time>2026-06-28T02:57:39.527Z</time>
      </trkpt>
      <trkpt lat="52.316101" lon="7.995695">
        <ele>81.916097</ele>
        <time>2026-06-28T02:58:08.883Z</time>
      </trkpt>
      <trkpt lat="52.316015" lon="7.995268">
        <ele>80.791640</ele>
        <time>2026-06-28T02:58:11.534Z</time>
      </trkpt>
      <trkpt lat="52.315566" lon="7.994024">
        <ele>76.978823</ele>
        <time>2026-06-28T02:58:20.039Z</time>
      </trkpt>
      <trkpt lat="52.315570" lon="7.993899">
        <ele>76.614372</ele>
        <time>2026-06-28T02:58:20.782Z</time>
      </trkpt>
      <trkpt lat="52.315579" lon="7.993761">
        <ele>76.210289</ele>
        <time>2026-06-28T02:58:21.578Z</time>
      </trkpt>
      <trkpt lat="52.315353" lon="7.993674">
        <ele>75.104471</ele>
        <time>2026-06-28T02:58:23.787Z</time>
      </trkpt>
      <trkpt lat="52.314905" lon="7.993575">
        <ele>72.951311</ele>
        <time>2026-06-28T02:58:28.055Z</time>
      </trkpt>
      <trkpt lat="52.313674" lon="7.994081">
        <ele>68.180681</ele>
        <time>2026-06-28T02:58:40.059Z</time>
      </trkpt>
      <trkpt lat="52.313517" lon="7.994102">
        <ele>67.757777</ele>
        <time>2026-06-28T02:58:41.612Z</time>
      </trkpt>
      <trkpt lat="52.313425" lon="7.994053">
        <ele>67.498022</ele>
        <time>2026-06-28T02:58:42.582Z</time>
      </trkpt>
      <trkpt lat="52.313337" lon="7.994481">
        <ele>66.756894</ele>
        <time>2026-06-28T02:58:45.475Z</time>
      </trkpt>
      <trkpt lat="52.313057" lon="7.995742">
        <ele>64.803206</ele>
        <time>2026-06-28T02:58:56.125Z</time>
      </trkpt>
      <trkpt lat="52.312955" lon="7.996140">
        <ele>64.491182</ele>
        <time>2026-06-28T02:59:00.663Z</time>
      </trkpt>
      <trkpt lat="52.312880" lon="7.996337">
        <ele>64.323386</ele>
        <time>2026-06-28T02:59:03.168Z</time>
      </trkpt>
      <trkpt lat="52.312686" lon="7.996745">
        <ele>63.949670</ele>
        <time>2026-06-28T02:59:08.483Z</time>
      </trkpt>
      <trkpt lat="52.312609" lon="7.996883">
        <ele>63.814583</ele>
        <time>2026-06-28T02:59:10.242Z</time>
      </trkpt>
      <trkpt lat="52.312255" lon="7.997471">
        <ele>63.217905</ele>
        <time>2026-06-28T02:59:15.691Z</time>
      </trkpt>
      <trkpt lat="52.311832" lon="7.998057">
        <ele>62.198412</ele>
        <time>2026-06-28T02:59:21.264Z</time>
      </trkpt>
      <trkpt lat="52.311652" lon="7.998133">
        <ele>61.719754</ele>
        <time>2026-06-28T02:59:23.125Z</time>
      </trkpt>
      <trkpt lat="52.311567" lon="7.998128">
        <ele>61.500754</ele>
        <time>2026-06-28T02:59:23.970Z</time>
      </trkpt>
      <trkpt lat="52.311482" lon="7.998079">
        <ele>61.268700</ele>
        <time>2026-06-28T02:59:24.881Z</time>
      </trkpt>
      <trkpt lat="52.311458" lon="7.998132">
        <ele>61.164877</ele>
        <time>2026-06-28T02:59:25.732Z</time>
      </trkpt>
      <trkpt lat="52.311420" lon="7.998117">
        <ele>61.064225</ele>
        <time>2026-06-28T02:59:26.286Z</time>
      </trkpt>
      <trkpt lat="52.310744" lon="7.997822">
        <ele>59.262770</ele>
        <time>2026-06-28T02:59:36.487Z</time>
      </trkpt>
      <trkpt lat="52.310574" lon="7.997796">
        <ele>58.823143</ele>
        <time>2026-06-28T02:59:39.084Z</time>
      </trkpt>
      <trkpt lat="52.309902" lon="7.997985">
        <ele>58.242784</ele>
        <time>2026-06-28T02:59:52.387Z</time>
      </trkpt>
      <trkpt lat="52.309785" lon="7.998100">
        <ele>58.243526</ele>
        <time>2026-06-28T02:59:55.142Z</time>
      </trkpt>
      <trkpt lat="52.309507" lon="7.998180">
        <ele>58.245061</ele>
        <time>2026-06-28T03:00:00.817Z</time>
      </trkpt>
      <trkpt lat="52.309373" lon="7.998097">
        <ele>58.245840</ele>
        <time>2026-06-28T03:00:03.888Z</time>
      </trkpt>
      <trkpt lat="52.309193" lon="7.997967">
        <ele>58.246909</ele>
        <time>2026-06-28T03:00:08.081Z</time>
      </trkpt>
      <trkpt lat="52.309214" lon="7.997874">
        <ele>58.247239</ele>
        <time>2026-06-28T03:00:09.041Z</time>
      </trkpt>
      <trkpt lat="52.309018" lon="7.997714">
        <ele>58.248430</ele>
        <time>2026-06-28T03:00:12.601Z</time>
      </trkpt>
      <trkpt lat="52.308880" lon="7.997613">
        <ele>58.249252</ele>
        <time>2026-06-28T03:00:15.111Z</time>
      </trkpt>
      <trkpt lat="52.308587" lon="7.997459">
        <ele>58.403841</ele>
        <time>2026-06-28T03:00:20.398Z</time>
      </trkpt>
      <trkpt lat="52.308542" lon="7.997436">
        <ele>58.450821</ele>
        <time>2026-06-28T03:00:21.235Z</time>
      </trkpt>
      <trkpt lat="52.308472" lon="7.997394">
        <ele>58.525120</ele>
        <time>2026-06-28T03:00:22.585Z</time>
      </trkpt>
      <trkpt lat="52.308396" lon="7.997311">
        <ele>58.616184</ele>
        <time>2026-06-28T03:00:24.284Z</time>
      </trkpt>
      <trkpt lat="52.308214" lon="7.997004">
        <ele>58.876716</ele>
        <time>2026-06-28T03:00:29.342Z</time>
      </trkpt>
      <trkpt lat="52.307731" lon="7.996112">
        <ele>59.602668</ele>
        <time>2026-06-28T03:00:44.100Z</time>
      </trkpt>
      <trkpt lat="52.307548" lon="7.995776">
        <ele>59.876825</ele>
        <time>2026-06-28T03:00:49.228Z</time>
      </trkpt>
      <trkpt lat="52.307425" lon="7.995559">
        <ele>60.046556</ele>
        <time>2026-06-28T03:00:52.577Z</time>
      </trkpt>
      <trkpt lat="52.307350" lon="7.995375">
        <ele>60.084599</ele>
        <time>2026-06-28T03:00:55.055Z</time>
      </trkpt>
      <trkpt lat="52.307313" lon="7.995186">
        <ele>60.118739</ele>
        <time>2026-06-28T03:00:57.217Z</time>
      </trkpt>
      <trkpt lat="52.307263" lon="7.994643">
        <ele>60.213207</ele>
        <time>2026-06-28T03:01:03.042Z</time>
      </trkpt>
      <trkpt lat="52.307260" lon="7.994618">
        <ele>60.217590</ele>
        <time>2026-06-28T03:01:03.296Z</time>
      </trkpt>
      <trkpt lat="52.307238" lon="7.994363">
        <ele>60.261893</ele>
        <time>2026-06-28T03:01:05.918Z</time>
      </trkpt>
      <trkpt lat="52.307234" lon="7.994322">
        <ele>60.269035</ele>
        <time>2026-06-28T03:01:06.294Z</time>
      </trkpt>
      <trkpt lat="52.307144" lon="7.993239">
        <ele>60.457060</ele>
        <time>2026-06-28T03:01:15.959Z</time>
      </trkpt>
      <trkpt lat="52.307163" lon="7.993086">
        <ele>60.483919</ele>
        <time>2026-06-28T03:01:17.297Z</time>
      </trkpt>
      <trkpt lat="52.307285" lon="7.992669">
        <ele>60.553083</ele>
        <time>2026-06-28T03:01:21.262Z</time>
      </trkpt>
      <trkpt lat="52.307343" lon="7.992470">
        <ele>60.564756</ele>
        <time>2026-06-28T03:01:23.199Z</time>
      </trkpt>
      <trkpt lat="52.307471" lon="7.992032">
        <ele>60.590462</ele>
        <time>2026-06-28T03:01:27.648Z</time>
      </trkpt>
      <trkpt lat="52.307492" lon="7.991889">
        <ele>60.598249</ele>
        <time>2026-06-28T03:01:29.088Z</time>
      </trkpt>
      <trkpt lat="52.307490" lon="7.991728">
        <ele>60.606775</ele>
        <time>2026-06-28T03:01:30.617Z</time>
      </trkpt>
      <trkpt lat="52.307446" lon="7.991524">
        <ele>60.618230</ele>
        <time>2026-06-28T03:01:32.637Z</time>
      </trkpt>
      <trkpt lat="52.307414" lon="7.991429">
        <ele>60.623973</ele>
        <time>2026-06-28T03:01:33.690Z</time>
      </trkpt>
      <trkpt lat="52.307043" lon="7.991246">
        <ele>60.657531</ele>
        <time>2026-06-28T03:01:39.614Z</time>
      </trkpt>
      <trkpt lat="52.306948" lon="7.991199">
        <ele>60.666126</ele>
        <time>2026-06-28T03:01:41.222Z</time>
      </trkpt>
      <trkpt lat="52.306787" lon="7.991127">
        <ele>60.680581</ele>
        <time>2026-06-28T03:01:43.856Z</time>
      </trkpt>
      <trkpt lat="52.306690" lon="7.991087">
        <ele>60.689244</ele>
        <time>2026-06-28T03:01:45.454Z</time>
      </trkpt>
      <trkpt lat="52.306756" lon="7.990873">
        <ele>60.701936</ele>
        <time>2026-06-28T03:01:48.509Z</time>
      </trkpt>
      <trkpt lat="52.306808" lon="7.990707">
        <ele>60.703802</ele>
        <time>2026-06-28T03:01:50.827Z</time>
      </trkpt>
      <trkpt lat="52.306846" lon="7.990583">
        <ele>60.703376</ele>
        <time>2026-06-28T03:01:52.576Z</time>
      </trkpt>
      <trkpt lat="52.306942" lon="7.990266">
        <ele>60.702291</ele>
        <time>2026-06-28T03:01:56.973Z</time>
      </trkpt>
      <trkpt lat="52.307004" lon="7.990062">
        <ele>60.701593</ele>
        <time>2026-06-28T03:01:59.830Z</time>
      </trkpt>
      <trkpt lat="52.307047" lon="7.989920">
        <ele>60.701107</ele>
        <time>2026-06-28T03:02:01.829Z</time>
      </trkpt>
      <trkpt lat="52.307116" lon="7.989691">
        <ele>60.700324</ele>
        <time>2026-06-28T03:02:05.016Z</time>
      </trkpt>
      <trkpt lat="52.307213" lon="7.989377">
        <ele>60.699245</ele>
        <time>2026-06-28T03:02:09.294Z</time>
      </trkpt>
      <trkpt lat="52.307354" lon="7.988928">
        <ele>60.697697</ele>
        <time>2026-06-28T03:02:13.742Z</time>
      </trkpt>
      <trkpt lat="52.307618" lon="7.988033">
        <ele>60.705369</ele>
        <time>2026-06-28T03:02:22.595Z</time>
      </trkpt>
      <trkpt lat="52.307879" lon="7.986596">
        <ele>60.787356</ele>
        <time>2026-06-28T03:02:35.931Z</time>
      </trkpt>
      <trkpt lat="52.307955" lon="7.986158">
        <ele>60.812257</ele>
        <time>2026-06-28T03:02:40.078Z</time>
      </trkpt>
      <trkpt lat="52.307994" lon="7.985936">
        <ele>60.824889</ele>
        <time>2026-06-28T03:02:42.207Z</time>
      </trkpt>
      <trkpt lat="52.308504" lon="7.983003">
        <ele>62.002679</ele>
        <time>2026-06-28T03:03:14.180Z</time>
      </trkpt>
      <trkpt lat="52.308573" lon="7.982606">
        <ele>62.193611</ele>
        <time>2026-06-28T03:03:19.281Z</time>
      </trkpt>
      <trkpt lat="52.308580" lon="7.982563">
        <ele>62.214196</ele>
        <time>2026-06-28T03:03:19.826Z</time>
      </trkpt>
      <trkpt lat="52.308651" lon="7.982271">
        <ele>62.501820</ele>
        <time>2026-06-28T03:03:23.786Z</time>
      </trkpt>
      <trkpt lat="52.308665" lon="7.982061">
        <ele>62.697058</ele>
        <time>2026-06-28T03:03:26.440Z</time>
      </trkpt>
      <trkpt lat="52.308842" lon="7.981099">
        <ele>63.625547</ele>
        <time>2026-06-28T03:03:39.515Z</time>
      </trkpt>
      <trkpt lat="52.308915" lon="7.980832">
        <ele>63.895864</ele>
        <time>2026-06-28T03:03:43.447Z</time>
      </trkpt>
      <trkpt lat="52.309135" lon="7.980234">
        <ele>64.540886</ele>
        <time>2026-06-28T03:03:52.750Z</time>
      </trkpt>
      <trkpt lat="52.309324" lon="7.979740">
        <ele>64.972231</ele>
        <time>2026-06-28T03:04:00.365Z</time>
      </trkpt>
      <trkpt lat="52.309489" lon="7.979304">
        <ele>65.092142</ele>
        <time>2026-06-28T03:04:06.658Z</time>
      </trkpt>
      <trkpt lat="52.309582" lon="7.979051">
        <ele>65.161175</ele>
        <time>2026-06-28T03:04:10.045Z</time>
      </trkpt>
      <trkpt lat="52.309925" lon="7.978152">
        <ele>65.408981</ele>
        <time>2026-06-28T03:04:20.908Z</time>
      </trkpt>
      <trkpt lat="52.310448" lon="7.976743">
        <ele>65.080786</ele>
        <time>2026-06-28T03:04:33.840Z</time>
      </trkpt>
      <trkpt lat="52.310685" lon="7.976118">
        <ele>64.533255</ele>
        <time>2026-06-28T03:04:38.988Z</time>
      </trkpt>
      <trkpt lat="52.310723" lon="7.976019">
        <ele>64.446230</ele>
        <time>2026-06-28T03:04:39.809Z</time>
      </trkpt>
      <trkpt lat="52.311053" lon="7.975123">
        <ele>63.667494</ele>
        <time>2026-06-28T03:04:47.182Z</time>
      </trkpt>
      <trkpt lat="52.311338" lon="7.974517">
        <ele>63.106272</ele>
        <time>2026-06-28T03:04:52.614Z</time>
      </trkpt>
      <trkpt lat="52.312396" lon="7.972933">
        <ele>61.401235</ele>
        <time>2026-06-28T03:05:09.689Z</time>
      </trkpt>
      <trkpt lat="52.313022" lon="7.971996">
        <ele>60.905921</ele>
        <time>2026-06-28T03:05:20.464Z</time>
      </trkpt>
      <trkpt lat="52.313601" lon="7.971136">
        <ele>60.504825</ele>
        <time>2026-06-28T03:05:31.173Z</time>
      </trkpt>
      <trkpt lat="52.313877" lon="7.970848">
        <ele>60.366855</ele>
        <time>2026-06-28T03:05:35.923Z</time>
      </trkpt>
      <trkpt lat="52.314509" lon="7.970363">
        <ele>60.305640</ele>
        <time>2026-06-28T03:05:45.999Z</time>
      </trkpt>
      <trkpt lat="52.314895" lon="7.970066">
        <ele>60.268234</ele>
        <time>2026-06-28T03:05:52.010Z</time>
      </trkpt>
      <trkpt lat="52.315067" lon="7.969887">
        <ele>60.250358</ele>
        <time>2026-06-28T03:05:54.884Z</time>
      </trkpt>
      <trkpt lat="52.315112" lon="7.969776">
        <ele>60.243218</ele>
        <time>2026-06-28T03:05:56.039Z</time>
      </trkpt>
      <trkpt lat="52.315154" lon="7.969673">
        <ele>60.236581</ele>
        <time>2026-06-28T03:05:57.118Z</time>
      </trkpt>
      <trkpt lat="52.315194" lon="7.969465">
        <ele>60.224892</ele>
        <time>2026-06-28T03:05:59.026Z</time>
      </trkpt>
      <trkpt lat="52.315199" lon="7.969135">
        <ele>60.348582</ele>
        <time>2026-06-28T03:06:01.969Z</time>
      </trkpt>
      <trkpt lat="52.315155" lon="7.968591">
        <ele>60.832090</ele>
        <time>2026-06-28T03:06:07.311Z</time>
      </trkpt>
      <trkpt lat="52.315092" lon="7.967820">
        <ele>61.517478</ele>
        <time>2026-06-28T03:06:16.010Z</time>
      </trkpt>
      <trkpt lat="52.315057" lon="7.967367">
        <ele>61.919803</ele>
        <time>2026-06-28T03:06:21.885Z</time>
      </trkpt>
      <trkpt lat="52.314912" lon="7.965675">
        <ele>63.902009</ele>
        <time>2026-06-28T03:06:49.168Z</time>
      </trkpt>
      <trkpt lat="52.314891" lon="7.965519">
        <ele>64.151435</ele>
        <time>2026-06-28T03:06:51.897Z</time>
      </trkpt>
      <trkpt lat="52.314779" lon="7.964989">
        <ele>65.027066</ele>
        <time>2026-06-28T03:07:01.157Z</time>
      </trkpt>
      <trkpt lat="52.313909" lon="7.962386">
        <ele>69.536701</ele>
        <time>2026-06-28T03:07:44.174Z</time>
      </trkpt>
      <trkpt lat="52.313628" lon="7.961553">
        <ele>70.941556</ele>
        <time>2026-06-28T03:07:58.312Z</time>
      </trkpt>
      <trkpt lat="52.313605" lon="7.961485">
        <ele>71.056310</ele>
        <time>2026-06-28T03:07:59.472Z</time>
      </trkpt>
      <trkpt lat="52.313552" lon="7.961328">
        <ele>71.321136</ele>
        <time>2026-06-28T03:08:02.316Z</time>
      </trkpt>
      <trkpt lat="52.313199" lon="7.960275">
        <ele>73.043896</ele>
        <time>2026-06-28T03:08:21.730Z</time>
      </trkpt>
      <trkpt lat="52.313073" lon="7.959702">
        <ele>73.909354</ele>
        <time>2026-06-28T03:08:31.556Z</time>
      </trkpt>
      <trkpt lat="52.312995" lon="7.959117">
        <ele>74.760334</ele>
        <time>2026-06-28T03:08:40.960Z</time>
      </trkpt>
      <trkpt lat="52.312970" lon="7.958806">
        <ele>75.206150</ele>
        <time>2026-06-28T03:08:45.454Z</time>
      </trkpt>
      <trkpt lat="52.312973" lon="7.958146">
        <ele>75.854375</ele>
        <time>2026-06-28T03:08:53.841Z</time>
      </trkpt>
      <trkpt lat="52.313046" lon="7.957472">
        <ele>75.523845</ele>
        <time>2026-06-28T03:09:00.896Z</time>
      </trkpt>
      <trkpt lat="52.313244" lon="7.956153">
        <ele>74.868006</ele>
        <time>2026-06-28T03:09:10.910Z</time>
      </trkpt>
      <trkpt lat="52.313266" lon="7.955600">
        <ele>74.600409</ele>
        <time>2026-06-28T03:09:14.567Z</time>
      </trkpt>
      <trkpt lat="52.313204" lon="7.954993">
        <ele>73.827402</ele>
        <time>2026-06-28T03:09:18.542Z</time>
      </trkpt>
      <trkpt lat="52.312874" lon="7.953009">
        <ele>70.518113</ele>
        <time>2026-06-28T03:09:31.639Z</time>
      </trkpt>
      <trkpt lat="52.312369" lon="7.949977">
        <ele>65.331268</ele>
        <time>2026-06-28T03:09:51.536Z</time>
      </trkpt>
      <trkpt lat="52.312280" lon="7.949440">
        <ele>64.528137</ele>
        <time>2026-06-28T03:09:55.192Z</time>
      </trkpt>
      <trkpt lat="52.312239" lon="7.949010">
        <ele>63.983589</ele>
        <time>2026-06-28T03:09:58.086Z</time>
      </trkpt>
      <trkpt lat="52.312237" lon="7.948430">
        <ele>63.257845</ele>
        <time>2026-06-28T03:10:02.048Z</time>
      </trkpt>
      <trkpt lat="52.312340" lon="7.947625">
        <ele>62.228755</ele>
        <time>2026-06-28T03:10:07.823Z</time>
      </trkpt>
      <trkpt lat="52.312342" lon="7.947383">
        <ele>61.925922</ele>
        <time>2026-06-28T03:10:09.474Z</time>
      </trkpt>
      <trkpt lat="52.312260" lon="7.947143">
        <ele>61.581904</ele>
        <time>2026-06-28T03:10:11.329Z</time>
      </trkpt>
      <trkpt lat="52.312424" lon="7.946853">
        <ele>61.077188</ele>
        <time>2026-06-28T03:10:13.916Z</time>
      </trkpt>
      <trkpt lat="52.312508" lon="7.946571">
        <ele>60.652286</ele>
        <time>2026-06-28T03:10:15.935Z</time>
      </trkpt>
      <trkpt lat="52.312560" lon="7.945962">
        <ele>59.819379</ele>
        <time>2026-06-28T03:10:19.818Z</time>
      </trkpt>
      <trkpt lat="52.312594" lon="7.945494">
        <ele>59.181005</ele>
        <time>2026-06-28T03:10:22.789Z</time>
      </trkpt>
      <trkpt lat="52.312643" lon="7.945130">
        <ele>58.676151</ele>
        <time>2026-06-28T03:10:27.704Z</time>
      </trkpt>
      <trkpt lat="52.312772" lon="7.944577">
        <ele>57.874429</ele>
        <time>2026-06-28T03:10:35.620Z</time>
      </trkpt>
      <trkpt lat="52.312990" lon="7.943978">
        <ele>57.296155</ele>
        <time>2026-06-28T03:10:45.688Z</time>
      </trkpt>
      <trkpt lat="52.313206" lon="7.943508">
        <ele>57.476224</ele>
        <time>2026-06-28T03:10:50.939Z</time>
      </trkpt>
      <trkpt lat="52.313471" lon="7.942922">
        <ele>57.699445</ele>
        <time>2026-06-28T03:10:59.431Z</time>
      </trkpt>
      <trkpt lat="52.313657" lon="7.942511">
        <ele>57.856045</ele>
        <time>2026-06-28T03:11:05.808Z</time>
      </trkpt>
      <trkpt lat="52.313800" lon="7.942134">
        <ele>57.991916</ele>
        <time>2026-06-28T03:11:11.518Z</time>
      </trkpt>
      <trkpt lat="52.313850" lon="7.941848">
        <ele>58.083012</ele>
        <time>2026-06-28T03:11:15.337Z</time>
      </trkpt>
      <trkpt lat="52.313855" lon="7.941441">
        <ele>58.140605</ele>
        <time>2026-06-28T03:11:20.219Z</time>
      </trkpt>
      <trkpt lat="52.313814" lon="7.941243">
        <ele>58.149575</ele>
        <time>2026-06-28T03:11:22.479Z</time>
      </trkpt>
      <trkpt lat="52.313466" lon="7.940637">
        <ele>58.185249</ele>
        <time>2026-06-28T03:11:30.475Z</time>
      </trkpt>
      <trkpt lat="52.313435" lon="7.940587">
        <ele>58.188305</ele>
        <time>2026-06-28T03:11:31.049Z</time>
      </trkpt>
      <trkpt lat="52.313346" lon="7.940388">
        <ele>58.198885</ele>
        <time>2026-06-28T03:11:33.116Z</time>
      </trkpt>
      <trkpt lat="52.313313" lon="7.940305">
        <ele>58.203133</ele>
        <time>2026-06-28T03:11:33.938Z</time>
      </trkpt>
      <trkpt lat="52.313291" lon="7.940243">
        <ele>58.206209</ele>
        <time>2026-06-28T03:11:34.536Z</time>
      </trkpt>
      <trkpt lat="52.313226" lon="7.940041">
        <ele>58.216003</ele>
        <time>2026-06-28T03:11:36.352Z</time>
      </trkpt>
      <trkpt lat="52.313187" lon="7.939922">
        <ele>58.221797</ele>
        <time>2026-06-28T03:11:37.397Z</time>
      </trkpt>
      <trkpt lat="52.313165" lon="7.939852">
        <ele>58.225174</ele>
        <time>2026-06-28T03:11:38.030Z</time>
      </trkpt>
      <trkpt lat="52.313060" lon="7.939519">
        <ele>58.241251</ele>
        <time>2026-06-28T03:11:40.978Z</time>
      </trkpt>
      <trkpt lat="52.313047" lon="7.939477">
        <ele>58.243271</ele>
        <time>2026-06-28T03:11:41.340Z</time>
      </trkpt>
      <trkpt lat="52.312437" lon="7.937952">
        <ele>58.245351</ele>
        <time>2026-06-28T03:11:56.734Z</time>
      </trkpt>
      <trkpt lat="52.312376" lon="7.937716">
        <ele>58.243579</ele>
        <time>2026-06-28T03:11:59.179Z</time>
      </trkpt>
      <trkpt lat="52.312200" lon="7.937704">
        <ele>58.241587</ele>
        <time>2026-06-28T03:12:01.951Z</time>
      </trkpt>
      <trkpt lat="52.312005" lon="7.937549">
        <ele>58.239134</ele>
        <time>2026-06-28T03:12:05.426Z</time>
      </trkpt>
      <trkpt lat="52.311786" lon="7.937304">
        <ele>58.236133</ele>
        <time>2026-06-28T03:12:09.814Z</time>
      </trkpt>
      <trkpt lat="52.311228" lon="7.936574">
        <ele>58.556896</ele>
        <time>2026-06-28T03:12:21.620Z</time>
      </trkpt>
      <trkpt lat="52.310969" lon="7.936246">
        <ele>58.715223</ele>
        <time>2026-06-28T03:12:27.207Z</time>
      </trkpt>
      <trkpt lat="52.310726" lon="7.935830">
        <ele>58.885249</ele>
        <time>2026-06-28T03:12:33.344Z</time>
      </trkpt>
      <trkpt lat="52.310429" lon="7.935243">
        <ele>59.106453</ele>
        <time>2026-06-28T03:12:41.323Z</time>
      </trkpt>
      <trkpt lat="52.310314" lon="7.935083">
        <ele>59.126440</ele>
        <time>2026-06-28T03:12:43.831Z</time>
      </trkpt>
      <trkpt lat="52.310246" lon="7.935017">
        <ele>59.136907</ele>
        <time>2026-06-28T03:12:45.222Z</time>
      </trkpt>
      <trkpt lat="52.309202" lon="7.934278">
        <ele>59.287501</ele>
        <time>2026-06-28T03:13:02.606Z</time>
      </trkpt>
      <trkpt lat="52.308527" lon="7.933689">
        <ele>59.525684</ele>
        <time>2026-06-28T03:13:13.384Z</time>
      </trkpt>
      <trkpt lat="52.308076" lon="7.933371">
        <ele>59.785407</ele>
        <time>2026-06-28T03:13:20.848Z</time>
      </trkpt>
      <trkpt lat="52.307829" lon="7.933119">
        <ele>59.939358</ele>
        <time>2026-06-28T03:13:25.878Z</time>
      </trkpt>
      <trkpt lat="52.307675" lon="7.932904">
        <ele>60.046434</ele>
        <time>2026-06-28T03:13:29.665Z</time>
      </trkpt>
      <trkpt lat="52.307460" lon="7.932503">
        <ele>60.218884</ele>
        <time>2026-06-28T03:13:36.198Z</time>
      </trkpt>
      <trkpt lat="52.306991" lon="7.931116">
        <ele>60.972112</ele>
        <time>2026-06-28T03:13:55.430Z</time>
      </trkpt>
      <trkpt lat="52.306757" lon="7.930311">
        <ele>61.419049</ele>
        <time>2026-06-28T03:14:05.193Z</time>
      </trkpt>
      <trkpt lat="52.306694" lon="7.930090">
        <ele>61.541316</ele>
        <time>2026-06-28T03:14:07.691Z</time>
      </trkpt>
      <trkpt lat="52.306643" lon="7.929906">
        <ele>61.642615</ele>
        <time>2026-06-28T03:14:09.716Z</time>
      </trkpt>
      <trkpt lat="52.306504" lon="7.929360">
        <ele>61.762411</ele>
        <time>2026-06-28T03:14:15.311Z</time>
      </trkpt>
      <trkpt lat="52.306397" lon="7.928958">
        <ele>61.753535</ele>
        <time>2026-06-28T03:14:19.189Z</time>
      </trkpt>
      <trkpt lat="52.306283" lon="7.928527">
        <ele>61.744030</ele>
        <time>2026-06-28T03:14:23.159Z</time>
      </trkpt>
      <trkpt lat="52.306129" lon="7.927893">
        <ele>61.730220</ele>
        <time>2026-06-28T03:14:28.991Z</time>
      </trkpt>
      <trkpt lat="52.306085" lon="7.927715">
        <ele>61.726333</ele>
        <time>2026-06-28T03:14:30.698Z</time>
      </trkpt>
      <trkpt lat="52.306022" lon="7.927504">
        <ele>61.721580</ele>
        <time>2026-06-28T03:14:32.829Z</time>
      </trkpt>
      <trkpt lat="52.305963" lon="7.927304">
        <ele>61.717085</ele>
        <time>2026-06-28T03:14:34.829Z</time>
      </trkpt>
      <trkpt lat="52.305914" lon="7.927171">
        <ele>61.713942</ele>
        <time>2026-06-28T03:14:36.225Z</time>
      </trkpt>
      <trkpt lat="52.305523" lon="7.926135">
        <ele>61.864046</ele>
        <time>2026-06-28T03:14:47.207Z</time>
      </trkpt>
      <trkpt lat="52.305173" lon="7.925566">
        <ele>61.987485</ele>
        <time>2026-06-28T03:14:55.143Z</time>
      </trkpt>
      <trkpt lat="52.305091" lon="7.925432">
        <ele>62.016480</ele>
        <time>2026-06-28T03:14:57.082Z</time>
      </trkpt>
      <trkpt lat="52.304647" lon="7.924883">
        <ele>62.155706</ele>
        <time>2026-06-28T03:15:06.418Z</time>
      </trkpt>
      <trkpt lat="52.304212" lon="7.924497">
        <ele>62.211749</ele>
        <time>2026-06-28T03:15:14.687Z</time>
      </trkpt>
      <trkpt lat="52.304147" lon="7.924450">
        <ele>62.219480</ele>
        <time>2026-06-28T03:15:15.864Z</time>
      </trkpt>
      <trkpt lat="52.303339" lon="7.923874">
        <ele>62.315357</ele>
        <time>2026-06-28T03:15:29.207Z</time>
      </trkpt>
      <trkpt lat="52.301826" lon="7.922835">
        <ele>62.213818</ele>
        <time>2026-06-28T03:15:51.966Z</time>
      </trkpt>
      <trkpt lat="52.301305" lon="7.922517">
        <ele>62.154421</ele>
        <time>2026-06-28T03:16:00.528Z</time>
      </trkpt>
      <trkpt lat="52.300557" lon="7.922208">
        <ele>62.125898</ele>
        <time>2026-06-28T03:16:12.871Z</time>
      </trkpt>
      <trkpt lat="52.299925" lon="7.922083">
        <ele>62.102362</ele>
        <time>2026-06-28T03:16:22.198Z</time>
      </trkpt>
      <trkpt lat="52.299378" lon="7.922065">
        <ele>61.962202</ele>
        <time>2026-06-28T03:16:29.642Z</time>
      </trkpt>
      <trkpt lat="52.299081" lon="7.922087">
        <ele>61.761706</ele>
        <time>2026-06-28T03:16:33.431Z</time>
      </trkpt>
      <trkpt lat="52.298624" lon="7.922189">
        <ele>61.450657</ele>
        <time>2026-06-28T03:16:39.006Z</time>
      </trkpt>
      <trkpt lat="52.298576" lon="7.922199">
        <ele>61.418025</ele>
        <time>2026-06-28T03:16:39.593Z</time>
      </trkpt>
      <trkpt lat="52.298299" lon="7.922349">
        <ele>61.221245</ele>
        <time>2026-06-28T03:16:43.129Z</time>
      </trkpt>
      <trkpt lat="52.297980" lon="7.922627">
        <ele>60.977473</ele>
        <time>2026-06-28T03:16:47.751Z</time>
      </trkpt>
      <trkpt lat="52.297804" lon="7.922875">
        <ele>60.905880</ele>
        <time>2026-06-28T03:16:50.913Z</time>
      </trkpt>
      <trkpt lat="52.297588" lon="7.923179">
        <ele>61.009246</ele>
        <time>2026-06-28T03:16:54.969Z</time>
      </trkpt>
      <trkpt lat="52.297501" lon="7.923345">
        <ele>61.057738</ele>
        <time>2026-06-28T03:16:56.964Z</time>
      </trkpt>
      <trkpt lat="52.297397" lon="7.923630">
        <ele>61.131354</ele>
        <time>2026-06-28T03:17:00.199Z</time>
      </trkpt>
      <trkpt lat="52.297359" lon="7.923773">
        <ele>61.165938</ele>
        <time>2026-06-28T03:17:01.802Z</time>
      </trkpt>
      <trkpt lat="52.297257" lon="7.924157">
        <ele>61.258802</ele>
        <time>2026-06-28T03:17:06.319Z</time>
      </trkpt>
      <trkpt lat="52.297118" lon="7.924501">
        <ele>61.350256</ele>
        <time>2026-06-28T03:17:10.969Z</time>
      </trkpt>
      <trkpt lat="52.297101" lon="7.924544">
        <ele>61.361614</ele>
        <time>2026-06-28T03:17:11.556Z</time>
      </trkpt>
      <trkpt lat="52.296984" lon="7.924726">
        <ele>61.420185</ele>
        <time>2026-06-28T03:17:14.607Z</time>
      </trkpt>
      <trkpt lat="52.296876" lon="7.924839">
        <ele>61.466689</ele>
        <time>2026-06-28T03:17:17.018Z</time>
      </trkpt>
      <trkpt lat="52.296646" lon="7.924988">
        <ele>61.533384</ele>
        <time>2026-06-28T03:17:21.526Z</time>
      </trkpt>
      <trkpt lat="52.296041" lon="7.925117">
        <ele>61.572174</ele>
        <time>2026-06-28T03:17:31.512Z</time>
      </trkpt>
      <trkpt lat="52.295178" lon="7.925434">
        <ele>61.628408</ele>
        <time>2026-06-28T03:17:43.796Z</time>
      </trkpt>
      <trkpt lat="52.294940" lon="7.925468">
        <ele>61.641292</ele>
        <time>2026-06-28T03:17:47.001Z</time>
      </trkpt>
      <trkpt lat="52.294501" lon="7.925410">
        <ele>61.584028</ele>
        <time>2026-06-28T03:17:53.173Z</time>
      </trkpt>
      <trkpt lat="52.293787" lon="7.925090">
        <ele>61.487771</ele>
        <time>2026-06-28T03:18:04.539Z</time>
      </trkpt>
      <trkpt lat="52.293565" lon="7.925027">
        <ele>61.458475</ele>
        <time>2026-06-28T03:18:07.867Z</time>
      </trkpt>
      <trkpt lat="52.293479" lon="7.925014">
        <ele>61.447246</ele>
        <time>2026-06-28T03:18:09.096Z</time>
      </trkpt>
      <trkpt lat="52.293356" lon="7.924996">
        <ele>61.431190</ele>
        <time>2026-06-28T03:18:10.841Z</time>
      </trkpt>
      <trkpt lat="52.293093" lon="7.925004">
        <ele>61.370084</ele>
        <time>2026-06-28T03:18:14.433Z</time>
      </trkpt>
      <trkpt lat="52.292693" lon="7.925116">
        <ele>61.198959</ele>
        <time>2026-06-28T03:18:19.676Z</time>
      </trkpt>
      <trkpt lat="52.292577" lon="7.925175">
        <ele>61.147733</ele>
        <time>2026-06-28T03:18:21.207Z</time>
      </trkpt>
      <trkpt lat="52.292457" lon="7.925236">
        <ele>61.094743</ele>
        <time>2026-06-28T03:18:22.767Z</time>
      </trkpt>
      <trkpt lat="52.292417" lon="7.925264">
        <ele>61.076396</ele>
        <time>2026-06-28T03:18:23.302Z</time>
      </trkpt>
      <trkpt lat="52.292030" lon="7.925615">
        <ele>60.889781</ele>
        <time>2026-06-28T03:18:28.699Z</time>
      </trkpt>
      <trkpt lat="52.291839" lon="7.925838">
        <ele>60.790814</ele>
        <time>2026-06-28T03:18:31.815Z</time>
      </trkpt>
      <trkpt lat="52.291671" lon="7.926099">
        <ele>60.693091</ele>
        <time>2026-06-28T03:18:35.382Z</time>
      </trkpt>
      <trkpt lat="52.291354" lon="7.926760">
        <ele>60.955212</ele>
        <time>2026-06-28T03:18:44.034Z</time>
      </trkpt>
      <trkpt lat="52.291076" lon="7.927422">
        <ele>61.317660</ele>
        <time>2026-06-28T03:18:53.202Z</time>
      </trkpt>
      <trkpt lat="52.290950" lon="7.927632">
        <ele>61.450437</ele>
        <time>2026-06-28T03:18:56.736Z</time>
      </trkpt>
      <trkpt lat="52.290736" lon="7.927927">
        <ele>61.657001</ele>
        <time>2026-06-28T03:19:02.273Z</time>
      </trkpt>
      <trkpt lat="52.290418" lon="7.928247">
        <ele>61.932556</ele>
        <time>2026-06-28T03:19:09.478Z</time>
      </trkpt>
      <trkpt lat="52.289904" lon="7.928511">
        <ele>62.189889</ele>
        <time>2026-06-28T03:19:18.137Z</time>
      </trkpt>
      <trkpt lat="52.289432" lon="7.928545">
        <ele>62.399740</ele>
        <time>2026-06-28T03:19:25.614Z</time>
      </trkpt>
      <trkpt lat="52.288812" lon="7.928400">
        <ele>62.677929</ele>
        <time>2026-06-28T03:19:36.142Z</time>
      </trkpt>
      <trkpt lat="52.288390" lon="7.928305">
        <ele>62.796696</ele>
        <time>2026-06-28T03:19:43.036Z</time>
      </trkpt>
      <trkpt lat="52.288093" lon="7.928255">
        <ele>62.825965</ele>
        <time>2026-06-28T03:19:47.777Z</time>
      </trkpt>
      <trkpt lat="52.287378" lon="7.928163">
        <ele>62.896274</ele>
        <time>2026-06-28T03:19:58.896Z</time>
      </trkpt>
      <trkpt lat="52.287092" lon="7.928090">
        <ele>62.924651</ele>
        <time>2026-06-28T03:20:02.956Z</time>
      </trkpt>
      <trkpt lat="52.286866" lon="7.927977">
        <ele>62.947819</ele>
        <time>2026-06-28T03:20:06.199Z</time>
      </trkpt>
      <trkpt lat="52.286575" lon="7.927713">
        <ele>62.874190</ele>
        <time>2026-06-28T03:20:10.887Z</time>
      </trkpt>
      <trkpt lat="52.286318" lon="7.927480">
        <ele>62.791180</ele>
        <time>2026-06-28T03:20:15.257Z</time>
      </trkpt>
      <trkpt lat="52.285775" lon="7.926928">
        <ele>62.610564</ele>
        <time>2026-06-28T03:20:24.206Z</time>
      </trkpt>
      <trkpt lat="52.285380" lon="7.926527">
        <ele>62.479226</ele>
        <time>2026-06-28T03:20:30.323Z</time>
      </trkpt>
      <trkpt lat="52.285213" lon="7.926357">
        <ele>62.421464</ele>
        <time>2026-06-28T03:20:32.981Z</time>
      </trkpt>
      <trkpt lat="52.284794" lon="7.925944">
        <ele>62.269082</ele>
        <time>2026-06-28T03:20:39.528Z</time>
      </trkpt>
      <trkpt lat="52.283548" lon="7.924714">
        <ele>61.880571</ele>
        <time>2026-06-28T03:20:59.770Z</time>
      </trkpt>
      <trkpt lat="52.283289" lon="7.924459">
        <ele>61.874755</ele>
        <time>2026-06-28T03:21:04.226Z</time>
      </trkpt>
      <trkpt lat="52.282993" lon="7.924160">
        <ele>61.868061</ele>
        <time>2026-06-28T03:21:09.240Z</time>
      </trkpt>
      <trkpt lat="52.282654" lon="7.923818">
        <ele>61.860398</ele>
        <time>2026-06-28T03:21:15.142Z</time>
      </trkpt>
      <trkpt lat="52.282246" lon="7.923410">
        <ele>61.851197</ele>
        <time>2026-06-28T03:21:25.004Z</time>
      </trkpt>
      <trkpt lat="52.281481" lon="7.922653">
        <ele>62.266026</ele>
        <time>2026-06-28T03:21:44.465Z</time>
      </trkpt>
      <trkpt lat="52.280985" lon="7.922163">
        <ele>62.551398</ele>
        <time>2026-06-28T03:21:57.374Z</time>
      </trkpt>
      <trkpt lat="52.280772" lon="7.921946">
        <ele>62.674984</ele>
        <time>2026-06-28T03:22:03.070Z</time>
      </trkpt>
      <trkpt lat="52.280575" lon="7.921744">
        <ele>62.862366</ele>
        <time>2026-06-28T03:22:08.430Z</time>
      </trkpt>
      <trkpt lat="52.280246" lon="7.921420">
        <ele>63.308617</ele>
        <time>2026-06-28T03:22:17.460Z</time>
      </trkpt>
      <trkpt lat="52.280159" lon="7.921335">
        <ele>63.426374</ele>
        <time>2026-06-28T03:22:19.886Z</time>
      </trkpt>
      <trkpt lat="52.279754" lon="7.920938">
        <ele>63.975037</ele>
        <time>2026-06-28T03:22:31.620Z</time>
      </trkpt>
      <trkpt lat="52.279760" lon="7.920875">
        <ele>64.020356</ele>
        <time>2026-06-28T03:22:32.626Z</time>
      </trkpt>
      <trkpt lat="52.279734" lon="7.920818">
        <ele>64.070893</ele>
        <time>2026-06-28T03:22:33.762Z</time>
      </trkpt>
      <trkpt lat="52.279704" lon="7.920804">
        <ele>64.107140</ele>
        <time>2026-06-28T03:22:34.553Z</time>
      </trkpt>
      <trkpt lat="52.279663" lon="7.920840">
        <ele>64.161213</ele>
        <time>2026-06-28T03:22:35.764Z</time>
      </trkpt>
      <trkpt lat="52.278825" lon="7.919993">
        <ele>65.347823</ele>
        <time>2026-06-28T03:23:02.079Z</time>
      </trkpt>
      <trkpt lat="52.278151" lon="7.919242">
        <ele>66.378201</ele>
        <time>2026-06-28T03:23:23.008Z</time>
      </trkpt>
      <trkpt lat="52.277949" lon="7.919001">
        <ele>66.694105</ele>
        <time>2026-06-28T03:23:27.682Z</time>
      </trkpt>
      <trkpt lat="52.277900" lon="7.918854">
        <ele>66.823479</ele>
        <time>2026-06-28T03:23:29.533Z</time>
      </trkpt>
      <trkpt lat="52.277899" lon="7.918774">
        <ele>66.885318</ele>
        <time>2026-06-28T03:23:30.389Z</time>
      </trkpt>
      <trkpt lat="52.277762" lon="7.918788">
        <ele>67.058708</ele>
        <time>2026-06-28T03:23:33.562Z</time>
      </trkpt>
      <trkpt lat="52.277612" lon="7.918568">
        <ele>67.276129</ele>
        <time>2026-06-28T03:23:37.033Z</time>
      </trkpt>
      <trkpt lat="52.277547" lon="7.918473">
        <ele>67.367305</ele>
        <time>2026-06-28T03:23:38.573Z</time>
      </trkpt>
      <trkpt lat="52.276772" lon="7.917331">
        <ele>68.458389</ele>
        <time>2026-06-28T03:23:58.123Z</time>
      </trkpt>
      <trkpt lat="52.276409" lon="7.916752">
        <ele>68.995343</ele>
        <time>2026-06-28T03:24:08.099Z</time>
      </trkpt>
      <trkpt lat="52.276152" lon="7.916378">
        <ele>69.580876</ele>
        <time>2026-06-28T03:24:15.122Z</time>
      </trkpt>
      <trkpt lat="52.275945" lon="7.916193">
        <ele>69.982324</ele>
        <time>2026-06-28T03:24:20.276Z</time>
      </trkpt>
      <trkpt lat="52.275277" lon="7.915862">
        <ele>71.170066</ele>
        <time>2026-06-28T03:24:39.302Z</time>
      </trkpt>
      <trkpt lat="52.275193" lon="7.915800">
        <ele>71.326898</ele>
        <time>2026-06-28T03:24:41.793Z</time>
      </trkpt>
      <trkpt lat="52.274990" lon="7.915570">
        <ele>71.747204</ele>
        <time>2026-06-28T03:24:48.471Z</time>
      </trkpt>
      <trkpt lat="52.274915" lon="7.915452">
        <ele>71.924347</ele>
        <time>2026-06-28T03:24:51.361Z</time>
      </trkpt>
      <trkpt lat="52.274862" lon="7.915289">
        <ele>72.168110</ele>
        <time>2026-06-28T03:24:54.576Z</time>
      </trkpt>
      <trkpt lat="52.274890" lon="7.915248">
        <ele>72.274510</ele>
        <time>2026-06-28T03:24:55.626Z</time>
      </trkpt>
      <trkpt lat="52.274886" lon="7.915186">
        <ele>72.382472</ele>
        <time>2026-06-28T03:24:56.695Z</time>
      </trkpt>
      <trkpt lat="52.274867" lon="7.915158">
        <ele>72.454879</ele>
        <time>2026-06-28T03:24:57.473Z</time>
      </trkpt>
      <trkpt lat="52.274814" lon="7.915185">
        <ele>72.611997</ele>
        <time>2026-06-28T03:24:59.064Z</time>
      </trkpt>
      <trkpt lat="52.274475" lon="7.914942">
        <ele>73.659660</ele>
        <time>2026-06-28T03:25:09.964Z</time>
      </trkpt>
      <trkpt lat="52.274265" lon="7.914794">
        <ele>74.306907</ele>
        <time>2026-06-28T03:25:17.010Z</time>
      </trkpt>
      <trkpt lat="52.273955" lon="7.914636">
        <ele>75.225943</ele>
        <time>2026-06-28T03:25:27.256Z</time>
      </trkpt>
      <trkpt lat="52.273924" lon="7.914621">
        <ele>75.317444</ele>
        <time>2026-06-28T03:25:28.215Z</time>
      </trkpt>
      <trkpt lat="52.273486" lon="7.914560">
        <ele>76.561561</ele>
        <time>2026-06-28T03:25:42.874Z</time>
      </trkpt>
      <trkpt lat="52.273317" lon="7.914565">
        <ele>77.039942</ele>
        <time>2026-06-28T03:25:48.769Z</time>
      </trkpt>
      <trkpt lat="52.273225" lon="7.914573">
        <ele>77.319738</ele>
        <time>2026-06-28T03:25:51.606Z</time>
      </trkpt>
      <trkpt lat="52.273189" lon="7.914467">
        <ele>77.553020</ele>
        <time>2026-06-28T03:25:53.841Z</time>
      </trkpt>
      <trkpt lat="52.273124" lon="7.914409">
        <ele>77.785910</ele>
        <time>2026-06-28T03:25:56.163Z</time>
      </trkpt>
      <trkpt lat="52.273037" lon="7.914425">
        <ele>78.061228</ele>
        <time>2026-06-28T03:25:58.824Z</time>
      </trkpt>
      <trkpt lat="52.272975" lon="7.914526">
        <ele>78.336521</ele>
        <time>2026-06-28T03:26:01.538Z</time>
      </trkpt>
      <trkpt lat="52.272963" lon="7.914596">
        <ele>78.476405</ele>
        <time>2026-06-28T03:26:02.839Z</time>
      </trkpt>
      <trkpt lat="52.272893" lon="7.914594">
        <ele>78.696569</ele>
        <time>2026-06-28T03:26:05.017Z</time>
      </trkpt>
      <trkpt lat="52.272663" lon="7.914587">
        <ele>79.419979</ele>
        <time>2026-06-28T03:26:11.921Z</time>
      </trkpt>
      <trkpt lat="52.272149" lon="7.914465">
        <ele>81.053324</ele>
        <time>2026-06-28T03:26:27.191Z</time>
      </trkpt>
      <trkpt lat="52.271456" lon="7.914206">
        <ele>82.813324</ele>
        <time>2026-06-28T03:26:44.681Z</time>
      </trkpt>
      <trkpt lat="52.270970" lon="7.914064">
        <ele>82.899161</ele>
        <time>2026-06-28T03:26:53.872Z</time>
      </trkpt>
      <trkpt lat="52.270309" lon="7.913953">
        <ele>83.014688</ele>
        <time>2026-06-28T03:27:03.209Z</time>
      </trkpt>
      <trkpt lat="52.269563" lon="7.913916">
        <ele>82.653088</ele>
        <time>2026-06-28T03:27:12.031Z</time>
      </trkpt>
      <trkpt lat="52.269447" lon="7.910818">
        <ele>79.463996</ele>
        <time>2026-06-28T03:27:42.387Z</time>
      </trkpt>
      <trkpt lat="52.269381" lon="7.908981">
        <ele>77.547806</ele>
        <time>2026-06-28T03:28:00.677Z</time>
      </trkpt>
      <trkpt lat="52.269327" lon="7.906707">
        <ele>75.349332</ele>
        <time>2026-06-28T03:28:23.397Z</time>
      </trkpt>
      <trkpt lat="52.269301" lon="7.905506">
        <ele>74.186203</ele>
        <time>2026-06-28T03:28:35.686Z</time>
      </trkpt>
      <trkpt lat="52.269251" lon="7.905322">
        <ele>73.851260</ele>
        <time>2026-06-28T03:28:37.729Z</time>
      </trkpt>
      <trkpt lat="52.268979" lon="7.904724">
        <ele>72.611651</ele>
        <time>2026-06-28T03:28:44.947Z</time>
      </trkpt>
      <trkpt lat="52.268801" lon="7.904416">
        <ele>71.906842</ele>
        <time>2026-06-28T03:28:48.833Z</time>
      </trkpt>
      <trkpt lat="52.268615" lon="7.904180">
        <ele>71.266634</ele>
        <time>2026-06-28T03:28:52.280Z</time>
      </trkpt>
      <trkpt lat="52.268499" lon="7.904043">
        <ele>70.877523</ele>
        <time>2026-06-28T03:28:54.370Z</time>
      </trkpt>
      <trkpt lat="52.268242" lon="7.903819">
        <ele>70.085650</ele>
        <time>2026-06-28T03:28:58.579Z</time>
      </trkpt>
      <trkpt lat="52.267778" lon="7.903580">
        <ele>68.825836</ele>
        <time>2026-06-28T03:29:05.485Z</time>
      </trkpt>
      <trkpt lat="52.267336" lon="7.903398">
        <ele>67.716998</ele>
        <time>2026-06-28T03:29:11.939Z</time>
      </trkpt>
      <trkpt lat="52.267018" lon="7.903252">
        <ele>66.913464</ele>
        <time>2026-06-28T03:29:16.769Z</time>
      </trkpt>
      <trkpt lat="52.266742" lon="7.903048">
        <ele>66.176562</ele>
        <time>2026-06-28T03:29:21.470Z</time>
      </trkpt>
      <trkpt lat="52.266318" lon="7.902637">
        <ele>64.988174</ele>
        <time>2026-06-28T03:29:29.878Z</time>
      </trkpt>
      <trkpt lat="52.265991" lon="7.902207">
        <ele>65.451880</ele>
        <time>2026-06-28T03:29:38.488Z</time>
      </trkpt>
      <trkpt lat="52.265728" lon="7.901792">
        <ele>65.855793</ele>
        <time>2026-06-28T03:29:47.430Z</time>
      </trkpt>
      <trkpt lat="52.265604" lon="7.901531">
        <ele>66.079189</ele>
        <time>2026-06-28T03:29:52.837Z</time>
      </trkpt>
      <trkpt lat="52.265477" lon="7.901159">
        <ele>66.367188</ele>
        <time>2026-06-28T03:30:00.194Z</time>
      </trkpt>
      <trkpt lat="52.265418" lon="7.900819">
        <ele>66.606127</ele>
        <time>2026-06-28T03:30:06.475Z</time>
      </trkpt>
      <trkpt lat="52.265179" lon="7.899294">
        <ele>67.652277</ele>
        <time>2026-06-28T03:30:33.707Z</time>
      </trkpt>
      <trkpt lat="52.265014" lon="7.898314">
        <ele>68.321592</ele>
        <time>2026-06-28T03:30:48.823Z</time>
      </trkpt>
      <trkpt lat="52.264882" lon="7.897540">
        <ele>68.850699</ele>
        <time>2026-06-28T03:30:59.437Z</time>
      </trkpt>
      <trkpt lat="52.264497" lon="7.895870">
        <ele>68.486151</ele>
        <time>2026-06-28T03:31:20.155Z</time>
      </trkpt>
      <trkpt lat="52.264350" lon="7.895299">
        <ele>68.332647</ele>
        <time>2026-06-28T03:31:26.807Z</time>
      </trkpt>
      <trkpt lat="52.264234" lon="7.895025">
        <ele>68.250088</ele>
        <time>2026-06-28T03:31:30.408Z</time>
      </trkpt>
      <trkpt lat="52.263832" lon="7.894393">
        <ele>68.711166</ele>
        <time>2026-06-28T03:31:40.651Z</time>
      </trkpt>
      <trkpt lat="52.263926" lon="7.894104">
        <ele>68.990290</ele>
        <time>2026-06-28T03:31:44.593Z</time>
      </trkpt>
      <trkpt lat="52.263533" lon="7.893752">
        <ele>69.614829</ele>
        <time>2026-06-28T03:31:52.547Z</time>
      </trkpt>
      <trkpt lat="52.263074" lon="7.893261">
        <ele>70.379344</ele>
        <time>2026-06-28T03:32:05.618Z</time>
      </trkpt>
      <trkpt lat="52.262363" lon="7.892293">
        <ele>74.620303</ele>
        <time>2026-06-28T03:32:40.755Z</time>
      </trkpt>
      <trkpt lat="52.261697" lon="7.891294">
        <ele>79.660044</ele>
        <time>2026-06-28T03:33:21.590Z</time>
      </trkpt>
      <trkpt lat="52.260193" lon="7.889069">
        <ele>94.303303</ele>
        <time>2026-06-28T03:35:03.910Z</time>
      </trkpt>
      <trkpt lat="52.259585" lon="7.888190">
        <ele>98.665877</ele>
        <time>2026-06-28T03:35:45.051Z</time>
      </trkpt>
      <trkpt lat="52.259371" lon="7.887667">
        <ele>100.735016</ele>
        <time>2026-06-28T03:36:02.269Z</time>
      </trkpt>
      <trkpt lat="52.258748" lon="7.885080">
        <ele>104.542918</ele>
        <time>2026-06-28T03:36:48.755Z</time>
      </trkpt>
      <trkpt lat="52.258991" lon="7.884852">
        <ele>104.738957</ele>
        <time>2026-06-28T03:36:58.365Z</time>
      </trkpt>
      <trkpt lat="52.258748" lon="7.885080">
        <ele>104.934996</ele>
        <time>2026-06-28T03:37:07.658Z</time>
      </trkpt>
      <trkpt lat="52.258732" lon="7.885020">
        <ele>104.963021</ele>
        <time>2026-06-28T03:37:08.279Z</time>
      </trkpt>
      <trkpt lat="52.258288" lon="7.883321">
        <ele>103.582968</ele>
        <time>2026-06-28T03:37:26.740Z</time>
      </trkpt>
      <trkpt lat="52.257779" lon="7.882588">
        <ele>102.686321</ele>
        <time>2026-06-28T03:37:37.569Z</time>
      </trkpt>
      <trkpt lat="52.257313" lon="7.882026">
        <ele>103.785734</ele>
        <time>2026-06-28T03:37:49.451Z</time>
      </trkpt>
      <trkpt lat="52.256990" lon="7.881708">
        <ele>104.605967</ele>
        <time>2026-06-28T03:37:59.748Z</time>
      </trkpt>
      <trkpt lat="52.256891" lon="7.881634">
        <ele>104.842760</ele>
        <time>2026-06-28T03:38:03.078Z</time>
      </trkpt>
      <trkpt lat="52.256690" lon="7.881610">
        <ele>105.281100</ele>
        <time>2026-06-28T03:38:09.670Z</time>
      </trkpt>
      <trkpt lat="52.255946" lon="7.882050">
        <ele>107.024170</ele>
        <time>2026-06-28T03:38:40.244Z</time>
      </trkpt>
      <trkpt lat="52.255575" lon="7.882165">
        <ele>107.884588</ele>
        <time>2026-06-28T03:38:55.354Z</time>
      </trkpt>
      <trkpt lat="52.255128" lon="7.882128">
        <ele>108.904397</ele>
        <time>2026-06-28T03:39:11.054Z</time>
      </trkpt>
      <trkpt lat="52.254909" lon="7.882029">
        <ele>109.422148</ele>
        <time>2026-06-28T03:39:17.644Z</time>
      </trkpt>
      <trkpt lat="52.254602" lon="7.881799">
        <ele>110.191712</ele>
        <time>2026-06-28T03:39:25.044Z</time>
      </trkpt>
      <trkpt lat="52.254135" lon="7.881279">
        <ele>109.455195</ele>
        <time>2026-06-28T03:39:33.877Z</time>
      </trkpt>
      <trkpt lat="52.253974" lon="7.881047">
        <ele>108.770377</ele>
        <time>2026-06-28T03:39:36.929Z</time>
      </trkpt>
      <trkpt lat="52.253681" lon="7.880639">
        <ele>107.542271</ele>
        <time>2026-06-28T03:39:42.268Z</time>
      </trkpt>
      <trkpt lat="52.253540" lon="7.880391">
        <ele>106.881356</ele>
        <time>2026-06-28T03:39:45.131Z</time>
      </trkpt>
      <trkpt lat="52.253384" lon="7.880029">
        <ele>106.016890</ele>
        <time>2026-06-28T03:39:48.875Z</time>
      </trkpt>
      <trkpt lat="52.252245" lon="7.876620">
        <ele>98.288653</ele>
        <time>2026-06-28T03:40:23.590Z</time>
      </trkpt>
      <trkpt lat="52.251762" lon="7.875178">
        <ele>94.802056</ele>
        <time>2026-06-28T03:40:38.054Z</time>
      </trkpt>
      <trkpt lat="52.251348" lon="7.872891">
        <ele>90.774066</ele>
        <time>2026-06-28T03:40:58.900Z</time>
      </trkpt>
      <trkpt lat="52.251262" lon="7.872442">
        <ele>90.107486</ele>
        <time>2026-06-28T03:41:03.312Z</time>
      </trkpt>
      <trkpt lat="52.251200" lon="7.872267">
        <ele>89.821009</ele>
        <time>2026-06-28T03:41:05.251Z</time>
      </trkpt>
      <trkpt lat="52.250140" lon="7.869530">
        <ele>89.305945</ele>
        <time>2026-06-28T03:41:44.071Z</time>
      </trkpt>
      <trkpt lat="52.249189" lon="7.865938">
        <ele>94.675848</ele>
        <time>2026-06-28T03:42:59.048Z</time>
      </trkpt>
      <trkpt lat="52.248606" lon="7.863591">
        <ele>98.122710</ele>
        <time>2026-06-28T03:43:42.995Z</time>
      </trkpt>
      <trkpt lat="52.248412" lon="7.862675">
        <ele>99.328905</ele>
        <time>2026-06-28T03:44:00.049Z</time>
      </trkpt>
      <trkpt lat="52.248236" lon="7.861140">
        <ele>101.272354</ele>
        <time>2026-06-28T03:44:27.631Z</time>
      </trkpt>
      <trkpt lat="52.248208" lon="7.860921">
        <ele>101.550769</ele>
        <time>2026-06-28T03:44:31.392Z</time>
      </trkpt>
      <trkpt lat="52.248129" lon="7.860364">
        <ele>102.045091</ele>
        <time>2026-06-28T03:44:40.815Z</time>
      </trkpt>
      <trkpt lat="52.247984" lon="7.859485">
        <ele>102.746317</ele>
        <time>2026-06-28T03:44:55.044Z</time>
      </trkpt>
      <trkpt lat="52.247705" lon="7.858240">
        <ele>103.767549</ele>
        <time>2026-06-28T03:45:14.855Z</time>
      </trkpt>
      <trkpt lat="52.247407" lon="7.857292">
        <ele>104.360587</ele>
        <time>2026-06-28T03:45:30.773Z</time>
      </trkpt>
      <trkpt lat="52.247072" lon="7.856447">
        <ele>104.857037</ele>
        <time>2026-06-28T03:45:44.897Z</time>
      </trkpt>
      <trkpt lat="52.246247" lon="7.854992">
        <ele>106.387376</ele>
        <time>2026-06-28T03:46:12.468Z</time>
      </trkpt>
      <trkpt lat="52.245190" lon="7.853238">
        <ele>109.714284</ele>
        <time>2026-06-28T03:46:56.333Z</time>
      </trkpt>
      <trkpt lat="52.244839" lon="7.852821">
        <ele>111.506970</ele>
        <time>2026-06-28T03:47:12.183Z</time>
      </trkpt>
      <trkpt lat="52.244411" lon="7.852524">
        <ele>113.427655</ele>
        <time>2026-06-28T03:47:30.418Z</time>
      </trkpt>
      <trkpt lat="52.243707" lon="7.852180">
        <ele>116.217688</ele>
        <time>2026-06-28T03:48:00.815Z</time>
      </trkpt>
      <trkpt lat="52.243217" lon="7.851941">
        <ele>116.736698</ele>
        <time>2026-06-28T03:48:18.759Z</time>
      </trkpt>
      <trkpt lat="52.242890" lon="7.851644">
        <ele>117.116443</ele>
        <time>2026-06-28T03:48:28.739Z</time>
      </trkpt>
      <trkpt lat="52.242658" lon="7.851324">
        <ele>117.424643</ele>
        <time>2026-06-28T03:48:34.884Z</time>
      </trkpt>
      <trkpt lat="52.242443" lon="7.850876">
        <ele>117.778373</ele>
        <time>2026-06-28T03:48:40.667Z</time>
      </trkpt>
      <trkpt lat="52.242305" lon="7.850374">
        <ele>117.359373</ele>
        <time>2026-06-28T03:48:45.689Z</time>
      </trkpt>
      <trkpt lat="52.242230" lon="7.849810">
        <ele>115.979707</ele>
        <time>2026-06-28T03:48:50.651Z</time>
      </trkpt>
      <trkpt lat="52.242217" lon="7.847801">
        <ele>111.176930</ele>
        <time>2026-06-28T03:49:07.655Z</time>
      </trkpt>
      <trkpt lat="52.242158" lon="7.847344">
        <ele>110.073906</ele>
        <time>2026-06-28T03:49:11.622Z</time>
      </trkpt>
      <trkpt lat="52.242044" lon="7.847002">
        <ele>109.157277</ele>
        <time>2026-06-28T03:49:14.922Z</time>
      </trkpt>
      <trkpt lat="52.241912" lon="7.846729">
        <ele>108.338434</ele>
        <time>2026-06-28T03:49:17.881Z</time>
      </trkpt>
      <trkpt lat="52.241157" lon="7.845909">
        <ele>104.852666</ele>
        <time>2026-06-28T03:49:30.604Z</time>
      </trkpt>
      <trkpt lat="52.239014" lon="7.843746">
        <ele>99.154054</ele>
        <time>2026-06-28T03:50:08.711Z</time>
      </trkpt>
      <trkpt lat="52.238689" lon="7.843461">
        <ele>99.044254</ele>
        <time>2026-06-28T03:50:15.814Z</time>
      </trkpt>
      <trkpt lat="52.238193" lon="7.843153">
        <ele>98.886307</ele>
        <time>2026-06-28T03:50:27.758Z</time>
      </trkpt>
      <trkpt lat="52.238116" lon="7.843107">
        <ele>98.861902</ele>
        <time>2026-06-28T03:50:29.812Z</time>
      </trkpt>
      <trkpt lat="52.235657" lon="7.841677">
        <ele>102.270970</ele>
        <time>2026-06-28T03:51:39.078Z</time>
      </trkpt>
      <trkpt lat="52.235549" lon="7.841572">
        <ele>102.461245</ele>
        <time>2026-06-28T03:51:42.373Z</time>
      </trkpt>
      <trkpt lat="52.234552" lon="7.839861">
        <ele>104.453128</ele>
        <time>2026-06-28T03:52:20.170Z</time>
      </trkpt>
      <trkpt lat="52.234484" lon="7.839648">
        <ele>104.569630</ele>
        <time>2026-06-28T03:52:23.963Z</time>
      </trkpt>
      <trkpt lat="52.234471" lon="7.839495">
        <ele>104.644548</ele>
        <time>2026-06-28T03:52:26.366Z</time>
      </trkpt>
      <trkpt lat="52.234663" lon="7.838105">
        <ele>105.335653</ele>
        <time>2026-06-28T03:52:46.834Z</time>
      </trkpt>
      <trkpt lat="52.234802" lon="7.837055">
        <ele>105.836579</ele>
        <time>2026-06-28T03:53:00.114Z</time>
      </trkpt>
      <trkpt lat="52.234782" lon="7.836679">
        <ele>106.000855</ele>
        <time>2026-06-28T03:53:04.775Z</time>
      </trkpt>
      <trkpt lat="52.234686" lon="7.836115">
        <ele>106.255650</ele>
        <time>2026-06-28T03:53:12.293Z</time>
      </trkpt>
      <trkpt lat="52.234531" lon="7.835576">
        <ele>106.514835</ele>
        <time>2026-06-28T03:53:20.510Z</time>
      </trkpt>
      <trkpt lat="52.233794" lon="7.833805">
        <ele>108.001621</ele>
        <time>2026-06-28T03:53:55.057Z</time>
      </trkpt>
      <trkpt lat="52.233746" lon="7.833684">
        <ele>108.132937</ele>
        <time>2026-06-28T03:53:57.541Z</time>
      </trkpt>
      <trkpt lat="52.233787" lon="7.833542">
        <ele>108.275935</ele>
        <time>2026-06-28T03:53:59.546Z</time>
      </trkpt>
      <trkpt lat="52.233767" lon="7.833441">
        <ele>108.372623</ele>
        <time>2026-06-28T03:54:01.027Z</time>
      </trkpt>
      <trkpt lat="52.233711" lon="7.833372">
        <ele>108.476964</ele>
        <time>2026-06-28T03:54:02.464Z</time>
      </trkpt>
      <trkpt lat="52.233609" lon="7.833399">
        <ele>108.630648</ele>
        <time>2026-06-28T03:54:04.691Z</time>
      </trkpt>
      <trkpt lat="52.233564" lon="7.833264">
        <ele>108.770650</ele>
        <time>2026-06-28T03:54:06.611Z</time>
      </trkpt>
      <trkpt lat="52.233012" lon="7.831407">
        <ele>111.221306</ele>
        <time>2026-06-28T03:54:32.300Z</time>
      </trkpt>
      <trkpt lat="52.232783" lon="7.830786">
        <ele>112.244905</ele>
        <time>2026-06-28T03:54:42.578Z</time>
      </trkpt>
      <trkpt lat="52.232211" lon="7.829521">
        <ele>114.899464</ele>
        <time>2026-06-28T03:55:09.536Z</time>
      </trkpt>
      <trkpt lat="52.231763" lon="7.828766">
        <ele>117.299198</ele>
        <time>2026-06-28T03:55:29.437Z</time>
      </trkpt>
      <trkpt lat="52.231732" lon="7.828718">
        <ele>117.458437</ele>
        <time>2026-06-28T03:55:30.889Z</time>
      </trkpt>
      <trkpt lat="52.231536" lon="7.828406">
        <ele>118.478716</ele>
        <time>2026-06-28T03:55:39.543Z</time>
      </trkpt>
      <trkpt lat="52.231195" lon="7.827843">
        <ele>120.286264</ele>
        <time>2026-06-28T03:55:54.453Z</time>
      </trkpt>
      <trkpt lat="52.230986" lon="7.827603">
        <ele>121.236137</ele>
        <time>2026-06-28T03:56:01.320Z</time>
      </trkpt>
      <trkpt lat="52.230792" lon="7.827434">
        <ele>122.053063</ele>
        <time>2026-06-28T03:56:06.998Z</time>
      </trkpt>
      <trkpt lat="52.230343" lon="7.827242">
        <ele>123.777458</ele>
        <time>2026-06-28T03:56:20.463Z</time>
      </trkpt>
      <trkpt lat="52.230107" lon="7.827242">
        <ele>124.654248</ele>
        <time>2026-06-28T03:56:27.355Z</time>
      </trkpt>
      <trkpt lat="52.229622" lon="7.827414">
        <ele>126.498145</ele>
        <time>2026-06-28T03:56:42.046Z</time>
      </trkpt>
      <trkpt lat="52.228803" lon="7.827896">
        <ele>131.251903</ele>
        <time>2026-06-28T03:57:10.776Z</time>
      </trkpt>
      <trkpt lat="52.228425" lon="7.828160">
        <ele>133.677104</ele>
        <time>2026-06-28T03:57:25.418Z</time>
      </trkpt>
      <trkpt lat="52.228155" lon="7.828455">
        <ele>135.593530</ele>
        <time>2026-06-28T03:57:38.217Z</time>
      </trkpt>
      <trkpt lat="52.227936" lon="7.828767">
        <ele>137.308067</ele>
        <time>2026-06-28T03:57:51.137Z</time>
      </trkpt>
      <trkpt lat="52.227647" lon="7.829332">
        <ele>141.065715</ele>
        <time>2026-06-28T03:58:15.528Z</time>
      </trkpt>
      <trkpt lat="52.227347" lon="7.829936">
        <ele>145.271127</ele>
        <time>2026-06-28T03:58:42.165Z</time>
      </trkpt>
      <trkpt lat="52.227230" lon="7.830047">
        <ele>146.465885</ele>
        <time>2026-06-28T03:58:49.491Z</time>
      </trkpt>
      <trkpt lat="52.227018" lon="7.830101">
        <ele>148.360293</ele>
        <time>2026-06-28T03:59:00.938Z</time>
      </trkpt>
      <trkpt lat="52.226828" lon="7.830003">
        <ele>150.119548</ele>
        <time>2026-06-28T03:59:11.355Z</time>
      </trkpt>
      <trkpt lat="52.226682" lon="7.829796">
        <ele>151.826850</ele>
        <time>2026-06-28T03:59:21.238Z</time>
      </trkpt>
      <trkpt lat="52.226613" lon="7.829566">
        <ele>153.211898</ele>
        <time>2026-06-28T03:59:28.817Z</time>
      </trkpt>
      <trkpt lat="52.226357" lon="7.828361">
        <ele>156.614626</ele>
        <time>2026-06-28T03:59:58.781Z</time>
      </trkpt>
      <trkpt lat="52.226210" lon="7.827508">
        <ele>158.818989</ele>
        <time>2026-06-28T04:00:11.947Z</time>
      </trkpt>
      <trkpt lat="52.226091" lon="7.826992">
        <ele>160.190594</ele>
        <time>2026-06-28T04:00:19.856Z</time>
      </trkpt>
      <trkpt lat="52.225868" lon="7.826379">
        <ele>161.526328</ele>
        <time>2026-06-28T04:00:29.878Z</time>
      </trkpt>
      <trkpt lat="52.225587" lon="7.825856">
        <ele>162.515388</ele>
        <time>2026-06-28T04:00:39.673Z</time>
      </trkpt>
      <trkpt lat="52.225263" lon="7.825397">
        <ele>163.511054</ele>
        <time>2026-06-28T04:00:48.793Z</time>
      </trkpt>
      <trkpt lat="52.224286" lon="7.823852">
        <ele>167.758602</ele>
        <time>2026-06-28T04:01:25.454Z</time>
      </trkpt>
      <trkpt lat="52.224173" lon="7.823583">
        <ele>168.548359</ele>
        <time>2026-06-28T04:01:31.620Z</time>
      </trkpt>
      <trkpt lat="52.224034" lon="7.823008">
        <ele>170.045082</ele>
        <time>2026-06-28T04:01:44.061Z</time>
      </trkpt>
      <trkpt lat="52.223950" lon="7.822483">
        <ele>171.358904</ele>
        <time>2026-06-28T04:01:55.567Z</time>
      </trkpt>
      <trkpt lat="52.223866" lon="7.822108">
        <ele>172.325438</ele>
        <time>2026-06-28T04:02:03.832Z</time>
      </trkpt>
      <trkpt lat="52.223620" lon="7.821107">
        <ele>174.930318</ele>
        <time>2026-06-28T04:02:24.781Z</time>
      </trkpt>
      <trkpt lat="52.223371" lon="7.820113">
        <ele>177.523982</ele>
        <time>2026-06-28T04:02:47.268Z</time>
      </trkpt>
      <trkpt lat="52.223285" lon="7.819877">
        <ele>178.187194</ele>
        <time>2026-06-28T04:02:52.425Z</time>
      </trkpt>
      <trkpt lat="52.223107" lon="7.819571">
        <ele>179.206361</ele>
        <time>2026-06-28T04:02:59.218Z</time>
      </trkpt>
      <trkpt lat="52.222965" lon="7.819435">
        <ele>179.262255</ele>
        <time>2026-06-28T04:03:02.810Z</time>
      </trkpt>
      <trkpt lat="52.222858" lon="7.819377">
        <ele>179.216434</ele>
        <time>2026-06-28T04:03:05.102Z</time>
      </trkpt>
      <trkpt lat="52.222630" lon="7.819349">
        <ele>179.123510</ele>
        <time>2026-06-28T04:03:09.275Z</time>
      </trkpt>
      <trkpt lat="52.222421" lon="7.819359">
        <ele>179.038533</ele>
        <time>2026-06-28T04:03:12.842Z</time>
      </trkpt>
      <trkpt lat="52.221727" lon="7.819605">
        <ele>178.749909</ele>
        <time>2026-06-28T04:03:21.196Z</time>
      </trkpt>
      <trkpt lat="52.221639" lon="7.819608">
        <ele>178.714137</ele>
        <time>2026-06-28T04:03:22.093Z</time>
      </trkpt>
      <trkpt lat="52.221460" lon="7.819563">
        <ele>178.640531</ele>
        <time>2026-06-28T04:03:23.910Z</time>
      </trkpt>
      <trkpt lat="52.221280" lon="7.819459">
        <ele>178.595167</ele>
        <time>2026-06-28T04:03:25.855Z</time>
      </trkpt>
      <trkpt lat="52.221120" lon="7.819296">
        <ele>178.622486</ele>
        <time>2026-06-28T04:03:27.869Z</time>
      </trkpt>
      <trkpt lat="52.220902" lon="7.818966">
        <ele>178.665551</ele>
        <time>2026-06-28T04:03:31.403Z</time>
      </trkpt>
      <trkpt lat="52.220608" lon="7.818405">
        <ele>178.731061</ele>
        <time>2026-06-28T04:03:38.593Z</time>
      </trkpt>
      <trkpt lat="52.220387" lon="7.817877">
        <ele>178.787806</ele>
        <time>2026-06-28T04:03:47.175Z</time>
      </trkpt>
      <trkpt lat="52.220172" lon="7.817349">
        <ele>178.844065</ele>
        <time>2026-06-28T04:03:56.259Z</time>
      </trkpt>
      <trkpt lat="52.220062" lon="7.817022">
        <ele>178.572616</ele>
        <time>2026-06-28T04:04:01.175Z</time>
      </trkpt>
      <trkpt lat="52.219889" lon="7.816478">
        <ele>178.073813</ele>
        <time>2026-06-28T04:04:08.349Z</time>
      </trkpt>
      <trkpt lat="52.219675" lon="7.815865">
        <ele>177.499637</ele>
        <time>2026-06-28T04:04:13.713Z</time>
      </trkpt>
      <trkpt lat="52.219568" lon="7.815613">
        <ele>177.250116</ele>
        <time>2026-06-28T04:04:15.738Z</time>
      </trkpt>
      <trkpt lat="52.219534" lon="7.815544">
        <ele>177.178054</ele>
        <time>2026-06-28T04:04:16.292Z</time>
      </trkpt>
      <trkpt lat="52.219254" lon="7.815107">
        <ele>176.663445</ele>
        <time>2026-06-28T04:04:20.218Z</time>
      </trkpt>
      <trkpt lat="52.219153" lon="7.814874">
        <ele>176.354699</ele>
        <time>2026-06-28T04:04:21.895Z</time>
      </trkpt>
      <trkpt lat="52.219072" lon="7.814510">
        <ele>175.139980</ele>
        <time>2026-06-28T04:04:24.142Z</time>
      </trkpt>
      <trkpt lat="52.218992" lon="7.814462">
        <ele>174.703598</ele>
        <time>2026-06-28T04:04:24.941Z</time>
      </trkpt>
      <trkpt lat="52.218711" lon="7.814624">
        <ele>173.177822</ele>
        <time>2026-06-28T04:04:27.682Z</time>
      </trkpt>
      <trkpt lat="52.218562" lon="7.814714">
        <ele>172.364408</ele>
        <time>2026-06-28T04:04:29.122Z</time>
      </trkpt>
      <trkpt lat="52.218531" lon="7.814520">
        <ele>171.735535</ele>
        <time>2026-06-28T04:04:30.250Z</time>
      </trkpt>
      <trkpt lat="52.218525" lon="7.814476">
        <ele>171.594143</ele>
        <time>2026-06-28T04:04:30.504Z</time>
      </trkpt>
      <trkpt lat="52.218404" lon="7.813546">
        <ele>168.611973</ele>
        <time>2026-06-28T04:04:36.098Z</time>
      </trkpt>
      <trkpt lat="52.218394" lon="7.813276">
        <ele>167.763521</ele>
        <time>2026-06-28T04:04:37.668Z</time>
      </trkpt>
      <trkpt lat="52.218470" lon="7.813137">
        <ele>167.122589</ele>
        <time>2026-06-28T04:04:38.724Z</time>
      </trkpt>
      <trkpt lat="52.218612" lon="7.813157">
        <ele>165.803694</ele>
        <time>2026-06-28T04:04:40.040Z</time>
      </trkpt>
      <trkpt lat="52.218853" lon="7.813304">
        <ele>163.422950</ele>
        <time>2026-06-28T04:04:42.396Z</time>
      </trkpt>
      <trkpt lat="52.218924" lon="7.813315">
        <ele>162.762991</ele>
        <time>2026-06-28T04:04:43.048Z</time>
      </trkpt>
      <trkpt lat="52.219019" lon="7.813220">
        <ele>161.732039</ele>
        <time>2026-06-28T04:04:44.061Z</time>
      </trkpt>
      <trkpt lat="52.219024" lon="7.813129">
        <ele>161.214073</ele>
        <time>2026-06-28T04:04:44.567Z</time>
      </trkpt>
      <trkpt lat="52.218959" lon="7.812951">
        <ele>160.039300</ele>
        <time>2026-06-28T04:04:45.693Z</time>
      </trkpt>
      <trkpt lat="52.218935" lon="7.812910">
        <ele>159.717820</ele>
        <time>2026-06-28T04:04:46.008Z</time>
      </trkpt>
      <trkpt lat="52.218738" lon="7.812591">
        <ele>157.149988</ele>
        <time>2026-06-28T04:04:48.413Z</time>
      </trkpt>
      <trkpt lat="52.218601" lon="7.812381">
        <ele>155.410865</ele>
        <time>2026-06-28T04:04:50.040Z</time>
      </trkpt>
      <trkpt lat="52.218280" lon="7.811994">
        <ele>151.718041</ele>
        <time>2026-06-28T04:04:53.397Z</time>
      </trkpt>
      <trkpt lat="52.218106" lon="7.811778">
        <ele>149.210865</ele>
        <time>2026-06-28T04:04:55.213Z</time>
      </trkpt>
      <trkpt lat="52.217935" lon="7.811531">
        <ele>145.973467</ele>
        <time>2026-06-28T04:04:57.109Z</time>
      </trkpt>
      <trkpt lat="52.217773" lon="7.811635">
        <ele>143.505404</ele>
        <time>2026-06-28T04:04:58.558Z</time>
      </trkpt>
      <trkpt lat="52.217669" lon="7.811577">
        <ele>141.947225</ele>
        <time>2026-06-28T04:04:59.464Z</time>
      </trkpt>
      <trkpt lat="52.217566" lon="7.811379">
        <ele>139.691023</ele>
        <time>2026-06-28T04:05:00.781Z</time>
      </trkpt>
      <trkpt lat="52.216925" lon="7.809984">
        <ele>124.748646</ele>
        <time>2026-06-28T04:05:09.660Z</time>
      </trkpt>
      <trkpt lat="52.216562" lon="7.809140">
        <ele>119.057744</ele>
        <time>2026-06-28T04:05:15.049Z</time>
      </trkpt>
      <trkpt lat="52.216456" lon="7.808769">
        <ele>116.798601</ele>
        <time>2026-06-28T04:05:17.230Z</time>
      </trkpt>
      <trkpt lat="52.216442" lon="7.808551">
        <ele>115.588920</ele>
        <time>2026-06-28T04:05:18.416Z</time>
      </trkpt>
      <trkpt lat="52.216521" lon="7.807599">
        <ele>110.287094</ele>
        <time>2026-06-28T04:05:23.755Z</time>
      </trkpt>
      <trkpt lat="52.216542" lon="7.807391">
        <ele>109.123713</ele>
        <time>2026-06-28T04:05:24.954Z</time>
      </trkpt>
      <trkpt lat="52.216692" lon="7.806387">
        <ele>104.915790</ele>
        <time>2026-06-28T04:05:30.836Z</time>
      </trkpt>
      <trkpt lat="52.216704" lon="7.806238">
        <ele>104.312616</ele>
        <time>2026-06-28T04:05:31.680Z</time>
      </trkpt>
      <trkpt lat="52.216703" lon="7.806090">
        <ele>103.718564</ele>
        <time>2026-06-28T04:05:32.513Z</time>
      </trkpt>
      <trkpt lat="52.216663" lon="7.805353">
        <ele>100.748941</ele>
        <time>2026-06-28T04:05:36.615Z</time>
      </trkpt>
      <trkpt lat="52.216616" lon="7.805016">
        <ele>99.361748</ele>
        <time>2026-06-28T04:05:38.507Z</time>
      </trkpt>
      <trkpt lat="52.216487" lon="7.804824">
        <ele>98.218070</ele>
        <time>2026-06-28T04:05:40.052Z</time>
      </trkpt>
      <trkpt lat="52.216147" lon="7.804620">
        <ele>96.157063</ele>
        <time>2026-06-28T04:05:43.255Z</time>
      </trkpt>
      <trkpt lat="52.216014" lon="7.804498">
        <ele>95.402171</ele>
        <time>2026-06-28T04:05:44.615Z</time>
      </trkpt>
      <trkpt lat="52.215932" lon="7.804401">
        <ele>94.901079</ele>
        <time>2026-06-28T04:05:45.520Z</time>
      </trkpt>
      <trkpt lat="52.215797" lon="7.804108">
        <ele>93.789690</ele>
        <time>2026-06-28T04:05:47.553Z</time>
      </trkpt>
      <trkpt lat="52.215755" lon="7.803955">
        <ele>93.281431</ele>
        <time>2026-06-28T04:05:48.509Z</time>
      </trkpt>
      <trkpt lat="52.215644" lon="7.803178">
        <ele>90.862707</ele>
        <time>2026-06-28T04:05:53.220Z</time>
      </trkpt>
      <trkpt lat="52.215592" lon="7.802720">
        <ele>89.450600</ele>
        <time>2026-06-28T04:05:56.123Z</time>
      </trkpt>
      <trkpt lat="52.215595" lon="7.801965">
        <ele>87.787020</ele>
        <time>2026-06-28T04:06:01.063Z</time>
      </trkpt>
      <trkpt lat="52.215618" lon="7.801333">
        <ele>87.001100</ele>
        <time>2026-06-28T04:06:05.338Z</time>
      </trkpt>
      <trkpt lat="52.215671" lon="7.800755">
        <ele>86.275606</ele>
        <time>2026-06-28T04:06:09.384Z</time>
      </trkpt>
      <trkpt lat="52.215875" lon="7.799425">
        <ele>84.575716</ele>
        <time>2026-06-28T04:06:18.503Z</time>
      </trkpt>
      <trkpt lat="52.215893" lon="7.799320">
        <ele>84.540395</ele>
        <time>2026-06-28T04:06:19.245Z</time>
      </trkpt>
      <trkpt lat="52.215947" lon="7.798902">
        <ele>84.402007</ele>
        <time>2026-06-28T04:06:22.234Z</time>
      </trkpt>
      <trkpt lat="52.215887" lon="7.798115">
        <ele>84.145093</ele>
        <time>2026-06-28T04:06:28.453Z</time>
      </trkpt>
      <trkpt lat="52.215891" lon="7.797845">
        <ele>84.057601</ele>
        <time>2026-06-28T04:06:30.835Z</time>
      </trkpt>
      <trkpt lat="52.216040" lon="7.796977">
        <ele>83.765585</ele>
        <time>2026-06-28T04:06:39.662Z</time>
      </trkpt>
      <trkpt lat="52.216190" lon="7.796461">
        <ele>83.545743</ele>
        <time>2026-06-28T04:06:45.327Z</time>
      </trkpt>
      <trkpt lat="52.216188" lon="7.796256">
        <ele>83.427778</ele>
        <time>2026-06-28T04:06:47.297Z</time>
      </trkpt>
      <trkpt lat="52.216118" lon="7.796105">
        <ele>83.318830</ele>
        <time>2026-06-28T04:06:49.038Z</time>
      </trkpt>
      <trkpt lat="52.215956" lon="7.795989">
        <ele>83.152701</ele>
        <time>2026-06-28T04:06:51.569Z</time>
      </trkpt>
      <trkpt lat="52.215866" lon="7.795997">
        <ele>83.068057</ele>
        <time>2026-06-28T04:06:52.790Z</time>
      </trkpt>
      <trkpt lat="52.215283" lon="7.796412">
        <ele>82.470760</ele>
        <time>2026-06-28T04:07:00.534Z</time>
      </trkpt>
      <trkpt lat="52.215073" lon="7.796504">
        <ele>82.266569</ele>
        <time>2026-06-28T04:07:02.924Z</time>
      </trkpt>
      <trkpt lat="52.214790" lon="7.796496">
        <ele>82.000765</ele>
        <time>2026-06-28T04:07:06.118Z</time>
      </trkpt>
      <trkpt lat="52.214243" lon="7.796341">
        <ele>81.004401</ele>
        <time>2026-06-28T04:07:12.231Z</time>
      </trkpt>
      <trkpt lat="52.214077" lon="7.796244">
        <ele>80.666701</ele>
        <time>2026-06-28T04:07:14.173Z</time>
      </trkpt>
      <trkpt lat="52.214027" lon="7.796203">
        <ele>80.559529</ele>
        <time>2026-06-28T04:07:14.780Z</time>
      </trkpt>
      <trkpt lat="52.213771" lon="7.795940">
        <ele>79.980165</ele>
        <time>2026-06-28T04:07:18.150Z</time>
      </trkpt>
      <trkpt lat="52.213514" lon="7.795740">
        <ele>79.434844</ele>
        <time>2026-06-28T04:07:21.314Z</time>
      </trkpt>
      <trkpt lat="52.212925" lon="7.795547">
        <ele>78.244713</ele>
        <time>2026-06-28T04:07:27.992Z</time>
      </trkpt>
      <trkpt lat="52.212470" lon="7.795580">
        <ele>77.206032</ele>
        <time>2026-06-28T04:07:32.850Z</time>
      </trkpt>
      <trkpt lat="52.212273" lon="7.795551">
        <ele>76.754936</ele>
        <time>2026-06-28T04:07:34.961Z</time>
      </trkpt>
      <trkpt lat="52.212149" lon="7.795496">
        <ele>76.461888</ele>
        <time>2026-06-28T04:07:36.327Z</time>
      </trkpt>
      <trkpt lat="52.211540" lon="7.795162">
        <ele>74.996699</ele>
        <time>2026-06-28T04:07:43.126Z</time>
      </trkpt>
      <trkpt lat="52.211302" lon="7.794985">
        <ele>74.400224</ele>
        <time>2026-06-28T04:07:45.932Z</time>
      </trkpt>
      <trkpt lat="52.211074" lon="7.794720">
        <ele>73.987144</ele>
        <time>2026-06-28T04:07:48.959Z</time>
      </trkpt>
      <trkpt lat="52.210860" lon="7.794405">
        <ele>73.565813</ele>
        <time>2026-06-28T04:07:52.147Z</time>
      </trkpt>
      <trkpt lat="52.210615" lon="7.794007">
        <ele>73.060413</ele>
        <time>2026-06-28T04:07:56.120Z</time>
      </trkpt>
      <trkpt lat="52.210083" lon="7.792830">
        <ele>71.755296</ele>
        <time>2026-06-28T04:08:06.972Z</time>
      </trkpt>
      <trkpt lat="52.209975" lon="7.792476">
        <ele>71.588214</ele>
        <time>2026-06-28T04:08:10.002Z</time>
      </trkpt>
      <trkpt lat="52.209767" lon="7.791624">
        <ele>71.200714</ele>
        <time>2026-06-28T04:08:17.273Z</time>
      </trkpt>
      <trkpt lat="52.209689" lon="7.791393">
        <ele>71.089276</ele>
        <time>2026-06-28T04:08:19.430Z</time>
      </trkpt>
      <trkpt lat="52.209586" lon="7.791199">
        <ele>70.980820</ele>
        <time>2026-06-28T04:08:21.574Z</time>
      </trkpt>
      <trkpt lat="52.209357" lon="7.790909">
        <ele>70.780956</ele>
        <time>2026-06-28T04:08:25.414Z</time>
      </trkpt>
      <trkpt lat="52.209286" lon="7.790833">
        <ele>70.722409</ele>
        <time>2026-06-28T04:08:26.518Z</time>
      </trkpt>
      <trkpt lat="52.209304" lon="7.790754">
        <ele>70.686797</ele>
        <time>2026-06-28T04:08:27.204Z</time>
      </trkpt>
      <trkpt lat="52.209292" lon="7.790587">
        <ele>70.615753</ele>
        <time>2026-06-28T04:08:28.545Z</time>
      </trkpt>
      <trkpt lat="52.209263" lon="7.790517">
        <ele>70.580052</ele>
        <time>2026-06-28T04:08:29.237Z</time>
      </trkpt>
      <trkpt lat="52.209172" lon="7.790438">
        <ele>70.498947</ele>
        <time>2026-06-28T04:08:30.562Z</time>
      </trkpt>
      <trkpt lat="52.209078" lon="7.790457">
        <ele>70.372494</ele>
        <time>2026-06-28T04:08:31.788Z</time>
      </trkpt>
      <trkpt lat="52.209006" lon="7.790560">
        <ele>70.244665</ele>
        <time>2026-06-28T04:08:32.984Z</time>
      </trkpt>
      <trkpt lat="52.208931" lon="7.790487">
        <ele>70.128079</ele>
        <time>2026-06-28T04:08:34.074Z</time>
      </trkpt>
      <trkpt lat="52.208802" lon="7.790320">
        <ele>69.908248</ele>
        <time>2026-06-28T04:08:36.086Z</time>
      </trkpt>
      <trkpt lat="52.208688" lon="7.790102">
        <ele>69.673789</ele>
        <time>2026-06-28T04:08:38.149Z</time>
      </trkpt>
      <trkpt lat="52.208424" lon="7.789634">
        <ele>69.153391</ele>
        <time>2026-06-28T04:08:42.616Z</time>
      </trkpt>
      <trkpt lat="52.207891" lon="7.788937">
        <ele>68.241523</ele>
        <time>2026-06-28T04:08:50.318Z</time>
      </trkpt>
      <trkpt lat="52.207683" lon="7.788737">
        <ele>67.941896</ele>
        <time>2026-06-28T04:08:53.080Z</time>
      </trkpt>
      <trkpt lat="52.207413" lon="7.788564">
        <ele>67.598740</ele>
        <time>2026-06-28T04:08:56.375Z</time>
      </trkpt>
      <trkpt lat="52.206526" lon="7.788185">
        <ele>66.514022</ele>
        <time>2026-06-28T04:09:07.312Z</time>
      </trkpt>
      <trkpt lat="52.206289" lon="7.788029">
        <ele>66.211694</ele>
        <time>2026-06-28T04:09:10.616Z</time>
      </trkpt>
      <trkpt lat="52.205894" lon="7.787697">
        <ele>65.727811</ele>
        <time>2026-06-28T04:09:16.238Z</time>
      </trkpt>
      <trkpt lat="52.205290" lon="7.787160">
        <ele>65.025666</ele>
        <time>2026-06-28T04:09:24.761Z</time>
      </trkpt>
      <trkpt lat="52.205047" lon="7.786996">
        <ele>64.757231</ele>
        <time>2026-06-28T04:09:27.990Z</time>
      </trkpt>
      <trkpt lat="52.202001" lon="7.785495">
        <ele>61.142820</ele>
        <time>2026-06-28T04:10:05.619Z</time>
      </trkpt>
      <trkpt lat="52.201079" lon="7.785120">
        <ele>60.237748</ele>
        <time>2026-06-28T04:10:17.436Z</time>
      </trkpt>
      <trkpt lat="52.198942" lon="7.784519">
        <ele>59.428847</ele>
        <time>2026-06-28T04:10:47.354Z</time>
      </trkpt>
      <trkpt lat="52.198394" lon="7.784147">
        <ele>59.263999</ele>
        <time>2026-06-28T04:10:55.730Z</time>
      </trkpt>
      <trkpt lat="52.197882" lon="7.783669">
        <ele>59.100162</ele>
        <time>2026-06-28T04:11:03.858Z</time>
      </trkpt>
      <trkpt lat="52.197435" lon="7.783144">
        <ele>58.972470</ele>
        <time>2026-06-28T04:11:11.317Z</time>
      </trkpt>
      <trkpt lat="52.196282" lon="7.781247">
        <ele>58.671261</ele>
        <time>2026-06-28T04:11:34.777Z</time>
      </trkpt>
      <trkpt lat="52.195823" lon="7.780747">
        <ele>58.498460</ele>
        <time>2026-06-28T04:11:42.722Z</time>
      </trkpt>
      <trkpt lat="52.195448" lon="7.780424">
        <ele>58.365691</ele>
        <time>2026-06-28T04:11:48.515Z</time>
      </trkpt>
      <trkpt lat="52.194925" lon="7.780076">
        <ele>58.188847</ele>
        <time>2026-06-28T04:11:56.156Z</time>
      </trkpt>
      <trkpt lat="52.194512" lon="7.779756">
        <ele>58.078706</ele>
        <time>2026-06-28T04:12:02.271Z</time>
      </trkpt>
      <trkpt lat="52.194137" lon="7.779369">
        <ele>57.990625</ele>
        <time>2026-06-28T04:12:08.090Z</time>
      </trkpt>
      <trkpt lat="52.193820" lon="7.778971">
        <ele>57.911222</ele>
        <time>2026-06-28T04:12:13.506Z</time>
      </trkpt>
      <trkpt lat="52.193205" lon="7.778111">
        <ele>57.847921</ele>
        <time>2026-06-28T04:12:25.829Z</time>
      </trkpt>
      <trkpt lat="52.192189" lon="7.776687">
        <ele>58.493986</ele>
        <time>2026-06-28T04:12:49.093Z</time>
      </trkpt>
      <trkpt lat="52.191370" lon="7.775512">
        <ele>58.526430</ele>
        <time>2026-06-28T04:13:06.794Z</time>
      </trkpt>
      <trkpt lat="52.190645" lon="7.774487">
        <ele>58.377892</ele>
        <time>2026-06-28T04:13:19.649Z</time>
      </trkpt>
      <trkpt lat="52.189953" lon="7.773377">
        <ele>58.035070</ele>
        <time>2026-06-28T04:13:31.839Z</time>
      </trkpt>
      <trkpt lat="52.189367" lon="7.772224">
        <ele>57.705084</ele>
        <time>2026-06-28T04:13:45.040Z</time>
      </trkpt>
      <trkpt lat="52.188897" lon="7.771209">
        <ele>57.641910</ele>
        <time>2026-06-28T04:13:57.851Z</time>
      </trkpt>
      <trkpt lat="52.188622" lon="7.770616">
        <ele>57.604982</ele>
        <time>2026-06-28T04:14:05.012Z</time>
      </trkpt>
      <trkpt lat="52.187576" lon="7.768363">
        <ele>57.065838</ele>
        <time>2026-06-28T04:14:27.001Z</time>
      </trkpt>
      <trkpt lat="52.187130" lon="7.767522">
        <ele>56.822002</ele>
        <time>2026-06-28T04:14:37.003Z</time>
      </trkpt>
      <trkpt lat="52.186856" lon="7.767094">
        <ele>56.853097</ele>
        <time>2026-06-28T04:14:43.230Z</time>
      </trkpt>
      <trkpt lat="52.186369" lon="7.766523">
        <ele>56.902257</ele>
        <time>2026-06-28T04:14:53.376Z</time>
      </trkpt>
      <trkpt lat="52.185849" lon="7.766043">
        <ele>56.951231</ele>
        <time>2026-06-28T04:15:02.422Z</time>
      </trkpt>
      <trkpt lat="52.185009" lon="7.765483">
        <ele>56.397651</ele>
        <time>2026-06-28T04:15:13.849Z</time>
      </trkpt>
      <trkpt lat="52.184894" lon="7.765408">
        <ele>56.305965</ele>
        <time>2026-06-28T04:15:15.352Z</time>
      </trkpt>
      <trkpt lat="52.184904" lon="7.765297">
        <ele>56.255043</ele>
        <time>2026-06-28T04:15:16.189Z</time>
      </trkpt>
      <trkpt lat="52.184320" lon="7.761939">
        <ele>54.989258</ele>
        <time>2026-06-28T04:15:43.249Z</time>
      </trkpt>
      <trkpt lat="52.183459" lon="7.757124">
        <ele>55.092492</ele>
        <time>2026-06-28T04:16:31.025Z</time>
      </trkpt>
      <trkpt lat="52.183423" lon="7.756920">
        <ele>55.099987</ele>
        <time>2026-06-28T04:16:33.053Z</time>
      </trkpt>
      <trkpt lat="52.182394" lon="7.751168">
        <ele>54.963906</ele>
        <time>2026-06-28T04:17:26.850Z</time>
      </trkpt>
      <trkpt lat="52.181583" lon="7.746528">
        <ele>54.557904</ele>
        <time>2026-06-28T04:18:09.048Z</time>
      </trkpt>
      <trkpt lat="52.181277" lon="7.744787">
        <ele>54.334125</ele>
        <time>2026-06-28T04:18:24.195Z</time>
      </trkpt>
      <trkpt lat="52.181240" lon="7.744450">
        <ele>54.291824</ele>
        <time>2026-06-28T04:18:27.221Z</time>
      </trkpt>
      <trkpt lat="52.181232" lon="7.743966">
        <ele>54.309115</ele>
        <time>2026-06-28T04:18:31.624Z</time>
      </trkpt>
      <trkpt lat="52.181258" lon="7.743690">
        <ele>54.356024</ele>
        <time>2026-06-28T04:18:34.314Z</time>
      </trkpt>
      <trkpt lat="52.181880" lon="7.738647">
        <ele>54.976459</ele>
        <time>2026-06-28T04:19:25.890Z</time>
      </trkpt>
      <trkpt lat="52.182265" lon="7.735345">
        <ele>53.068923</ele>
        <time>2026-06-28T04:19:50.450Z</time>
      </trkpt>
      <trkpt lat="52.182326" lon="7.734375">
        <ele>52.769861</ele>
        <time>2026-06-28T04:19:57.840Z</time>
      </trkpt>
      <trkpt lat="52.182340" lon="7.733177">
        <ele>52.402365</ele>
        <time>2026-06-28T04:20:07.592Z</time>
      </trkpt>
      <trkpt lat="52.182406" lon="7.730078">
        <ele>52.910646</ele>
        <time>2026-06-28T04:20:39.070Z</time>
      </trkpt>
      <trkpt lat="52.182407" lon="7.729994">
        <ele>52.932227</ele>
        <time>2026-06-28T04:20:39.964Z</time>
      </trkpt>
      <trkpt lat="52.182420" lon="7.728445">
        <ele>53.051015</ele>
        <time>2026-06-28T04:20:55.902Z</time>
      </trkpt>
      <trkpt lat="52.182180" lon="7.723224">
        <ele>52.521573</ele>
        <time>2026-06-28T04:21:40.463Z</time>
      </trkpt>
      <trkpt lat="52.182161" lon="7.723057">
        <ele>52.499375</ele>
        <time>2026-06-28T04:21:41.895Z</time>
      </trkpt>
      <trkpt lat="52.182079" lon="7.722796">
        <ele>52.461047</ele>
        <time>2026-06-28T04:21:44.402Z</time>
      </trkpt>
      <trkpt lat="52.181977" lon="7.722536">
        <ele>52.420707</ele>
        <time>2026-06-28T04:21:47.032Z</time>
      </trkpt>
      <trkpt lat="52.180467" lon="7.719040">
        <ele>52.013900</ele>
        <time>2026-06-28T04:22:24.409Z</time>
      </trkpt>
      <trkpt lat="52.179294" lon="7.715527">
        <ele>52.316143</ele>
        <time>2026-06-28T04:23:02.914Z</time>
      </trkpt>
      <trkpt lat="52.179214" lon="7.715228">
        <ele>52.301768</ele>
        <time>2026-06-28T04:23:05.972Z</time>
      </trkpt>
      <trkpt lat="52.179144" lon="7.714831">
        <ele>52.283565</ele>
        <time>2026-06-28T04:23:09.814Z</time>
      </trkpt>
      <trkpt lat="52.178949" lon="7.713439">
        <ele>52.179054</ele>
        <time>2026-06-28T04:23:21.833Z</time>
      </trkpt>
      <trkpt lat="52.178899" lon="7.713106">
        <ele>52.062046</ele>
        <time>2026-06-28T04:23:24.668Z</time>
      </trkpt>
      <trkpt lat="52.178869" lon="7.712900">
        <ele>51.989785</ele>
        <time>2026-06-28T04:23:26.403Z</time>
      </trkpt>
      <trkpt lat="52.178782" lon="7.712321">
        <ele>51.786330</ele>
        <time>2026-06-28T04:23:31.195Z</time>
      </trkpt>
      <trkpt lat="52.178646" lon="7.711399">
        <ele>51.462681</ele>
        <time>2026-06-28T04:23:38.608Z</time>
      </trkpt>
      <trkpt lat="52.178312" lon="7.709207">
        <ele>50.783773</ele>
        <time>2026-06-28T04:23:56.521Z</time>
      </trkpt>
      <trkpt lat="52.177818" lon="7.705939">
        <ele>50.226271</ele>
        <time>2026-06-28T04:24:25.330Z</time>
      </trkpt>
      <trkpt lat="52.177449" lon="7.703494">
        <ele>50.041996</ele>
        <time>2026-06-28T04:24:48.644Z</time>
      </trkpt>
      <trkpt lat="52.177353" lon="7.702348">
        <ele>49.965796</ele>
        <time>2026-06-28T04:24:58.637Z</time>
      </trkpt>
      <trkpt lat="52.177228" lon="7.701493">
        <ele>49.891344</ele>
        <time>2026-06-28T04:25:05.873Z</time>
      </trkpt>
      <trkpt lat="52.177059" lon="7.700579">
        <ele>49.805369</ele>
        <time>2026-06-28T04:25:14.110Z</time>
      </trkpt>
      <trkpt lat="52.176897" lon="7.699776">
        <ele>49.729239</ele>
        <time>2026-06-28T04:25:21.280Z</time>
      </trkpt>
      <trkpt lat="52.176783" lon="7.699192">
        <ele>49.708609</ele>
        <time>2026-06-28T04:25:26.884Z</time>
      </trkpt>
      <trkpt lat="52.176030" lon="7.699389">
        <ele>49.858589</ele>
        <time>2026-06-28T04:25:40.022Z</time>
      </trkpt>
      <trkpt lat="52.175076" lon="7.699748">
        <ele>50.033023</ele>
        <time>2026-06-28T04:25:54.846Z</time>
      </trkpt>
      <trkpt lat="52.174526" lon="7.699953">
        <ele>49.910031</ele>
        <time>2026-06-28T04:26:03.038Z</time>
      </trkpt>
      <trkpt lat="52.174379" lon="7.699901">
        <ele>49.877239</ele>
        <time>2026-06-28T04:26:05.155Z</time>
      </trkpt>
      <trkpt lat="52.174312" lon="7.699816">
        <ele>49.858733</ele>
        <time>2026-06-28T04:26:06.337Z</time>
      </trkpt>
      <trkpt lat="52.173338" lon="7.697639">
        <ele>49.456869</ele>
        <time>2026-06-28T04:26:28.810Z</time>
      </trkpt>
      <trkpt lat="52.173233" lon="7.697442">
        <ele>49.412424</ele>
        <time>2026-06-28T04:26:31.015Z</time>
      </trkpt>
      <trkpt lat="52.173108" lon="7.697277">
        <ele>49.367769</ele>
        <time>2026-06-28T04:26:33.236Z</time>
      </trkpt>
      <trkpt lat="52.169730" lon="7.694871">
        <ele>48.638965</ele>
        <time>2026-06-28T04:27:25.246Z</time>
      </trkpt>
      <trkpt lat="52.166055" lon="7.692283">
        <ele>48.278172</ele>
        <time>2026-06-28T04:28:23.221Z</time>
      </trkpt>
      <trkpt lat="52.164060" lon="7.690883">
        <ele>48.568951</ele>
        <time>2026-06-28T04:28:56.717Z</time>
      </trkpt>
      <trkpt lat="52.163756" lon="7.690811">
        <ele>48.700005</ele>
        <time>2026-06-28T04:29:01.642Z</time>
      </trkpt>
      <trkpt lat="52.159636" lon="7.690001">
        <ele>50.337707</ele>
        <time>2026-06-28T04:30:32.976Z</time>
      </trkpt>
      <trkpt lat="52.156925" lon="7.687485">
        <ele>50.497655</ele>
        <time>2026-06-28T04:31:37.361Z</time>
      </trkpt>
      <trkpt lat="52.156475" lon="7.687351">
        <ele>50.273807</ele>
        <time>2026-06-28T04:31:45.876Z</time>
      </trkpt>
      <trkpt lat="52.153928" lon="7.687248">
        <ele>48.701999</ele>
        <time>2026-06-28T04:32:30.955Z</time>
      </trkpt>
      <trkpt lat="52.152410" lon="7.686533">
        <ele>48.981841</ele>
        <time>2026-06-28T04:32:55.678Z</time>
      </trkpt>
      <trkpt lat="52.152390" lon="7.686521">
        <ele>48.987156</ele>
        <time>2026-06-28T04:32:56.042Z</time>
      </trkpt>
      <trkpt lat="52.152047" lon="7.684979">
        <ele>49.066864</ele>
        <time>2026-06-28T04:33:13.882Z</time>
      </trkpt>
      <trkpt lat="52.152026" lon="7.684781">
        <ele>49.066864</ele>
        <time>2026-06-28T04:33:16.051Z</time>
      </trkpt>
      <trkpt lat="52.152075" lon="7.684602">
        <ele>49.066864</ele>
        <time>2026-06-28T04:33:18.152Z</time>
      </trkpt>
      <trkpt lat="52.151986" lon="7.684109">
        <ele>49.066864</ele>
        <time>2026-06-28T04:33:23.561Z</time>
      </trkpt>
      <trkpt lat="52.151890" lon="7.683740">
        <ele>49.066864</ele>
        <time>2026-06-28T04:33:27.684Z</time>
      </trkpt>
      <trkpt lat="52.151815" lon="7.683594">
        <ele>49.066864</ele>
        <time>2026-06-28T04:33:29.605Z</time>
      </trkpt>
    </trkseg>
  </trk>
</gpx>