<?xml version='1.0' encoding='UTF-8'?>
<gpx version="1.1" creator="https://www.komoot.de" xmlns="http://www.topografix.com/GPX/1/1" xmlns:xsi="http://www.w3.org/2001/XMLSchema-instance" xsi:schemaLocation="http://www.topografix.com/GPX/1/1 http://www.topografix.com/GPX/1/1/gpx.xsd">
  <metadata>
    <name>Rynkeby 2026 day4 Roermond-Dinant Arttu edition v2</name>
    <author>
      <link href="https://www.komoot.de">
        <text>komoot</text>
        <type>text/html</type>
      </link>
    </author>
  </metadata>
  <wpt lat="51.201111" lon="5.976468">
    <name>Taka-auto liittyy</name>
    <desc>Taka-auto pääsee liittymään vasta tässä</desc>
    <sym>Flag, Blue</sym>
  </wpt>
  <wpt lat="51.158678" lon="5.833865">
    <name>Belgian raja</name>
    <desc>Saa ajella vapaammin ajoradalla</desc>
    <sym>Flag, Blue</sym>
  </wpt>
  <wpt lat="51.158028" lon="5.832014">
    <name>Biotauko</name>
    <desc>Soratie tien oikea</desc>
    <sym>Picnic Area</sym>
  </wpt>
  <wpt lat="51.038694" lon="5.721293">
    <name>Taka-auto eroaa</name>
    <sym>Flag, Blue</sym>
  </wpt>
  <wpt lat="51.024233" lon="5.720907">
    <name>Tien ylitys</name>
    <desc>Tien ylitys suojatietä pitkin, taluttaen</desc>
    <sym>Skull and Crossbones</sym>
  </wpt>
  <wpt lat="51.016335" lon="5.720465">
    <name>Taka-auto liittyy</name>
    <sym>Flag, Blue</sym>
  </wpt>
  <wpt lat="50.955587" lon="5.686647">
    <name>Välihuolto</name>
    <desc>Nurtsialue. Käännytään oikealle reitiltä. Kehnosti biomahdollisuuksia</desc>
    <sym>Restaurant</sym>
  </wpt>
  <wpt lat="50.950869" lon="5.662315">
    <name>Varabio</name>
    <desc>Taka-autolle paikka vain urheilukentän liittymässä hieman edempänä. Tien toisella puolella lisää metsää</desc>
    <sym>Picnic Area</sym>
  </wpt>
  <wpt lat="50.893531" lon="5.572459">
    <name>Välihuolto</name>
    <desc>Albertin kanaali. Vuoden 2025 paikka</desc>
    <sym>Restaurant</sym>
  </wpt>
  <wpt lat="50.797128" lon="5.486880">
    <name>Biotauko</name>
    <desc>Metsikkö tien oikea</desc>
    <sym>Picnic Area</sym>
  </wpt>
  <wpt lat="50.647841" lon="5.319625">
    <name>Lounas</name>
    <desc>Leikkipuisto. Sama kuin 2025</desc>
    <sym>Restaurant</sym>
  </wpt>
  <wpt lat="50.558935" lon="5.226700">
    <name>Biopaikka</name>
    <desc>Metsätie tien oikea</desc>
    <sym>Picnic Area</sym>
  </wpt>
  <wpt lat="50.483774" lon="5.019698">
    <name>Välihuolto</name>
    <desc>Maasin rannassa oikealla</desc>
    <sym>Restaurant</sym>
  </wpt>
  <wpt lat="50.390392" lon="4.881602">
    <name>Biotauko</name>
    <desc>Bussipysäkki tien oikealla</desc>
    <sym>Picnic Area</sym>
  </wpt>
  <trk>
    <name>Rynkeby 2026 day4 Roermond-Dinant Arttu edition v2</name>
    <type>racebike</type>
    <trkseg>
      <trkpt lat="51.192626" lon="5.993294">
        <ele>27.665772</ele>
        <time>2026-06-28T21:23:52.483Z</time>
      </trkpt>
      <trkpt lat="51.192664" lon="5.993085">
        <ele>27.665772</ele>
        <time>2026-06-28T21:23:55.303Z</time>
      </trkpt>
      <trkpt lat="51.192686" lon="5.992965">
        <ele>27.665772</ele>
        <time>2026-06-28T21:23:56.905Z</time>
      </trkpt>
      <trkpt lat="51.193079" lon="5.993124">
        <ele>27.665772</ele>
        <time>2026-06-28T21:24:05.497Z</time>
      </trkpt>
      <trkpt lat="51.193887" lon="5.993465">
        <ele>27.999542</ele>
        <time>2026-06-28T21:24:24.933Z</time>
      </trkpt>
      <trkpt lat="51.194153" lon="5.993576">
        <ele>28.164405</ele>
        <time>2026-06-28T21:24:31.635Z</time>
      </trkpt>
      <trkpt lat="51.194750" lon="5.993814">
        <ele>28.533381</ele>
        <time>2026-06-28T21:24:45.957Z</time>
      </trkpt>
      <trkpt lat="51.195001" lon="5.993877">
        <ele>28.685736</ele>
        <time>2026-06-28T21:24:51.535Z</time>
      </trkpt>
      <trkpt lat="51.195709" lon="5.993968">
        <ele>28.574144</ele>
        <time>2026-06-28T21:25:05.748Z</time>
      </trkpt>
      <trkpt lat="51.196326" lon="5.993928">
        <ele>28.402667</ele>
        <time>2026-06-28T21:25:16.969Z</time>
      </trkpt>
      <trkpt lat="51.196338" lon="5.993801">
        <ele>28.380317</ele>
        <time>2026-06-28T21:25:18.007Z</time>
      </trkpt>
      <trkpt lat="51.196353" lon="5.993647">
        <ele>28.353196</ele>
        <time>2026-06-28T21:25:19.276Z</time>
      </trkpt>
      <trkpt lat="51.196334" lon="5.993500">
        <ele>28.327077</ele>
        <time>2026-06-28T21:25:20.509Z</time>
      </trkpt>
      <trkpt lat="51.196292" lon="5.993160">
        <ele>28.266773</ele>
        <time>2026-06-28T21:25:23.451Z</time>
      </trkpt>
      <trkpt lat="51.196309" lon="5.993043">
        <ele>28.245873</ele>
        <time>2026-06-28T21:25:24.488Z</time>
      </trkpt>
      <trkpt lat="51.196352" lon="5.992974">
        <ele>28.236488</ele>
        <time>2026-06-28T21:25:25.349Z</time>
      </trkpt>
      <trkpt lat="51.196747" lon="5.992716">
        <ele>28.174349</ele>
        <time>2026-06-28T21:25:31.442Z</time>
      </trkpt>
      <trkpt lat="51.196827" lon="5.992621">
        <ele>28.159830</ele>
        <time>2026-06-28T21:25:33.464Z</time>
      </trkpt>
      <trkpt lat="51.197155" lon="5.991929">
        <ele>28.080670</ele>
        <time>2026-06-28T21:25:44.020Z</time>
      </trkpt>
      <trkpt lat="51.197495" lon="5.991120">
        <ele>27.991800</ele>
        <time>2026-06-28T21:25:56.215Z</time>
      </trkpt>
      <trkpt lat="51.197700" lon="5.990647">
        <ele>27.956871</ele>
        <time>2026-06-28T21:26:03.569Z</time>
      </trkpt>
      <trkpt lat="51.196942" lon="5.988815">
        <ele>27.837137</ele>
        <time>2026-06-28T21:26:31.867Z</time>
      </trkpt>
      <trkpt lat="51.196757" lon="5.988144">
        <ele>27.476388</ele>
        <time>2026-06-28T21:26:40.095Z</time>
      </trkpt>
      <trkpt lat="51.196979" lon="5.987727">
        <ele>27.119156</ele>
        <time>2026-06-28T21:26:45.972Z</time>
      </trkpt>
      <trkpt lat="51.197334" lon="5.987059">
        <ele>26.547324</ele>
        <time>2026-06-28T21:26:55.077Z</time>
      </trkpt>
      <trkpt lat="51.197387" lon="5.986917">
        <ele>26.439418</ele>
        <time>2026-06-28T21:26:56.766Z</time>
      </trkpt>
      <trkpt lat="51.197482" lon="5.986764">
        <ele>26.298798</ele>
        <time>2026-06-28T21:26:58.936Z</time>
      </trkpt>
      <trkpt lat="51.197380" lon="5.985932">
        <ele>25.731695</ele>
        <time>2026-06-28T21:27:08.154Z</time>
      </trkpt>
      <trkpt lat="51.197331" lon="5.985205">
        <ele>25.222934</ele>
        <time>2026-06-28T21:27:16.253Z</time>
      </trkpt>
      <trkpt lat="51.197304" lon="5.985029">
        <ele>25.096858</ele>
        <time>2026-06-28T21:27:18.288Z</time>
      </trkpt>
      <trkpt lat="51.197226" lon="5.984975">
        <ele>25.002451</ele>
        <time>2026-06-28T21:27:19.806Z</time>
      </trkpt>
      <trkpt lat="51.197140" lon="5.985068">
        <ele>24.887100</ele>
        <time>2026-06-28T21:27:21.628Z</time>
      </trkpt>
      <trkpt lat="51.197137" lon="5.985213">
        <ele>24.786154</ele>
        <time>2026-06-28T21:27:23.220Z</time>
      </trkpt>
      <trkpt lat="51.197180" lon="5.985335">
        <ele>24.688761</ele>
        <time>2026-06-28T21:27:24.717Z</time>
      </trkpt>
      <trkpt lat="51.197219" lon="5.985361">
        <ele>24.641830</ele>
        <time>2026-06-28T21:27:25.436Z</time>
      </trkpt>
      <trkpt lat="51.197306" lon="5.985351">
        <ele>24.544978</ele>
        <time>2026-06-28T21:27:26.871Z</time>
      </trkpt>
      <trkpt lat="51.197746" lon="5.985165">
        <ele>24.039570</ele>
        <time>2026-06-28T21:27:34.369Z</time>
      </trkpt>
      <trkpt lat="51.197862" lon="5.984970">
        <ele>23.874047</ele>
        <time>2026-06-28T21:27:37.257Z</time>
      </trkpt>
      <trkpt lat="51.197888" lon="5.984869">
        <ele>23.813998</ele>
        <time>2026-06-28T21:27:38.452Z</time>
      </trkpt>
      <trkpt lat="51.197922" lon="5.984745">
        <ele>23.739562</ele>
        <time>2026-06-28T21:27:39.908Z</time>
      </trkpt>
      <trkpt lat="51.197967" lon="5.984710">
        <ele>23.695628</ele>
        <time>2026-06-28T21:27:40.774Z</time>
      </trkpt>
      <trkpt lat="51.198188" lon="5.984598">
        <ele>23.492128</ele>
        <time>2026-06-28T21:27:44.586Z</time>
      </trkpt>
      <trkpt lat="51.198369" lon="5.984574">
        <ele>23.332731</ele>
        <time>2026-06-28T21:27:47.796Z</time>
      </trkpt>
      <trkpt lat="51.198321" lon="5.984421">
        <ele>23.238633</ele>
        <time>2026-06-28T21:27:49.142Z</time>
      </trkpt>
      <trkpt lat="51.198274" lon="5.984297">
        <ele>23.158936</ele>
        <time>2026-06-28T21:27:50.328Z</time>
      </trkpt>
      <trkpt lat="51.198229" lon="5.984179">
        <ele>23.082970</ele>
        <time>2026-06-28T21:27:51.452Z</time>
      </trkpt>
      <trkpt lat="51.198141" lon="5.984218">
        <ele>23.002816</ele>
        <time>2026-06-28T21:27:52.683Z</time>
      </trkpt>
      <trkpt lat="51.198060" lon="5.984182">
        <ele>22.929023</ele>
        <time>2026-06-28T21:27:53.797Z</time>
      </trkpt>
      <trkpt lat="51.197993" lon="5.984054">
        <ele>22.837303</ele>
        <time>2026-06-28T21:27:55.136Z</time>
      </trkpt>
      <trkpt lat="51.197980" lon="5.983952">
        <ele>22.780060</ele>
        <time>2026-06-28T21:27:55.961Z</time>
      </trkpt>
      <trkpt lat="51.198078" lon="5.983565">
        <ele>22.550509</ele>
        <time>2026-06-28T21:27:59.195Z</time>
      </trkpt>
      <trkpt lat="51.198106" lon="5.983347">
        <ele>22.428129</ele>
        <time>2026-06-28T21:28:01.018Z</time>
      </trkpt>
      <trkpt lat="51.198108" lon="5.983191">
        <ele>22.347324</ele>
        <time>2026-06-28T21:28:02.288Z</time>
      </trkpt>
      <trkpt lat="51.198037" lon="5.982636">
        <ele>22.081020</ele>
        <time>2026-06-28T21:28:07.090Z</time>
      </trkpt>
      <trkpt lat="51.198015" lon="5.982344">
        <ele>21.942753</ele>
        <time>2026-06-28T21:28:09.437Z</time>
      </trkpt>
      <trkpt lat="51.198048" lon="5.982044">
        <ele>21.799557</ele>
        <time>2026-06-28T21:28:11.740Z</time>
      </trkpt>
      <trkpt lat="51.198930" lon="5.978032">
        <ele>20.158918</ele>
        <time>2026-06-28T21:28:45.445Z</time>
      </trkpt>
      <trkpt lat="51.199125" lon="5.977293">
        <ele>20.137276</ele>
        <time>2026-06-28T21:28:53.954Z</time>
      </trkpt>
      <trkpt lat="51.199291" lon="5.976767">
        <ele>20.208376</ele>
        <time>2026-06-28T21:29:00.280Z</time>
      </trkpt>
      <trkpt lat="51.199406" lon="5.976574">
        <ele>20.240529</ele>
        <time>2026-06-28T21:29:03.126Z</time>
      </trkpt>
      <trkpt lat="51.199582" lon="5.976375">
        <ele>20.282086</ele>
        <time>2026-06-28T21:29:06.835Z</time>
      </trkpt>
      <trkpt lat="51.199677" lon="5.976326">
        <ele>20.301321</ele>
        <time>2026-06-28T21:29:08.456Z</time>
      </trkpt>
      <trkpt lat="51.199764" lon="5.976372">
        <ele>20.318978</ele>
        <time>2026-06-28T21:29:09.900Z</time>
      </trkpt>
      <trkpt lat="51.199754" lon="5.976458">
        <ele>20.329538</ele>
        <time>2026-06-28T21:29:10.729Z</time>
      </trkpt>
      <trkpt lat="51.199774" lon="5.976578">
        <ele>20.344528</ele>
        <time>2026-06-28T21:29:11.882Z</time>
      </trkpt>
      <trkpt lat="51.199936" lon="5.976479">
        <ele>20.377950</ele>
        <time>2026-06-28T21:29:14.372Z</time>
      </trkpt>
      <trkpt lat="51.200137" lon="5.976420">
        <ele>20.417325</ele>
        <time>2026-06-28T21:29:17.204Z</time>
      </trkpt>
      <trkpt lat="51.200743" lon="5.976481">
        <ele>20.180886</ele>
        <time>2026-06-28T21:29:25.631Z</time>
      </trkpt>
      <trkpt lat="51.200986" lon="5.976460">
        <ele>20.084650</ele>
        <time>2026-06-28T21:29:29.065Z</time>
      </trkpt>
      <trkpt lat="51.201111" lon="5.976468">
        <ele>20.035179</ele>
        <time>2026-06-28T21:29:30.773Z</time>
      </trkpt>
      <trkpt lat="51.201162" lon="5.976471">
        <ele>20.014997</ele>
        <time>2026-06-28T21:29:31.477Z</time>
      </trkpt>
      <trkpt lat="51.201273" lon="5.976515">
        <ele>19.969768</ele>
        <time>2026-06-28T21:29:33.008Z</time>
      </trkpt>
      <trkpt lat="51.201785" lon="5.976530">
        <ele>19.767262</ele>
        <time>2026-06-28T21:29:39.754Z</time>
      </trkpt>
      <trkpt lat="51.202090" lon="5.976590">
        <ele>19.572822</ele>
        <time>2026-06-28T21:29:43.710Z</time>
      </trkpt>
      <trkpt lat="51.202453" lon="5.976780">
        <ele>19.242685</ele>
        <time>2026-06-28T21:29:48.441Z</time>
      </trkpt>
      <trkpt lat="51.203833" lon="5.977998">
        <ele>18.019708</ele>
        <time>2026-06-28T21:30:07.869Z</time>
      </trkpt>
      <trkpt lat="51.203938" lon="5.978039">
        <ele>17.974130</ele>
        <time>2026-06-28T21:30:09.285Z</time>
      </trkpt>
      <trkpt lat="51.203994" lon="5.978002">
        <ele>17.948575</ele>
        <time>2026-06-28T21:30:10.094Z</time>
      </trkpt>
      <trkpt lat="51.204211" lon="5.977510">
        <ele>17.789626</ele>
        <time>2026-06-28T21:30:15.161Z</time>
      </trkpt>
      <trkpt lat="51.204316" lon="5.977338">
        <ele>17.726186</ele>
        <time>2026-06-28T21:30:17.231Z</time>
      </trkpt>
      <trkpt lat="51.204397" lon="5.977248">
        <ele>17.684573</ele>
        <time>2026-06-28T21:30:18.604Z</time>
      </trkpt>
      <trkpt lat="51.205267" lon="5.975642">
        <ele>17.254548</ele>
        <time>2026-06-28T21:30:37.437Z</time>
      </trkpt>
      <trkpt lat="51.205845" lon="5.975025">
        <ele>17.103001</ele>
        <time>2026-06-28T21:30:47.169Z</time>
      </trkpt>
      <trkpt lat="51.206017" lon="5.974462">
        <ele>17.017473</ele>
        <time>2026-06-28T21:30:52.630Z</time>
      </trkpt>
      <trkpt lat="51.206166" lon="5.974237">
        <ele>17.007309</ele>
        <time>2026-06-28T21:30:55.477Z</time>
      </trkpt>
      <trkpt lat="51.206263" lon="5.974159">
        <ele>17.011113</ele>
        <time>2026-06-28T21:30:56.986Z</time>
      </trkpt>
      <trkpt lat="51.207493" lon="5.973545">
        <ele>17.056246</ele>
        <time>2026-06-28T21:31:15.974Z</time>
      </trkpt>
      <trkpt lat="51.208058" lon="5.973259">
        <ele>17.031850</ele>
        <time>2026-06-28T21:31:25.881Z</time>
      </trkpt>
      <trkpt lat="51.208414" lon="5.972987">
        <ele>16.991337</ele>
        <time>2026-06-28T21:31:32.234Z</time>
      </trkpt>
      <trkpt lat="51.208458" lon="5.972973">
        <ele>16.986732</ele>
        <time>2026-06-28T21:31:32.970Z</time>
      </trkpt>
      <trkpt lat="51.208495" lon="5.973007">
        <ele>16.982350</ele>
        <time>2026-06-28T21:31:33.602Z</time>
      </trkpt>
      <trkpt lat="51.208565" lon="5.973148">
        <ele>16.970781</ele>
        <time>2026-06-28T21:31:35.420Z</time>
      </trkpt>
      <trkpt lat="51.208611" lon="5.973070">
        <ele>16.963892</ele>
        <time>2026-06-28T21:31:36.776Z</time>
      </trkpt>
      <trkpt lat="51.209401" lon="5.971565">
        <ele>16.713376</ele>
        <time>2026-06-28T21:31:53.092Z</time>
      </trkpt>
      <trkpt lat="51.209450" lon="5.971387">
        <ele>16.664965</ele>
        <time>2026-06-28T21:31:54.574Z</time>
      </trkpt>
      <trkpt lat="51.209434" lon="5.971257">
        <ele>16.631978</ele>
        <time>2026-06-28T21:31:55.606Z</time>
      </trkpt>
      <trkpt lat="51.209155" lon="5.970697">
        <ele>16.453824</ele>
        <time>2026-06-28T21:32:01.245Z</time>
      </trkpt>
      <trkpt lat="51.209026" lon="5.970288">
        <ele>16.339807</ele>
        <time>2026-06-28T21:32:05.084Z</time>
      </trkpt>
      <trkpt lat="51.208949" lon="5.969862">
        <ele>16.229409</ele>
        <time>2026-06-28T21:32:09.034Z</time>
      </trkpt>
      <trkpt lat="51.208932" lon="5.969397">
        <ele>16.225621</ele>
        <time>2026-06-28T21:32:13.626Z</time>
      </trkpt>
      <trkpt lat="51.208938" lon="5.969307">
        <ele>16.251159</ele>
        <time>2026-06-28T21:32:14.551Z</time>
      </trkpt>
      <trkpt lat="51.208958" lon="5.968993">
        <ele>16.340214</ele>
        <time>2026-06-28T21:32:17.872Z</time>
      </trkpt>
      <trkpt lat="51.209078" lon="5.968416">
        <ele>16.511756</ele>
        <time>2026-06-28T21:32:24.531Z</time>
      </trkpt>
      <trkpt lat="51.209246" lon="5.967953">
        <ele>16.662725</ele>
        <time>2026-06-28T21:32:30.517Z</time>
      </trkpt>
      <trkpt lat="51.209246" lon="5.967773">
        <ele>16.713514</ele>
        <time>2026-06-28T21:32:32.531Z</time>
      </trkpt>
      <trkpt lat="51.209175" lon="5.967564">
        <ele>16.780597</ele>
        <time>2026-06-28T21:32:35.166Z</time>
      </trkpt>
      <trkpt lat="51.207760" lon="5.965272">
        <ele>17.438911</ele>
        <time>2026-06-28T21:33:07.315Z</time>
      </trkpt>
      <trkpt lat="51.207062" lon="5.964059">
        <ele>17.859132</ele>
        <time>2026-06-28T21:33:23.926Z</time>
      </trkpt>
      <trkpt lat="51.205736" lon="5.961651">
        <ele>18.693226</ele>
        <time>2026-06-28T21:33:57.640Z</time>
      </trkpt>
      <trkpt lat="51.205363" lon="5.960996">
        <ele>18.911556</ele>
        <time>2026-06-28T21:34:06.675Z</time>
      </trkpt>
      <trkpt lat="51.204938" lon="5.960425">
        <ele>18.981112</ele>
        <time>2026-06-28T21:34:15.329Z</time>
      </trkpt>
      <trkpt lat="51.204659" lon="5.960153">
        <ele>18.964881</ele>
        <time>2026-06-28T21:34:20.327Z</time>
      </trkpt>
      <trkpt lat="51.203946" lon="5.959570">
        <ele>18.925108</ele>
        <time>2026-06-28T21:34:31.757Z</time>
      </trkpt>
      <trkpt lat="51.204070" lon="5.959173">
        <ele>18.911310</ele>
        <time>2026-06-28T21:34:35.593Z</time>
      </trkpt>
      <trkpt lat="51.204106" lon="5.958929">
        <ele>18.914289</ele>
        <time>2026-06-28T21:34:37.762Z</time>
      </trkpt>
      <trkpt lat="51.204106" lon="5.958775">
        <ele>18.919812</ele>
        <time>2026-06-28T21:34:39.104Z</time>
      </trkpt>
      <trkpt lat="51.204033" lon="5.958496">
        <ele>18.930654</ele>
        <time>2026-06-28T21:34:41.800Z</time>
      </trkpt>
      <trkpt lat="51.203656" lon="5.957745">
        <ele>18.965162</ele>
        <time>2026-06-28T21:34:50.689Z</time>
      </trkpt>
      <trkpt lat="51.202393" lon="5.955441">
        <ele>18.910632</ele>
        <time>2026-06-28T21:35:21.183Z</time>
      </trkpt>
      <trkpt lat="51.201156" lon="5.953190">
        <ele>18.152368</ele>
        <time>2026-06-28T21:35:45.460Z</time>
      </trkpt>
      <trkpt lat="51.200512" lon="5.952016">
        <ele>17.628237</ele>
        <time>2026-06-28T21:35:58.372Z</time>
      </trkpt>
      <trkpt lat="51.199804" lon="5.950727">
        <ele>17.142586</ele>
        <time>2026-06-28T21:36:12.622Z</time>
      </trkpt>
      <trkpt lat="51.199082" lon="5.949413">
        <ele>16.903442</ele>
        <time>2026-06-28T21:36:27.606Z</time>
      </trkpt>
      <trkpt lat="51.198199" lon="5.947804">
        <ele>16.789958</ele>
        <time>2026-06-28T21:36:47.990Z</time>
      </trkpt>
      <trkpt lat="51.197930" lon="5.947270">
        <ele>16.785959</ele>
        <time>2026-06-28T21:36:54.473Z</time>
      </trkpt>
      <trkpt lat="51.196918" lon="5.945443">
        <ele>16.816262</ele>
        <time>2026-06-28T21:37:16.519Z</time>
      </trkpt>
      <trkpt lat="51.195845" lon="5.943457">
        <ele>16.979934</ele>
        <time>2026-06-28T21:37:42.018Z</time>
      </trkpt>
      <trkpt lat="51.194796" lon="5.941529">
        <ele>17.188901</ele>
        <time>2026-06-28T21:38:06.538Z</time>
      </trkpt>
      <trkpt lat="51.193996" lon="5.940054">
        <ele>17.295941</ele>
        <time>2026-06-28T21:38:25.025Z</time>
      </trkpt>
      <trkpt lat="51.192331" lon="5.937048">
        <ele>17.533580</ele>
        <time>2026-06-28T21:39:03.034Z</time>
      </trkpt>
      <trkpt lat="51.191724" lon="5.936028">
        <ele>17.662447</ele>
        <time>2026-06-28T21:39:16.872Z</time>
      </trkpt>
      <trkpt lat="51.190991" lon="5.934873">
        <ele>17.787277</ele>
        <time>2026-06-28T21:39:32.828Z</time>
      </trkpt>
      <trkpt lat="51.190023" lon="5.933436">
        <ele>17.878810</ele>
        <time>2026-06-28T21:39:52.687Z</time>
      </trkpt>
      <trkpt lat="51.189374" lon="5.932546">
        <ele>17.924119</ele>
        <time>2026-06-28T21:40:05.493Z</time>
      </trkpt>
      <trkpt lat="51.188298" lon="5.931145">
        <ele>17.987163</ele>
        <time>2026-06-28T21:40:26.302Z</time>
      </trkpt>
      <trkpt lat="51.187179" lon="5.929805">
        <ele>18.029128</ele>
        <time>2026-06-28T21:40:47.569Z</time>
      </trkpt>
      <trkpt lat="51.185529" lon="5.928020">
        <ele>17.765164</ele>
        <time>2026-06-28T21:41:15.521Z</time>
      </trkpt>
      <trkpt lat="51.184813" lon="5.927308">
        <ele>17.845521</ele>
        <time>2026-06-28T21:41:28.185Z</time>
      </trkpt>
      <trkpt lat="51.183512" lon="5.926128">
        <ele>18.068648</ele>
        <time>2026-06-28T21:41:51.840Z</time>
      </trkpt>
      <trkpt lat="51.182477" lon="5.925292">
        <ele>18.324937</ele>
        <time>2026-06-28T21:42:10.129Z</time>
      </trkpt>
      <trkpt lat="51.181510" lon="5.924604">
        <ele>18.564296</ele>
        <time>2026-06-28T21:42:26.996Z</time>
      </trkpt>
      <trkpt lat="51.181346" lon="5.924553">
        <ele>18.602068</ele>
        <time>2026-06-28T21:42:29.612Z</time>
      </trkpt>
      <trkpt lat="51.181072" lon="5.924580">
        <ele>18.664128</ele>
        <time>2026-06-28T21:42:33.842Z</time>
      </trkpt>
      <trkpt lat="51.180857" lon="5.924699">
        <ele>18.715574</ele>
        <time>2026-06-28T21:42:37.284Z</time>
      </trkpt>
      <trkpt lat="51.180267" lon="5.925121">
        <ele>18.968024</ele>
        <time>2026-06-28T21:42:47.254Z</time>
      </trkpt>
      <trkpt lat="51.180008" lon="5.925175">
        <ele>19.075041</ele>
        <time>2026-06-28T21:42:51.417Z</time>
      </trkpt>
      <trkpt lat="51.179680" lon="5.925100">
        <ele>19.210799</ele>
        <time>2026-06-28T21:42:56.761Z</time>
      </trkpt>
      <trkpt lat="51.177730" lon="5.924090">
        <ele>20.323852</ele>
        <time>2026-06-28T21:43:33.044Z</time>
      </trkpt>
      <trkpt lat="51.177272" lon="5.923804">
        <ele>20.553056</ele>
        <time>2026-06-28T21:43:41.132Z</time>
      </trkpt>
      <trkpt lat="51.175480" lon="5.922590">
        <ele>20.510185</ele>
        <time>2026-06-28T21:44:09.777Z</time>
      </trkpt>
      <trkpt lat="51.175270" lon="5.922410">
        <ele>20.430725</ele>
        <time>2026-06-28T21:44:13.142Z</time>
      </trkpt>
      <trkpt lat="51.175756" lon="5.920579">
        <ele>20.015238</ele>
        <time>2026-06-28T21:44:29.955Z</time>
      </trkpt>
      <trkpt lat="51.175940" lon="5.919860">
        <ele>19.913905</ele>
        <time>2026-06-28T21:44:36.324Z</time>
      </trkpt>
      <trkpt lat="51.176185" lon="5.918970">
        <ele>19.795676</ele>
        <time>2026-06-28T21:44:44.767Z</time>
      </trkpt>
      <trkpt lat="51.176375" lon="5.918261">
        <ele>19.701890</ele>
        <time>2026-06-28T21:44:51.595Z</time>
      </trkpt>
      <trkpt lat="51.175772" lon="5.917865">
        <ele>19.776964</ele>
        <time>2026-06-28T21:45:05.449Z</time>
      </trkpt>
      <trkpt lat="51.175145" lon="5.917447">
        <ele>20.002085</ele>
        <time>2026-06-28T21:45:20.565Z</time>
      </trkpt>
      <trkpt lat="51.174514" lon="5.917027">
        <ele>20.228589</ele>
        <time>2026-06-28T21:45:35.388Z</time>
      </trkpt>
      <trkpt lat="51.174356" lon="5.916910">
        <ele>20.256195</ele>
        <time>2026-06-28T21:45:39.105Z</time>
      </trkpt>
      <trkpt lat="51.174281" lon="5.916814">
        <ele>20.264446</ele>
        <time>2026-06-28T21:45:41.139Z</time>
      </trkpt>
      <trkpt lat="51.174214" lon="5.916580">
        <ele>20.278284</ele>
        <time>2026-06-28T21:45:44.558Z</time>
      </trkpt>
      <trkpt lat="51.174199" lon="5.916412">
        <ele>20.287412</ele>
        <time>2026-06-28T21:45:46.802Z</time>
      </trkpt>
      <trkpt lat="51.174218" lon="5.916249">
        <ele>20.296331</ele>
        <time>2026-06-28T21:45:48.970Z</time>
      </trkpt>
      <trkpt lat="51.175164" lon="5.912321">
        <ele>20.420001</ele>
        <time>2026-06-28T21:46:42.136Z</time>
      </trkpt>
      <trkpt lat="51.175787" lon="5.909667">
        <ele>20.443116</ele>
        <time>2026-06-28T21:47:08.800Z</time>
      </trkpt>
      <trkpt lat="51.175848" lon="5.909146">
        <ele>20.447354</ele>
        <time>2026-06-28T21:47:13.572Z</time>
      </trkpt>
      <trkpt lat="51.175853" lon="5.908457">
        <ele>20.496467</ele>
        <time>2026-06-28T21:47:19.962Z</time>
      </trkpt>
      <trkpt lat="51.175820" lon="5.907621">
        <ele>20.564467</ele>
        <time>2026-06-28T21:47:28.024Z</time>
      </trkpt>
      <trkpt lat="51.175813" lon="5.907498">
        <ele>20.574493</ele>
        <time>2026-06-28T21:47:29.122Z</time>
      </trkpt>
      <trkpt lat="51.175854" lon="5.907232">
        <ele>20.596729</ele>
        <time>2026-06-28T21:47:31.722Z</time>
      </trkpt>
      <trkpt lat="51.176083" lon="5.906770">
        <ele>20.644540</ele>
        <time>2026-06-28T21:47:37.636Z</time>
      </trkpt>
      <trkpt lat="51.175742" lon="5.906255">
        <ele>20.753889</ele>
        <time>2026-06-28T21:47:45.162Z</time>
      </trkpt>
      <trkpt lat="51.175712" lon="5.906137">
        <ele>20.784833</ele>
        <time>2026-06-28T21:47:46.377Z</time>
      </trkpt>
      <trkpt lat="51.175718" lon="5.905482">
        <ele>20.944024</ele>
        <time>2026-06-28T21:47:53.105Z</time>
      </trkpt>
      <trkpt lat="51.175729" lon="5.904211">
        <ele>21.252925</ele>
        <time>2026-06-28T21:48:06.258Z</time>
      </trkpt>
      <trkpt lat="51.175770" lon="5.904034">
        <ele>21.298781</ele>
        <time>2026-06-28T21:48:08.298Z</time>
      </trkpt>
      <trkpt lat="51.175866" lon="5.903879">
        <ele>21.351729</ele>
        <time>2026-06-28T21:48:10.624Z</time>
      </trkpt>
      <trkpt lat="51.176331" lon="5.903556">
        <ele>21.432898</ele>
        <time>2026-06-28T21:48:18.822Z</time>
      </trkpt>
      <trkpt lat="51.176820" lon="5.903260">
        <ele>21.498087</ele>
        <time>2026-06-28T21:48:27.227Z</time>
      </trkpt>
      <trkpt lat="51.177153" lon="5.903027">
        <ele>21.543409</ele>
        <time>2026-06-28T21:48:32.855Z</time>
      </trkpt>
      <trkpt lat="51.177321" lon="5.902959">
        <ele>21.565012</ele>
        <time>2026-06-28T21:48:35.396Z</time>
      </trkpt>
      <trkpt lat="51.177088" lon="5.901997">
        <ele>21.563317</ele>
        <time>2026-06-28T21:48:47.570Z</time>
      </trkpt>
      <trkpt lat="51.176929" lon="5.901361">
        <ele>21.514971</ele>
        <time>2026-06-28T21:48:55.509Z</time>
      </trkpt>
      <trkpt lat="51.176951" lon="5.901255">
        <ele>21.507087</ele>
        <time>2026-06-28T21:48:56.849Z</time>
      </trkpt>
      <trkpt lat="51.177204" lon="5.900656">
        <ele>21.456089</ele>
        <time>2026-06-28T21:49:05.701Z</time>
      </trkpt>
      <trkpt lat="51.177410" lon="5.900190">
        <ele>21.415828</ele>
        <time>2026-06-28T21:49:13.027Z</time>
      </trkpt>
      <trkpt lat="51.177454" lon="5.900072">
        <ele>21.406134</ele>
        <time>2026-06-28T21:49:14.865Z</time>
      </trkpt>
      <trkpt lat="51.177464" lon="5.899963">
        <ele>21.415916</ele>
        <time>2026-06-28T21:49:16.333Z</time>
      </trkpt>
      <trkpt lat="51.177442" lon="5.899323">
        <ele>21.922560</ele>
        <time>2026-06-28T21:49:25.326Z</time>
      </trkpt>
      <trkpt lat="51.177400" lon="5.899099">
        <ele>22.107369</ele>
        <time>2026-06-28T21:49:28.787Z</time>
      </trkpt>
      <trkpt lat="51.177336" lon="5.898969">
        <ele>22.238024</ele>
        <time>2026-06-28T21:49:31.316Z</time>
      </trkpt>
      <trkpt lat="51.176823" lon="5.898191">
        <ele>23.130527</ele>
        <time>2026-06-28T21:49:49.875Z</time>
      </trkpt>
      <trkpt lat="51.176699" lon="5.897891">
        <ele>23.414565</ele>
        <time>2026-06-28T21:49:55.990Z</time>
      </trkpt>
      <trkpt lat="51.176766" lon="5.897750">
        <ele>23.554417</ele>
        <time>2026-06-28T21:49:59.079Z</time>
      </trkpt>
      <trkpt lat="51.176827" lon="5.897309">
        <ele>24.006849</ele>
        <time>2026-06-28T21:50:07.273Z</time>
      </trkpt>
      <trkpt lat="51.176841" lon="5.897215">
        <ele>24.113125</ele>
        <time>2026-06-28T21:50:09.077Z</time>
      </trkpt>
      <trkpt lat="51.176910" lon="5.896590">
        <ele>24.811196</ele>
        <time>2026-06-28T21:50:20.633Z</time>
      </trkpt>
      <trkpt lat="51.176940" lon="5.896500">
        <ele>24.923318</ele>
        <time>2026-06-28T21:50:22.492Z</time>
      </trkpt>
      <trkpt lat="51.177000" lon="5.896430">
        <ele>25.053748</ele>
        <time>2026-06-28T21:50:24.632Z</time>
      </trkpt>
      <trkpt lat="51.177506" lon="5.896069">
        <ele>26.026329</ele>
        <time>2026-06-28T21:50:40.094Z</time>
      </trkpt>
      <trkpt lat="51.177603" lon="5.895995">
        <ele>26.214988</ele>
        <time>2026-06-28T21:50:42.927Z</time>
      </trkpt>
      <trkpt lat="51.177621" lon="5.895895">
        <ele>26.329429</ele>
        <time>2026-06-28T21:50:44.662Z</time>
      </trkpt>
      <trkpt lat="51.177622" lon="5.895496">
        <ele>26.768320</ele>
        <time>2026-06-28T21:50:51.178Z</time>
      </trkpt>
      <trkpt lat="51.177695" lon="5.895395">
        <ele>26.855344</ele>
        <time>2026-06-28T21:50:53.681Z</time>
      </trkpt>
      <trkpt lat="51.177090" lon="5.894000">
        <ele>27.374702</ele>
        <time>2026-06-28T21:51:17.388Z</time>
      </trkpt>
      <trkpt lat="51.177056" lon="5.893826">
        <ele>27.430505</ele>
        <time>2026-06-28T21:51:19.718Z</time>
      </trkpt>
      <trkpt lat="51.177026" lon="5.893421">
        <ele>27.555370</ele>
        <time>2026-06-28T21:51:24.893Z</time>
      </trkpt>
      <trkpt lat="51.176989" lon="5.892619">
        <ele>27.756971</ele>
        <time>2026-06-28T21:51:35.082Z</time>
      </trkpt>
      <trkpt lat="51.176981" lon="5.892410">
        <ele>27.792373</ele>
        <time>2026-06-28T21:51:37.756Z</time>
      </trkpt>
      <trkpt lat="51.176961" lon="5.892055">
        <ele>27.852637</ele>
        <time>2026-06-28T21:51:42.326Z</time>
      </trkpt>
      <trkpt lat="51.176930" lon="5.891552">
        <ele>27.938092</ele>
        <time>2026-06-28T21:51:48.993Z</time>
      </trkpt>
      <trkpt lat="51.176697" lon="5.887766">
        <ele>28.761244</ele>
        <time>2026-06-28T21:52:41.286Z</time>
      </trkpt>
      <trkpt lat="51.176713" lon="5.887619">
        <ele>28.797984</ele>
        <time>2026-06-28T21:52:43.296Z</time>
      </trkpt>
      <trkpt lat="51.176636" lon="5.886258">
        <ele>28.879569</ele>
        <time>2026-06-28T21:53:01.585Z</time>
      </trkpt>
      <trkpt lat="51.176589" lon="5.885298">
        <ele>28.865842</ele>
        <time>2026-06-28T21:53:15.184Z</time>
      </trkpt>
      <trkpt lat="51.176673" lon="5.884907">
        <ele>28.859950</ele>
        <time>2026-06-28T21:53:18.954Z</time>
      </trkpt>
      <trkpt lat="51.176780" lon="5.884749">
        <ele>28.856634</ele>
        <time>2026-06-28T21:53:20.905Z</time>
      </trkpt>
      <trkpt lat="51.176890" lon="5.884693">
        <ele>28.854009</ele>
        <time>2026-06-28T21:53:22.389Z</time>
      </trkpt>
      <trkpt lat="51.176983" lon="5.884699">
        <ele>28.770176</ele>
        <time>2026-06-28T21:53:24.010Z</time>
      </trkpt>
      <trkpt lat="51.177060" lon="5.884771">
        <ele>28.540154</ele>
        <time>2026-06-28T21:53:25.527Z</time>
      </trkpt>
      <trkpt lat="51.177104" lon="5.884728">
        <ele>28.407171</ele>
        <time>2026-06-28T21:53:26.403Z</time>
      </trkpt>
      <trkpt lat="51.177146" lon="5.884672">
        <ele>28.266097</ele>
        <time>2026-06-28T21:53:27.294Z</time>
      </trkpt>
      <trkpt lat="51.177183" lon="5.884615">
        <ele>28.133533</ele>
        <time>2026-06-28T21:53:28.111Z</time>
      </trkpt>
      <trkpt lat="51.177205" lon="5.884422">
        <ele>27.816602</ele>
        <time>2026-06-28T21:53:30.058Z</time>
      </trkpt>
      <trkpt lat="51.177172" lon="5.884335">
        <ele>27.652316</ele>
        <time>2026-06-28T21:53:30.734Z</time>
      </trkpt>
      <trkpt lat="51.177145" lon="5.884262">
        <ele>27.515378</ele>
        <time>2026-06-28T21:53:31.302Z</time>
      </trkpt>
      <trkpt lat="51.177119" lon="5.884192">
        <ele>27.383924</ele>
        <time>2026-06-28T21:53:31.834Z</time>
      </trkpt>
      <trkpt lat="51.177026" lon="5.884211">
        <ele>27.142293</ele>
        <time>2026-06-28T21:53:32.812Z</time>
      </trkpt>
      <trkpt lat="51.176997" lon="5.884174">
        <ele>27.046590</ele>
        <time>2026-06-28T21:53:33.185Z</time>
      </trkpt>
      <trkpt lat="51.176774" lon="5.883493">
        <ele>25.805280</ele>
        <time>2026-06-28T21:53:40.064Z</time>
      </trkpt>
      <trkpt lat="51.176515" lon="5.882363">
        <ele>24.197747</ele>
        <time>2026-06-28T21:53:50.867Z</time>
      </trkpt>
      <trkpt lat="51.176368" lon="5.881433">
        <ele>24.112699</ele>
        <time>2026-06-28T21:54:00.736Z</time>
      </trkpt>
      <trkpt lat="51.176033" lon="5.879233">
        <ele>24.210580</ele>
        <time>2026-06-28T21:54:37.644Z</time>
      </trkpt>
      <trkpt lat="51.175869" lon="5.878193">
        <ele>24.673086</ele>
        <time>2026-06-28T21:54:54.180Z</time>
      </trkpt>
      <trkpt lat="51.175791" lon="5.877311">
        <ele>25.057245</ele>
        <time>2026-06-28T21:55:05.836Z</time>
      </trkpt>
      <trkpt lat="51.175760" lon="5.877179">
        <ele>25.118038</ele>
        <time>2026-06-28T21:55:07.538Z</time>
      </trkpt>
      <trkpt lat="51.175859" lon="5.875261">
        <ele>25.108165</ele>
        <time>2026-06-28T21:55:24.242Z</time>
      </trkpt>
      <trkpt lat="51.175873" lon="5.875013">
        <ele>25.094947</ele>
        <time>2026-06-28T21:55:26.491Z</time>
      </trkpt>
      <trkpt lat="51.175880" lon="5.874912">
        <ele>25.089553</ele>
        <time>2026-06-28T21:55:27.427Z</time>
      </trkpt>
      <trkpt lat="51.175897" lon="5.874655">
        <ele>25.075835</ele>
        <time>2026-06-28T21:55:29.830Z</time>
      </trkpt>
      <trkpt lat="51.175946" lon="5.873346">
        <ele>24.819490</ele>
        <time>2026-06-28T21:55:42.732Z</time>
      </trkpt>
      <trkpt lat="51.175978" lon="5.872993">
        <ele>24.715753</ele>
        <time>2026-06-28T21:55:47.187Z</time>
      </trkpt>
      <trkpt lat="51.176009" lon="5.872836">
        <ele>24.667879</ele>
        <time>2026-06-28T21:55:49.211Z</time>
      </trkpt>
      <trkpt lat="51.176063" lon="5.872736">
        <ele>24.629493</ele>
        <time>2026-06-28T21:55:50.778Z</time>
      </trkpt>
      <trkpt lat="51.176090" lon="5.872599">
        <ele>24.587724</ele>
        <time>2026-06-28T21:55:52.480Z</time>
      </trkpt>
      <trkpt lat="51.176209" lon="5.872527">
        <ele>24.528680</ele>
        <time>2026-06-28T21:55:54.192Z</time>
      </trkpt>
      <trkpt lat="51.176155" lon="5.872162">
        <ele>24.419605</ele>
        <time>2026-06-28T21:55:57.222Z</time>
      </trkpt>
      <trkpt lat="51.176368" lon="5.869888">
        <ele>23.078314</ele>
        <time>2026-06-28T21:56:14.241Z</time>
      </trkpt>
      <trkpt lat="51.176367" lon="5.869748">
        <ele>22.978390</ele>
        <time>2026-06-28T21:56:15.263Z</time>
      </trkpt>
      <trkpt lat="51.176401" lon="5.869687">
        <ele>22.920136</ele>
        <time>2026-06-28T21:56:16.108Z</time>
      </trkpt>
      <trkpt lat="51.176406" lon="5.869616">
        <ele>22.869145</ele>
        <time>2026-06-28T21:56:16.861Z</time>
      </trkpt>
      <trkpt lat="51.176414" lon="5.869210">
        <ele>22.579241</ele>
        <time>2026-06-28T21:56:21.127Z</time>
      </trkpt>
      <trkpt lat="51.176355" lon="5.869178">
        <ele>22.508298</ele>
        <time>2026-06-28T21:56:22.183Z</time>
      </trkpt>
      <trkpt lat="51.176296" lon="5.869179">
        <ele>22.441128</ele>
        <time>2026-06-28T21:56:23.186Z</time>
      </trkpt>
      <trkpt lat="51.176278" lon="5.868427">
        <ele>22.227480</ele>
        <time>2026-06-28T21:56:31.490Z</time>
      </trkpt>
      <trkpt lat="51.176198" lon="5.867545">
        <ele>22.377072</ele>
        <time>2026-06-28T21:56:42.376Z</time>
      </trkpt>
      <trkpt lat="51.176176" lon="5.867290">
        <ele>22.420279</ele>
        <time>2026-06-28T21:56:45.784Z</time>
      </trkpt>
      <trkpt lat="51.175905" lon="5.864447">
        <ele>23.339664</ele>
        <time>2026-06-28T21:57:29.750Z</time>
      </trkpt>
      <trkpt lat="51.175835" lon="5.864098">
        <ele>23.506291</ele>
        <time>2026-06-28T21:57:35.039Z</time>
      </trkpt>
      <trkpt lat="51.175684" lon="5.863755">
        <ele>23.696879</ele>
        <time>2026-06-28T21:57:40.821Z</time>
      </trkpt>
      <trkpt lat="51.175465" lon="5.863569">
        <ele>23.876842</ele>
        <time>2026-06-28T21:57:46.124Z</time>
      </trkpt>
      <trkpt lat="51.174685" lon="5.863052">
        <ele>24.059463</ele>
        <time>2026-06-28T21:58:03.649Z</time>
      </trkpt>
      <trkpt lat="51.174432" lon="5.862840">
        <ele>24.100878</ele>
        <time>2026-06-28T21:58:09.361Z</time>
      </trkpt>
      <trkpt lat="51.174202" lon="5.862659">
        <ele>24.138044</ele>
        <time>2026-06-28T21:58:14.497Z</time>
      </trkpt>
      <trkpt lat="51.174003" lon="5.862500">
        <ele>24.170298</ele>
        <time>2026-06-28T21:58:19.052Z</time>
      </trkpt>
      <trkpt lat="51.173773" lon="5.862322">
        <ele>24.207345</ele>
        <time>2026-06-28T21:58:24.537Z</time>
      </trkpt>
      <trkpt lat="51.173552" lon="5.862148">
        <ele>24.350666</ele>
        <time>2026-06-28T21:58:29.842Z</time>
      </trkpt>
      <trkpt lat="51.173343" lon="5.861915">
        <ele>24.518773</ele>
        <time>2026-06-28T21:58:35.321Z</time>
      </trkpt>
      <trkpt lat="51.173219" lon="5.861594">
        <ele>24.674616</ele>
        <time>2026-06-28T21:58:40.430Z</time>
      </trkpt>
      <trkpt lat="51.173176" lon="5.861225">
        <ele>24.829749</ele>
        <time>2026-06-28T21:58:45.604Z</time>
      </trkpt>
      <trkpt lat="51.173175" lon="5.860988">
        <ele>24.927712</ele>
        <time>2026-06-28T21:58:48.876Z</time>
      </trkpt>
      <trkpt lat="51.173274" lon="5.860524">
        <ele>25.130301</ele>
        <time>2026-06-28T21:58:55.870Z</time>
      </trkpt>
      <trkpt lat="51.173413" lon="5.860146">
        <ele>25.311432</ele>
        <time>2026-06-28T21:59:02.571Z</time>
      </trkpt>
      <trkpt lat="51.174229" lon="5.858356">
        <ele>27.024506</ele>
        <time>2026-06-28T21:59:39.076Z</time>
      </trkpt>
      <trkpt lat="51.174346" lon="5.857957">
        <ele>27.382174</ele>
        <time>2026-06-28T21:59:46.154Z</time>
      </trkpt>
      <trkpt lat="51.174423" lon="5.857592">
        <ele>27.694877</ele>
        <time>2026-06-28T21:59:52.132Z</time>
      </trkpt>
      <trkpt lat="51.174431" lon="5.857412">
        <ele>27.768009</ele>
        <time>2026-06-28T21:59:54.861Z</time>
      </trkpt>
      <trkpt lat="51.174426" lon="5.857138">
        <ele>27.846538</ele>
        <time>2026-06-28T21:59:58.943Z</time>
      </trkpt>
      <trkpt lat="51.174384" lon="5.856821">
        <ele>27.939359</ele>
        <time>2026-06-28T22:00:03.649Z</time>
      </trkpt>
      <trkpt lat="51.174246" lon="5.856018">
        <ele>28.177891</ele>
        <time>2026-06-28T22:00:15.225Z</time>
      </trkpt>
      <trkpt lat="51.174010" lon="5.855050">
        <ele>28.475437</ele>
        <time>2026-06-28T22:00:28.825Z</time>
      </trkpt>
      <trkpt lat="51.173754" lon="5.854252">
        <ele>28.420895</ele>
        <time>2026-06-28T22:00:40.227Z</time>
      </trkpt>
      <trkpt lat="51.173209" lon="5.852792">
        <ele>28.076585</ele>
        <time>2026-06-28T22:01:00.425Z</time>
      </trkpt>
      <trkpt lat="51.173138" lon="5.852455">
        <ele>28.004546</ele>
        <time>2026-06-28T22:01:04.409Z</time>
      </trkpt>
      <trkpt lat="51.172794" lon="5.851262">
        <ele>27.745694</ele>
        <time>2026-06-28T22:01:19.292Z</time>
      </trkpt>
      <trkpt lat="51.172523" lon="5.850126">
        <ele>27.507140</ele>
        <time>2026-06-28T22:01:34.013Z</time>
      </trkpt>
      <trkpt lat="51.172471" lon="5.848491">
        <ele>27.479846</ele>
        <time>2026-06-28T22:01:55.574Z</time>
      </trkpt>
      <trkpt lat="51.172390" lon="5.847781">
        <ele>27.527764</ele>
        <time>2026-06-28T22:02:05.098Z</time>
      </trkpt>
      <trkpt lat="51.172241" lon="5.847077">
        <ele>27.577101</ele>
        <time>2026-06-28T22:02:14.613Z</time>
      </trkpt>
      <trkpt lat="51.172089" lon="5.846592">
        <ele>27.610106</ele>
        <time>2026-06-28T22:02:21.395Z</time>
      </trkpt>
      <trkpt lat="51.171770" lon="5.845750">
        <ele>27.663976</ele>
        <time>2026-06-28T22:02:33.697Z</time>
      </trkpt>
      <trkpt lat="51.171715" lon="5.845470">
        <ele>27.680044</ele>
        <time>2026-06-28T22:02:37.441Z</time>
      </trkpt>
      <trkpt lat="51.171721" lon="5.845086">
        <ele>27.701077</ele>
        <time>2026-06-28T22:02:42.401Z</time>
      </trkpt>
      <trkpt lat="51.171836" lon="5.844213">
        <ele>27.749925</ele>
        <time>2026-06-28T22:02:54.218Z</time>
      </trkpt>
      <trkpt lat="51.171765" lon="5.843335">
        <ele>27.862726</ele>
        <time>2026-06-28T22:03:06.149Z</time>
      </trkpt>
      <trkpt lat="51.171644" lon="5.842314">
        <ele>28.000401</ele>
        <time>2026-06-28T22:03:20.046Z</time>
      </trkpt>
      <trkpt lat="51.171564" lon="5.841844">
        <ele>28.064929</ele>
        <time>2026-06-28T22:03:26.375Z</time>
      </trkpt>
      <trkpt lat="51.171495" lon="5.841692">
        <ele>28.089793</ele>
        <time>2026-06-28T22:03:28.797Z</time>
      </trkpt>
      <trkpt lat="51.171430" lon="5.841707">
        <ele>28.103672</ele>
        <time>2026-06-28T22:03:30.125Z</time>
      </trkpt>
      <trkpt lat="51.171185" lon="5.841874">
        <ele>28.159925</ele>
        <time>2026-06-28T22:03:35.573Z</time>
      </trkpt>
      <trkpt lat="51.170955" lon="5.842103">
        <ele>28.217113</ele>
        <time>2026-06-28T22:03:41.120Z</time>
      </trkpt>
      <trkpt lat="51.170735" lon="5.842176">
        <ele>28.264508</ele>
        <time>2026-06-28T22:03:45.747Z</time>
      </trkpt>
      <trkpt lat="51.170208" lon="5.842172">
        <ele>28.375663</ele>
        <time>2026-06-28T22:03:56.735Z</time>
      </trkpt>
      <trkpt lat="51.169717" lon="5.842075">
        <ele>28.480015</ele>
        <time>2026-06-28T22:04:07.209Z</time>
      </trkpt>
      <trkpt lat="51.169710" lon="5.841901">
        <ele>28.503074</ele>
        <time>2026-06-28T22:04:09.591Z</time>
      </trkpt>
      <trkpt lat="51.169704" lon="5.841812">
        <ele>28.518956</ele>
        <time>2026-06-28T22:04:10.832Z</time>
      </trkpt>
      <trkpt lat="51.169681" lon="5.841777">
        <ele>28.537153</ele>
        <time>2026-06-28T22:04:11.548Z</time>
      </trkpt>
      <trkpt lat="51.169181" lon="5.841755">
        <ele>28.823471</ele>
        <time>2026-06-28T22:04:22.766Z</time>
      </trkpt>
      <trkpt lat="51.169075" lon="5.841781">
        <ele>28.884860</ele>
        <time>2026-06-28T22:04:25.189Z</time>
      </trkpt>
      <trkpt lat="51.168872" lon="5.841707">
        <ele>29.004058</ele>
        <time>2026-06-28T22:04:28.824Z</time>
      </trkpt>
      <trkpt lat="51.168441" lon="5.841508">
        <ele>29.260901</ele>
        <time>2026-06-28T22:04:36.686Z</time>
      </trkpt>
      <trkpt lat="51.168179" lon="5.841400">
        <ele>29.415803</ele>
        <time>2026-06-28T22:04:41.411Z</time>
      </trkpt>
      <trkpt lat="51.167674" lon="5.841172">
        <ele>29.659252</ele>
        <time>2026-06-28T22:04:50.632Z</time>
      </trkpt>
      <trkpt lat="51.166994" lon="5.840979">
        <ele>29.925215</ele>
        <time>2026-06-28T22:05:02.267Z</time>
      </trkpt>
      <trkpt lat="51.166449" lon="5.840926">
        <ele>30.135469</ele>
        <time>2026-06-28T22:05:10.739Z</time>
      </trkpt>
      <trkpt lat="51.166063" lon="5.840924">
        <ele>30.267323</ele>
        <time>2026-06-28T22:05:16.537Z</time>
      </trkpt>
      <trkpt lat="51.165903" lon="5.840928">
        <ele>30.307994</ele>
        <time>2026-06-28T22:05:19.026Z</time>
      </trkpt>
      <trkpt lat="51.165326" lon="5.840986">
        <ele>30.454938</ele>
        <time>2026-06-28T22:05:28.010Z</time>
      </trkpt>
      <trkpt lat="51.165264" lon="5.840990">
        <ele>30.470709</ele>
        <time>2026-06-28T22:05:28.974Z</time>
      </trkpt>
      <trkpt lat="51.165222" lon="5.840996">
        <ele>30.481426</ele>
        <time>2026-06-28T22:05:29.617Z</time>
      </trkpt>
      <trkpt lat="51.164748" lon="5.841069">
        <ele>30.602461</ele>
        <time>2026-06-28T22:05:36.996Z</time>
      </trkpt>
      <trkpt lat="51.163968" lon="5.841130">
        <ele>30.794025</ele>
        <time>2026-06-28T22:05:50.131Z</time>
      </trkpt>
      <trkpt lat="51.163884" lon="5.841124">
        <ele>30.814040</ele>
        <time>2026-06-28T22:05:51.546Z</time>
      </trkpt>
      <trkpt lat="51.163416" lon="5.841077">
        <ele>30.925661</ele>
        <time>2026-06-28T22:05:59.223Z</time>
      </trkpt>
      <trkpt lat="51.163156" lon="5.840955">
        <ele>30.990173</ele>
        <time>2026-06-28T22:06:05.025Z</time>
      </trkpt>
      <trkpt lat="51.162957" lon="5.840906">
        <ele>31.038103</ele>
        <time>2026-06-28T22:06:09.262Z</time>
      </trkpt>
      <trkpt lat="51.162639" lon="5.840828">
        <ele>31.114688</ele>
        <time>2026-06-28T22:06:15.838Z</time>
      </trkpt>
      <trkpt lat="51.162109" lon="5.840667">
        <ele>30.558739</ele>
        <time>2026-06-28T22:06:26.131Z</time>
      </trkpt>
      <trkpt lat="51.161551" lon="5.840106">
        <ele>29.842754</ele>
        <time>2026-06-28T22:06:38.008Z</time>
      </trkpt>
      <trkpt lat="51.161469" lon="5.840195">
        <ele>29.735090</ele>
        <time>2026-06-28T22:06:41.284Z</time>
      </trkpt>
      <trkpt lat="51.161304" lon="5.839767">
        <ele>29.393112</ele>
        <time>2026-06-28T22:06:51.300Z</time>
      </trkpt>
      <trkpt lat="51.161177" lon="5.839440">
        <ele>29.085194</ele>
        <time>2026-06-28T22:06:58.675Z</time>
      </trkpt>
      <trkpt lat="51.160987" lon="5.839216">
        <ele>28.504526</ele>
        <time>2026-06-28T22:07:05.804Z</time>
      </trkpt>
      <trkpt lat="51.160897" lon="5.839174">
        <ele>28.274082</ele>
        <time>2026-06-28T22:07:08.617Z</time>
      </trkpt>
      <trkpt lat="51.160788" lon="5.839122">
        <ele>27.994493</ele>
        <time>2026-06-28T22:07:11.996Z</time>
      </trkpt>
      <trkpt lat="51.160347" lon="5.838972">
        <ele>26.886392</ele>
        <time>2026-06-28T22:07:25.392Z</time>
      </trkpt>
      <trkpt lat="51.160248" lon="5.838907">
        <ele>26.623291</ele>
        <time>2026-06-28T22:07:28.578Z</time>
      </trkpt>
      <trkpt lat="51.159923" lon="5.838575">
        <ele>25.674788</ele>
        <time>2026-06-28T22:07:40.322Z</time>
      </trkpt>
      <trkpt lat="51.159780" lon="5.838498">
        <ele>25.303882</ele>
        <time>2026-06-28T22:07:44.956Z</time>
      </trkpt>
      <trkpt lat="51.159728" lon="5.838470">
        <ele>25.169007</ele>
        <time>2026-06-28T22:07:45.554Z</time>
      </trkpt>
      <trkpt lat="51.159698" lon="5.838454">
        <ele>25.091270</ele>
        <time>2026-06-28T22:07:45.896Z</time>
      </trkpt>
      <trkpt lat="51.159552" lon="5.838363">
        <ele>24.732293</ele>
        <time>2026-06-28T22:07:48.370Z</time>
      </trkpt>
      <trkpt lat="51.159484" lon="5.838276">
        <ele>24.652834</ele>
        <time>2026-06-28T22:07:49.793Z</time>
      </trkpt>
      <trkpt lat="51.159454" lon="5.838189">
        <ele>24.596084</ele>
        <time>2026-06-28T22:07:50.813Z</time>
      </trkpt>
      <trkpt lat="51.159445" lon="5.838138">
        <ele>24.565801</ele>
        <time>2026-06-28T22:07:51.373Z</time>
      </trkpt>
      <trkpt lat="51.159460" lon="5.838016">
        <ele>24.494739</ele>
        <time>2026-06-28T22:07:52.683Z</time>
      </trkpt>
      <trkpt lat="51.159690" lon="5.837477">
        <ele>24.122101</ele>
        <time>2026-06-28T22:07:59.937Z</time>
      </trkpt>
      <trkpt lat="51.159724" lon="5.837323">
        <ele>24.028782</ele>
        <time>2026-06-28T22:08:01.814Z</time>
      </trkpt>
      <trkpt lat="51.159714" lon="5.837014">
        <ele>23.851926</ele>
        <time>2026-06-28T22:08:05.460Z</time>
      </trkpt>
      <trkpt lat="51.159636" lon="5.836379">
        <ele>23.482071</ele>
        <time>2026-06-28T22:08:13.156Z</time>
      </trkpt>
      <trkpt lat="51.159551" lon="5.836150">
        <ele>23.329970</ele>
        <time>2026-06-28T22:08:16.193Z</time>
      </trkpt>
      <trkpt lat="51.159199" lon="5.835456">
        <ele>23.010434</ele>
        <time>2026-06-28T22:08:25.977Z</time>
      </trkpt>
      <trkpt lat="51.158920" lon="5.834402">
        <ele>22.788349</ele>
        <time>2026-06-28T22:08:39.023Z</time>
      </trkpt>
      <trkpt lat="51.158678" lon="5.833865">
        <ele>22.659983</ele>
        <time>2026-06-28T22:08:47.272Z</time>
      </trkpt>
      <trkpt lat="51.157857" lon="5.832216">
        <ele>22.884158</ele>
        <time>2026-06-28T22:09:16.605Z</time>
      </trkpt>
      <trkpt lat="51.158028" lon="5.832014">
        <ele>22.957031</ele>
        <time>2026-06-28T22:09:22.945Z</time>
      </trkpt>
      <trkpt lat="51.157857" lon="5.832216">
        <ele>23.029904</ele>
        <time>2026-06-28T22:09:29.212Z</time>
      </trkpt>
      <trkpt lat="51.156759" lon="5.830100">
        <ele>23.191391</ele>
        <time>2026-06-28T22:10:04.280Z</time>
      </trkpt>
      <trkpt lat="51.156529" lon="5.829681">
        <ele>23.197675</ele>
        <time>2026-06-28T22:10:11.295Z</time>
      </trkpt>
      <trkpt lat="51.156451" lon="5.829596">
        <ele>23.199375</ele>
        <time>2026-06-28T22:10:13.190Z</time>
      </trkpt>
      <trkpt lat="51.156377" lon="5.829550">
        <ele>23.196848</ele>
        <time>2026-06-28T22:10:14.790Z</time>
      </trkpt>
      <trkpt lat="51.156149" lon="5.829512">
        <ele>23.180689</ele>
        <time>2026-06-28T22:10:19.399Z</time>
      </trkpt>
      <trkpt lat="51.155047" lon="5.829479">
        <ele>23.102997</ele>
        <time>2026-06-28T22:10:41.466Z</time>
      </trkpt>
      <trkpt lat="51.155007" lon="5.829469">
        <ele>23.100143</ele>
        <time>2026-06-28T22:10:42.254Z</time>
      </trkpt>
      <trkpt lat="51.154275" lon="5.829289">
        <ele>23.074578</ele>
        <time>2026-06-28T22:10:56.503Z</time>
      </trkpt>
      <trkpt lat="51.153647" lon="5.829112">
        <ele>23.077000</ele>
        <time>2026-06-28T22:11:08.802Z</time>
      </trkpt>
      <trkpt lat="51.153425" lon="5.828975">
        <ele>23.077904</ele>
        <time>2026-06-28T22:11:13.560Z</time>
      </trkpt>
      <trkpt lat="51.153335" lon="5.828857">
        <ele>23.078347</ele>
        <time>2026-06-28T22:11:15.935Z</time>
      </trkpt>
      <trkpt lat="51.153244" lon="5.828651">
        <ele>23.078947</ele>
        <time>2026-06-28T22:11:19.187Z</time>
      </trkpt>
      <trkpt lat="51.153096" lon="5.828216">
        <ele>23.105892</ele>
        <time>2026-06-28T22:11:25.813Z</time>
      </trkpt>
      <trkpt lat="51.152596" lon="5.826718">
        <ele>24.430685</ele>
        <time>2026-06-28T22:11:51.909Z</time>
      </trkpt>
      <trkpt lat="51.152516" lon="5.826594">
        <ele>24.569563</ele>
        <time>2026-06-28T22:11:54.888Z</time>
      </trkpt>
      <trkpt lat="51.152518" lon="5.826077">
        <ele>24.973205</ele>
        <time>2026-06-28T22:12:01.943Z</time>
      </trkpt>
      <trkpt lat="51.152507" lon="5.825848">
        <ele>25.152514</ele>
        <time>2026-06-28T22:12:05.122Z</time>
      </trkpt>
      <trkpt lat="51.152324" lon="5.824097">
        <ele>26.987150</ele>
        <time>2026-06-28T22:12:30.483Z</time>
      </trkpt>
      <trkpt lat="51.152292" lon="5.823749">
        <ele>27.362780</ele>
        <time>2026-06-28T22:12:35.271Z</time>
      </trkpt>
      <trkpt lat="51.152254" lon="5.822696">
        <ele>28.423282</ele>
        <time>2026-06-28T22:12:48.967Z</time>
      </trkpt>
      <trkpt lat="51.152420" lon="5.822244">
        <ele>28.641158</ele>
        <time>2026-06-28T22:12:57.029Z</time>
      </trkpt>
      <trkpt lat="51.152538" lon="5.821088">
        <ele>29.128344</ele>
        <time>2026-06-28T22:13:09.441Z</time>
      </trkpt>
      <trkpt lat="51.152589" lon="5.819537">
        <ele>29.682654</ele>
        <time>2026-06-28T22:13:25.359Z</time>
      </trkpt>
      <trkpt lat="51.152659" lon="5.819288">
        <ele>29.744193</ele>
        <time>2026-06-28T22:13:28.156Z</time>
      </trkpt>
      <trkpt lat="51.152606" lon="5.819219">
        <ele>29.768796</ele>
        <time>2026-06-28T22:13:29.246Z</time>
      </trkpt>
      <trkpt lat="51.152581" lon="5.819126">
        <ele>29.791616</ele>
        <time>2026-06-28T22:13:30.302Z</time>
      </trkpt>
      <trkpt lat="51.152584" lon="5.818382">
        <ele>29.959413</ele>
        <time>2026-06-28T22:13:38.077Z</time>
      </trkpt>
      <trkpt lat="51.152589" lon="5.817507">
        <ele>30.156760</ele>
        <time>2026-06-28T22:13:47.461Z</time>
      </trkpt>
      <trkpt lat="51.152659" lon="5.816231">
        <ele>29.916307</ele>
        <time>2026-06-28T22:13:59.373Z</time>
      </trkpt>
      <trkpt lat="51.152645" lon="5.815913">
        <ele>29.819004</ele>
        <time>2026-06-28T22:14:02.059Z</time>
      </trkpt>
      <trkpt lat="51.152593" lon="5.815511">
        <ele>29.693717</ele>
        <time>2026-06-28T22:14:05.428Z</time>
      </trkpt>
      <trkpt lat="51.152589" lon="5.815465">
        <ele>29.679542</ele>
        <time>2026-06-28T22:14:05.816Z</time>
      </trkpt>
      <trkpt lat="51.151534" lon="5.815450">
        <ele>28.956416</ele>
        <time>2026-06-28T22:14:18.703Z</time>
      </trkpt>
      <trkpt lat="51.150852" lon="5.815374">
        <ele>28.234644</ele>
        <time>2026-06-28T22:14:26.631Z</time>
      </trkpt>
      <trkpt lat="51.150713" lon="5.815413">
        <ele>28.085640</ele>
        <time>2026-06-28T22:14:28.325Z</time>
      </trkpt>
      <trkpt lat="51.150403" lon="5.815608">
        <ele>27.733804</ele>
        <time>2026-06-28T22:14:32.383Z</time>
      </trkpt>
      <trkpt lat="51.150248" lon="5.815855">
        <ele>27.502429</ele>
        <time>2026-06-28T22:14:35.157Z</time>
      </trkpt>
      <trkpt lat="51.150124" lon="5.815949">
        <ele>27.444457</ele>
        <time>2026-06-28T22:14:36.943Z</time>
      </trkpt>
      <trkpt lat="51.150006" lon="5.815557">
        <ele>27.437709</ele>
        <time>2026-06-28T22:14:42.025Z</time>
      </trkpt>
      <trkpt lat="51.149827" lon="5.815246">
        <ele>27.431157</ele>
        <time>2026-06-28T22:14:47.046Z</time>
      </trkpt>
      <trkpt lat="51.149657" lon="5.815030">
        <ele>27.425778</ele>
        <time>2026-06-28T22:14:51.326Z</time>
      </trkpt>
      <trkpt lat="51.149336" lon="5.814650">
        <ele>27.415885</ele>
        <time>2026-06-28T22:14:59.686Z</time>
      </trkpt>
      <trkpt lat="51.148607" lon="5.814055">
        <ele>27.597083</ele>
        <time>2026-06-28T22:15:17.945Z</time>
      </trkpt>
      <trkpt lat="51.148470" lon="5.813904">
        <ele>27.722297</ele>
        <time>2026-06-28T22:15:21.755Z</time>
      </trkpt>
      <trkpt lat="51.148361" lon="5.813772">
        <ele>27.825204</ele>
        <time>2026-06-28T22:15:24.880Z</time>
      </trkpt>
      <trkpt lat="51.147890" lon="5.812717">
        <ele>28.435872</ele>
        <time>2026-06-28T22:15:43.754Z</time>
      </trkpt>
      <trkpt lat="51.147658" lon="5.811671">
        <ele>28.971303</ele>
        <time>2026-06-28T22:16:00.614Z</time>
      </trkpt>
      <trkpt lat="51.147662" lon="5.811248">
        <ele>29.182706</ele>
        <time>2026-06-28T22:16:07.048Z</time>
      </trkpt>
      <trkpt lat="51.147680" lon="5.811129">
        <ele>29.243876</ele>
        <time>2026-06-28T22:16:08.923Z</time>
      </trkpt>
      <trkpt lat="51.147835" lon="5.810132">
        <ele>29.757162</ele>
        <time>2026-06-28T22:16:24.210Z</time>
      </trkpt>
      <trkpt lat="51.147920" lon="5.809755">
        <ele>29.957352</ele>
        <time>2026-06-28T22:16:29.978Z</time>
      </trkpt>
      <trkpt lat="51.147938" lon="5.809650">
        <ele>30.011746</ele>
        <time>2026-06-28T22:16:31.524Z</time>
      </trkpt>
      <trkpt lat="51.147852" lon="5.809619">
        <ele>30.081983</ele>
        <time>2026-06-28T22:16:33.080Z</time>
      </trkpt>
      <trkpt lat="51.147838" lon="5.809488">
        <ele>30.148388</ele>
        <time>2026-06-28T22:16:34.526Z</time>
      </trkpt>
      <trkpt lat="51.147790" lon="5.809200">
        <ele>30.188681</ele>
        <time>2026-06-28T22:16:37.727Z</time>
      </trkpt>
      <trkpt lat="51.147277" lon="5.806650">
        <ele>30.209509</ele>
        <time>2026-06-28T22:17:02.009Z</time>
      </trkpt>
      <trkpt lat="51.146934" lon="5.804939">
        <ele>30.246222</ele>
        <time>2026-06-28T22:17:18.223Z</time>
      </trkpt>
      <trkpt lat="51.146960" lon="5.804859">
        <ele>30.248064</ele>
        <time>2026-06-28T22:17:19.100Z</time>
      </trkpt>
      <trkpt lat="51.146639" lon="5.803056">
        <ele>30.342473</ele>
        <time>2026-06-28T22:17:44.160Z</time>
      </trkpt>
      <trkpt lat="51.146588" lon="5.802900">
        <ele>30.356740</ele>
        <time>2026-06-28T22:17:46.524Z</time>
      </trkpt>
      <trkpt lat="51.145684" lon="5.798418">
        <ele>30.497572</ele>
        <time>2026-06-28T22:18:46.590Z</time>
      </trkpt>
      <trkpt lat="51.145634" lon="5.798308">
        <ele>30.493143</ele>
        <time>2026-06-28T22:18:48.302Z</time>
      </trkpt>
      <trkpt lat="51.145598" lon="5.798120">
        <ele>30.486735</ele>
        <time>2026-06-28T22:18:50.778Z</time>
      </trkpt>
      <trkpt lat="51.145565" lon="5.797832">
        <ele>30.477190</ele>
        <time>2026-06-28T22:18:54.459Z</time>
      </trkpt>
      <trkpt lat="51.145326" lon="5.796656">
        <ele>30.436888</ele>
        <time>2026-06-28T22:19:09.915Z</time>
      </trkpt>
      <trkpt lat="51.143319" lon="5.786725">
        <ele>29.475079</ele>
        <time>2026-06-28T22:21:18.645Z</time>
      </trkpt>
      <trkpt lat="51.143289" lon="5.786672">
        <ele>29.466021</ele>
        <time>2026-06-28T22:21:19.512Z</time>
      </trkpt>
      <trkpt lat="51.143261" lon="5.786520">
        <ele>29.445920</ele>
        <time>2026-06-28T22:21:21.421Z</time>
      </trkpt>
      <trkpt lat="51.143257" lon="5.786317">
        <ele>29.420149</ele>
        <time>2026-06-28T22:21:23.882Z</time>
      </trkpt>
      <trkpt lat="51.143276" lon="5.786219">
        <ele>29.407133</ele>
        <time>2026-06-28T22:21:24.776Z</time>
      </trkpt>
      <trkpt lat="51.143259" lon="5.786087">
        <ele>29.390035</ele>
        <time>2026-06-28T22:21:25.944Z</time>
      </trkpt>
      <trkpt lat="51.143196" lon="5.785999">
        <ele>29.373092</ele>
        <time>2026-06-28T22:21:27.113Z</time>
      </trkpt>
      <trkpt lat="51.143171" lon="5.785872">
        <ele>29.356203</ele>
        <time>2026-06-28T22:21:28.711Z</time>
      </trkpt>
      <trkpt lat="51.143193" lon="5.785358">
        <ele>29.290830</ele>
        <time>2026-06-28T22:21:34.914Z</time>
      </trkpt>
      <trkpt lat="51.143232" lon="5.785169">
        <ele>29.265584</ele>
        <time>2026-06-28T22:21:37.302Z</time>
      </trkpt>
      <trkpt lat="51.143327" lon="5.783572">
        <ele>29.174053</ele>
        <time>2026-06-28T22:21:57.089Z</time>
      </trkpt>
      <trkpt lat="51.143359" lon="5.783308">
        <ele>29.163293</ele>
        <time>2026-06-28T22:22:00.487Z</time>
      </trkpt>
      <trkpt lat="51.143464" lon="5.781218">
        <ele>29.160142</ele>
        <time>2026-06-28T22:22:27.301Z</time>
      </trkpt>
      <trkpt lat="51.143501" lon="5.780556">
        <ele>29.201643</ele>
        <time>2026-06-28T22:22:36.167Z</time>
      </trkpt>
      <trkpt lat="51.143589" lon="5.779001">
        <ele>29.296499</ele>
        <time>2026-06-28T22:22:56.273Z</time>
      </trkpt>
      <trkpt lat="51.143687" lon="5.777393">
        <ele>29.368415</ele>
        <time>2026-06-28T22:23:17.206Z</time>
      </trkpt>
      <trkpt lat="51.143804" lon="5.776144">
        <ele>29.424511</ele>
        <time>2026-06-28T22:23:33.164Z</time>
      </trkpt>
      <trkpt lat="51.143823" lon="5.775852">
        <ele>29.437359</ele>
        <time>2026-06-28T22:23:36.956Z</time>
      </trkpt>
      <trkpt lat="51.143830" lon="5.775729">
        <ele>29.442764</ele>
        <time>2026-06-28T22:23:38.556Z</time>
      </trkpt>
      <trkpt lat="51.143869" lon="5.775091">
        <ele>29.470818</ele>
        <time>2026-06-28T22:23:46.948Z</time>
      </trkpt>
      <trkpt lat="51.143887" lon="5.774420">
        <ele>29.500210</ele>
        <time>2026-06-28T22:23:55.616Z</time>
      </trkpt>
      <trkpt lat="51.143878" lon="5.774229">
        <ele>29.508593</ele>
        <time>2026-06-28T22:23:58.055Z</time>
      </trkpt>
      <trkpt lat="51.143997" lon="5.772259">
        <ele>29.561261</ele>
        <time>2026-06-28T22:24:23.555Z</time>
      </trkpt>
      <trkpt lat="51.144562" lon="5.762356">
        <ele>29.729480</ele>
        <time>2026-06-28T22:26:29.979Z</time>
      </trkpt>
      <trkpt lat="51.144614" lon="5.761509">
        <ele>29.734053</ele>
        <time>2026-06-28T22:26:40.892Z</time>
      </trkpt>
      <trkpt lat="51.144716" lon="5.759677">
        <ele>29.724731</ele>
        <time>2026-06-28T22:27:04.104Z</time>
      </trkpt>
      <trkpt lat="51.144978" lon="5.755011">
        <ele>29.823838</ele>
        <time>2026-06-28T22:28:03.920Z</time>
      </trkpt>
      <trkpt lat="51.144987" lon="5.754516">
        <ele>29.843244</ele>
        <time>2026-06-28T22:28:10.397Z</time>
      </trkpt>
      <trkpt lat="51.145012" lon="5.754383">
        <ele>29.848685</ele>
        <time>2026-06-28T22:28:12.200Z</time>
      </trkpt>
      <trkpt lat="51.145092" lon="5.753124">
        <ele>29.878448</ele>
        <time>2026-06-28T22:28:28.475Z</time>
      </trkpt>
      <trkpt lat="51.145209" lon="5.751105">
        <ele>29.840074</ele>
        <time>2026-06-28T22:28:53.578Z</time>
      </trkpt>
      <trkpt lat="51.145219" lon="5.750893">
        <ele>29.836050</ele>
        <time>2026-06-28T22:28:56.217Z</time>
      </trkpt>
      <trkpt lat="51.145166" lon="5.750692">
        <ele>29.831924</ele>
        <time>2026-06-28T22:28:58.950Z</time>
      </trkpt>
      <trkpt lat="51.145191" lon="5.750292">
        <ele>29.888905</ele>
        <time>2026-06-28T22:29:02.679Z</time>
      </trkpt>
      <trkpt lat="51.145206" lon="5.750048">
        <ele>29.931631</ele>
        <time>2026-06-28T22:29:04.993Z</time>
      </trkpt>
      <trkpt lat="51.145311" lon="5.748406">
        <ele>30.219269</ele>
        <time>2026-06-28T22:29:21.699Z</time>
      </trkpt>
      <trkpt lat="51.145361" lon="5.747823">
        <ele>30.321815</ele>
        <time>2026-06-28T22:29:27.979Z</time>
      </trkpt>
      <trkpt lat="51.145540" lon="5.745722">
        <ele>30.880913</ele>
        <time>2026-06-28T22:29:50.466Z</time>
      </trkpt>
      <trkpt lat="51.145564" lon="5.745438">
        <ele>30.957079</ele>
        <time>2026-06-28T22:29:54.336Z</time>
      </trkpt>
      <trkpt lat="51.145581" lon="5.745233">
        <ele>31.012039</ele>
        <time>2026-06-28T22:29:57.110Z</time>
      </trkpt>
      <trkpt lat="51.145601" lon="5.744990">
        <ele>31.077179</ele>
        <time>2026-06-28T22:30:00.392Z</time>
      </trkpt>
      <trkpt lat="51.145714" lon="5.743500">
        <ele>31.190369</ele>
        <time>2026-06-28T22:30:20.153Z</time>
      </trkpt>
      <trkpt lat="51.145699" lon="5.742990">
        <ele>31.225037</ele>
        <time>2026-06-28T22:30:26.698Z</time>
      </trkpt>
      <trkpt lat="51.145659" lon="5.742648">
        <ele>31.248660</ele>
        <time>2026-06-28T22:30:31.121Z</time>
      </trkpt>
      <trkpt lat="51.145618" lon="5.742374">
        <ele>31.267787</ele>
        <time>2026-06-28T22:30:34.655Z</time>
      </trkpt>
      <trkpt lat="51.145604" lon="5.742074">
        <ele>31.285862</ele>
        <time>2026-06-28T22:30:38.422Z</time>
      </trkpt>
      <trkpt lat="51.145595" lon="5.741892">
        <ele>31.274045</ele>
        <time>2026-06-28T22:30:40.699Z</time>
      </trkpt>
      <trkpt lat="51.145646" lon="5.741812">
        <ele>31.266662</ele>
        <time>2026-06-28T22:30:42.125Z</time>
      </trkpt>
      <trkpt lat="51.145649" lon="5.741676">
        <ele>31.257853</ele>
        <time>2026-06-28T22:30:43.825Z</time>
      </trkpt>
      <trkpt lat="51.145612" lon="5.741602">
        <ele>31.251728</ele>
        <time>2026-06-28T22:30:45.008Z</time>
      </trkpt>
      <trkpt lat="51.145556" lon="5.741570">
        <ele>31.245590</ele>
        <time>2026-06-28T22:30:46.194Z</time>
      </trkpt>
      <trkpt lat="51.145464" lon="5.741641">
        <ele>31.235043</ele>
        <time>2026-06-28T22:30:48.215Z</time>
      </trkpt>
      <trkpt lat="51.145456" lon="5.741744">
        <ele>31.228325</ele>
        <time>2026-06-28T22:30:49.500Z</time>
      </trkpt>
      <trkpt lat="51.145452" lon="5.741803">
        <ele>31.224484</ele>
        <time>2026-06-28T22:30:50.235Z</time>
      </trkpt>
      <trkpt lat="51.145380" lon="5.741955">
        <ele>31.212155</ele>
        <time>2026-06-28T22:30:52.582Z</time>
      </trkpt>
      <trkpt lat="51.145243" lon="5.742242">
        <ele>31.188811</ele>
        <time>2026-06-28T22:30:57.048Z</time>
      </trkpt>
      <trkpt lat="51.145176" lon="5.742353">
        <ele>31.178841</ele>
        <time>2026-06-28T22:30:58.938Z</time>
      </trkpt>
      <trkpt lat="51.145015" lon="5.742616">
        <ele>31.155055</ele>
        <time>2026-06-28T22:31:03.440Z</time>
      </trkpt>
      <trkpt lat="51.144666" lon="5.743153">
        <ele>31.105005</ele>
        <time>2026-06-28T22:31:10.440Z</time>
      </trkpt>
      <trkpt lat="51.144621" lon="5.743222">
        <ele>31.100439</ele>
        <time>2026-06-28T22:31:11.337Z</time>
      </trkpt>
      <trkpt lat="51.144474" lon="5.743448">
        <ele>31.093180</ele>
        <time>2026-06-28T22:31:14.243Z</time>
      </trkpt>
      <trkpt lat="51.144372" lon="5.743605">
        <ele>31.088140</ele>
        <time>2026-06-28T22:31:16.285Z</time>
      </trkpt>
      <trkpt lat="51.144331" lon="5.743668">
        <ele>31.086116</ele>
        <time>2026-06-28T22:31:17.099Z</time>
      </trkpt>
      <trkpt lat="51.144292" lon="5.743727">
        <ele>31.084205</ele>
        <time>2026-06-28T22:31:17.886Z</time>
      </trkpt>
      <trkpt lat="51.144258" lon="5.743777">
        <ele>31.082561</ele>
        <time>2026-06-28T22:31:18.832Z</time>
      </trkpt>
      <trkpt lat="51.144133" lon="5.743913">
        <ele>31.077181</ele>
        <time>2026-06-28T22:31:21.878Z</time>
      </trkpt>
      <trkpt lat="51.144127" lon="5.743917">
        <ele>31.076950</ele>
        <time>2026-06-28T22:31:22.017Z</time>
      </trkpt>
      <trkpt lat="51.144016" lon="5.743989">
        <ele>31.072691</ele>
        <time>2026-06-28T22:31:24.460Z</time>
      </trkpt>
      <trkpt lat="51.143961" lon="5.743827">
        <ele>31.068583</ele>
        <time>2026-06-28T22:31:26.818Z</time>
      </trkpt>
      <trkpt lat="51.143955" lon="5.743653">
        <ele>31.064697</ele>
        <time>2026-06-28T22:31:29.066Z</time>
      </trkpt>
      <trkpt lat="51.143993" lon="5.743198">
        <ele>31.054462</ele>
        <time>2026-06-28T22:31:33.427Z</time>
      </trkpt>
      <trkpt lat="51.144004" lon="5.742725">
        <ele>31.043907</ele>
        <time>2026-06-28T22:31:37.863Z</time>
      </trkpt>
      <trkpt lat="51.144019" lon="5.742049">
        <ele>30.992048</ele>
        <time>2026-06-28T22:31:43.949Z</time>
      </trkpt>
      <trkpt lat="51.143990" lon="5.741928">
        <ele>30.976909</ele>
        <time>2026-06-28T22:31:45.100Z</time>
      </trkpt>
      <trkpt lat="51.143900" lon="5.741865">
        <ele>30.958598</ele>
        <time>2026-06-28T22:31:46.481Z</time>
      </trkpt>
      <trkpt lat="51.143262" lon="5.741836">
        <ele>30.839698</ele>
        <time>2026-06-28T22:31:55.591Z</time>
      </trkpt>
      <trkpt lat="51.143246" lon="5.741832">
        <ele>30.836681</ele>
        <time>2026-06-28T22:31:55.814Z</time>
      </trkpt>
      <trkpt lat="51.142743" lon="5.741706">
        <ele>30.741829</ele>
        <time>2026-06-28T22:32:02.829Z</time>
      </trkpt>
      <trkpt lat="51.142270" lon="5.741496">
        <ele>30.702364</ele>
        <time>2026-06-28T22:32:09.714Z</time>
      </trkpt>
      <trkpt lat="51.141908" lon="5.741286">
        <ele>30.702272</ele>
        <time>2026-06-28T22:32:15.328Z</time>
      </trkpt>
      <trkpt lat="51.140734" lon="5.740568">
        <ele>30.700803</ele>
        <time>2026-06-28T22:32:34.554Z</time>
      </trkpt>
      <trkpt lat="51.140141" lon="5.740204">
        <ele>30.694639</ele>
        <time>2026-06-28T22:32:44.126Z</time>
      </trkpt>
      <trkpt lat="51.140159" lon="5.740149">
        <ele>30.694261</ele>
        <time>2026-06-28T22:32:44.903Z</time>
      </trkpt>
      <trkpt lat="51.138554" lon="5.739174">
        <ele>30.655959</ele>
        <time>2026-06-28T22:33:18.966Z</time>
      </trkpt>
      <trkpt lat="51.137683" lon="5.738624">
        <ele>30.618591</ele>
        <time>2026-06-28T22:33:37.853Z</time>
      </trkpt>
      <trkpt lat="51.137495" lon="5.738557">
        <ele>30.615432</ele>
        <time>2026-06-28T22:33:41.788Z</time>
      </trkpt>
      <trkpt lat="51.134631" lon="5.736483">
        <ele>30.776727</ele>
        <time>2026-06-28T22:34:29.353Z</time>
      </trkpt>
      <trkpt lat="51.134600" lon="5.736459">
        <ele>30.778343</ele>
        <time>2026-06-28T22:34:29.872Z</time>
      </trkpt>
      <trkpt lat="51.132131" lon="5.734666">
        <ele>30.778283</ele>
        <time>2026-06-28T22:35:09.859Z</time>
      </trkpt>
      <trkpt lat="51.130412" lon="5.733418">
        <ele>30.671546</ele>
        <time>2026-06-28T22:35:37.532Z</time>
      </trkpt>
      <trkpt lat="51.129568" lon="5.732768">
        <ele>30.581499</ele>
        <time>2026-06-28T22:35:51.013Z</time>
      </trkpt>
      <trkpt lat="51.128876" lon="5.732043">
        <ele>30.520086</ele>
        <time>2026-06-28T22:36:02.842Z</time>
      </trkpt>
      <trkpt lat="51.128811" lon="5.731972">
        <ele>30.514888</ele>
        <time>2026-06-28T22:36:03.976Z</time>
      </trkpt>
      <trkpt lat="51.128740" lon="5.731891">
        <ele>30.509128</ele>
        <time>2026-06-28T22:36:05.241Z</time>
      </trkpt>
      <trkpt lat="51.126704" lon="5.729581">
        <ele>30.459396</ele>
        <time>2026-06-28T22:36:42.548Z</time>
      </trkpt>
      <trkpt lat="51.124626" lon="5.727229">
        <ele>30.284723</ele>
        <time>2026-06-28T22:37:19.401Z</time>
      </trkpt>
      <trkpt lat="51.124364" lon="5.726922">
        <ele>30.244447</ele>
        <time>2026-06-28T22:37:24.210Z</time>
      </trkpt>
      <trkpt lat="51.122515" lon="5.724839">
        <ele>30.074907</ele>
        <time>2026-06-28T22:37:56.309Z</time>
      </trkpt>
      <trkpt lat="51.120861" lon="5.722964">
        <ele>30.593580</ele>
        <time>2026-06-28T22:38:28.433Z</time>
      </trkpt>
      <trkpt lat="51.119933" lon="5.721924">
        <ele>31.195602</ele>
        <time>2026-06-28T22:38:49.194Z</time>
      </trkpt>
      <trkpt lat="51.118947" lon="5.720819">
        <ele>31.811809</ele>
        <time>2026-06-28T22:39:09.620Z</time>
      </trkpt>
      <trkpt lat="51.118178" lon="5.719877">
        <ele>31.822856</ele>
        <time>2026-06-28T22:39:23.882Z</time>
      </trkpt>
      <trkpt lat="51.118136" lon="5.719793">
        <ele>31.823624</ele>
        <time>2026-06-28T22:39:24.847Z</time>
      </trkpt>
      <trkpt lat="51.118004" lon="5.719834">
        <ele>31.825156</ele>
        <time>2026-06-28T22:39:26.731Z</time>
      </trkpt>
      <trkpt lat="51.109337" lon="5.718644">
        <ele>30.630859</ele>
        <time>2026-06-28T22:41:30.107Z</time>
      </trkpt>
      <trkpt lat="51.107080" lon="5.718373">
        <ele>31.113166</ele>
        <time>2026-06-28T22:42:06.902Z</time>
      </trkpt>
      <trkpt lat="51.104668" lon="5.718068">
        <ele>31.389259</ele>
        <time>2026-06-28T22:42:43.517Z</time>
      </trkpt>
      <trkpt lat="51.102652" lon="5.717781">
        <ele>31.565223</ele>
        <time>2026-06-28T22:43:13.888Z</time>
      </trkpt>
      <trkpt lat="51.099297" lon="5.717334">
        <ele>32.232116</ele>
        <time>2026-06-28T22:44:06.765Z</time>
      </trkpt>
      <trkpt lat="51.097602" lon="5.717111">
        <ele>32.709670</ele>
        <time>2026-06-28T22:44:33.973Z</time>
      </trkpt>
      <trkpt lat="51.096319" lon="5.716949">
        <ele>33.080468</ele>
        <time>2026-06-28T22:44:54.895Z</time>
      </trkpt>
      <trkpt lat="51.096273" lon="5.716956">
        <ele>33.093781</ele>
        <time>2026-06-28T22:44:55.581Z</time>
      </trkpt>
      <trkpt lat="51.096241" lon="5.716760">
        <ele>33.130423</ele>
        <time>2026-06-28T22:44:57.572Z</time>
      </trkpt>
      <trkpt lat="51.096222" lon="5.716646">
        <ele>33.151763</ele>
        <time>2026-06-28T22:44:58.691Z</time>
      </trkpt>
      <trkpt lat="51.096187" lon="5.716463">
        <ele>33.164638</ele>
        <time>2026-06-28T22:45:00.499Z</time>
      </trkpt>
      <trkpt lat="51.096171" lon="5.716374">
        <ele>33.169281</ele>
        <time>2026-06-28T22:45:01.388Z</time>
      </trkpt>
      <trkpt lat="51.096159" lon="5.716302">
        <ele>33.173018</ele>
        <time>2026-06-28T22:45:02.084Z</time>
      </trkpt>
      <trkpt lat="51.096124" lon="5.716101">
        <ele>33.183481</ele>
        <time>2026-06-28T22:45:04.737Z</time>
      </trkpt>
      <trkpt lat="51.096098" lon="5.715992">
        <ele>33.189329</ele>
        <time>2026-06-28T22:45:06.175Z</time>
      </trkpt>
      <trkpt lat="51.095994" lon="5.715540">
        <ele>33.213475</ele>
        <time>2026-06-28T22:45:12.293Z</time>
      </trkpt>
      <trkpt lat="51.095757" lon="5.714638">
        <ele>33.262520</ele>
        <time>2026-06-28T22:45:24.858Z</time>
      </trkpt>
      <trkpt lat="51.095102" lon="5.712381">
        <ele>33.564605</ele>
        <time>2026-06-28T22:45:57.401Z</time>
      </trkpt>
      <trkpt lat="51.094603" lon="5.710662">
        <ele>33.855751</ele>
        <time>2026-06-28T22:46:23.012Z</time>
      </trkpt>
      <trkpt lat="51.094542" lon="5.710452">
        <ele>33.891877</ele>
        <time>2026-06-28T22:46:26.121Z</time>
      </trkpt>
      <trkpt lat="51.094491" lon="5.710276">
        <ele>33.922141</ele>
        <time>2026-06-28T22:46:28.719Z</time>
      </trkpt>
      <trkpt lat="51.094067" lon="5.708737">
        <ele>34.183261</ele>
        <time>2026-06-28T22:46:50.919Z</time>
      </trkpt>
      <trkpt lat="51.094048" lon="5.708646">
        <ele>34.187676</ele>
        <time>2026-06-28T22:46:52.182Z</time>
      </trkpt>
      <trkpt lat="51.093822" lon="5.707545">
        <ele>34.240999</ele>
        <time>2026-06-28T22:47:07.210Z</time>
      </trkpt>
      <trkpt lat="51.093759" lon="5.707582">
        <ele>34.245921</ele>
        <time>2026-06-28T22:47:08.591Z</time>
      </trkpt>
      <trkpt lat="51.092869" lon="5.708252">
        <ele>34.317152</ele>
        <time>2026-06-28T22:47:28.649Z</time>
      </trkpt>
      <trkpt lat="51.092630" lon="5.708418">
        <ele>34.331212</ele>
        <time>2026-06-28T22:47:33.981Z</time>
      </trkpt>
      <trkpt lat="51.092166" lon="5.707658">
        <ele>34.367107</ele>
        <time>2026-06-28T22:47:47.610Z</time>
      </trkpt>
      <trkpt lat="51.091947" lon="5.707405">
        <ele>34.381696</ele>
        <time>2026-06-28T22:47:53.089Z</time>
      </trkpt>
      <trkpt lat="51.091353" lon="5.706926">
        <ele>34.435149</ele>
        <time>2026-06-28T22:48:06.691Z</time>
      </trkpt>
      <trkpt lat="51.091152" lon="5.706883">
        <ele>34.477815</ele>
        <time>2026-06-28T22:48:10.886Z</time>
      </trkpt>
      <trkpt lat="51.091003" lon="5.706901">
        <ele>34.509252</ele>
        <time>2026-06-28T22:48:14.003Z</time>
      </trkpt>
      <trkpt lat="51.090138" lon="5.707249">
        <ele>34.696951</ele>
        <time>2026-06-28T22:48:32.762Z</time>
      </trkpt>
      <trkpt lat="51.089817" lon="5.707283">
        <ele>34.764632</ele>
        <time>2026-06-28T22:48:39.794Z</time>
      </trkpt>
      <trkpt lat="51.089073" lon="5.707139">
        <ele>34.865747</ele>
        <time>2026-06-28T22:48:55.903Z</time>
      </trkpt>
      <trkpt lat="51.089056" lon="5.707174">
        <ele>34.869096</ele>
        <time>2026-06-28T22:48:56.338Z</time>
      </trkpt>
      <trkpt lat="51.089023" lon="5.707249">
        <ele>34.876025</ele>
        <time>2026-06-28T22:48:57.539Z</time>
      </trkpt>
      <trkpt lat="51.088845" lon="5.707858">
        <ele>34.926856</ele>
        <time>2026-06-28T22:49:06.148Z</time>
      </trkpt>
      <trkpt lat="51.088091" lon="5.707832">
        <ele>35.019875</ele>
        <time>2026-06-28T22:49:21.357Z</time>
      </trkpt>
      <trkpt lat="51.087845" lon="5.707873">
        <ele>35.055482</ele>
        <time>2026-06-28T22:49:26.352Z</time>
      </trkpt>
      <trkpt lat="51.087609" lon="5.708013">
        <ele>35.091737</ele>
        <time>2026-06-28T22:49:31.434Z</time>
      </trkpt>
      <trkpt lat="51.087259" lon="5.708312">
        <ele>35.148916</ele>
        <time>2026-06-28T22:49:39.719Z</time>
      </trkpt>
      <trkpt lat="51.086631" lon="5.708849">
        <ele>35.251534</ele>
        <time>2026-06-28T22:49:54.848Z</time>
      </trkpt>
      <trkpt lat="51.086613" lon="5.708872">
        <ele>35.254857</ele>
        <time>2026-06-28T22:49:55.350Z</time>
      </trkpt>
      <trkpt lat="51.086197" lon="5.709194">
        <ele>35.196157</ele>
        <time>2026-06-28T22:50:02.492Z</time>
      </trkpt>
      <trkpt lat="51.085988" lon="5.709312">
        <ele>35.156500</ele>
        <time>2026-06-28T22:50:05.830Z</time>
      </trkpt>
      <trkpt lat="51.085639" lon="5.709391">
        <ele>35.093460</ele>
        <time>2026-06-28T22:50:10.956Z</time>
      </trkpt>
      <trkpt lat="51.085074" lon="5.709394">
        <ele>34.992418</ele>
        <time>2026-06-28T22:50:18.723Z</time>
      </trkpt>
      <trkpt lat="51.084374" lon="5.709409">
        <ele>34.896647</ele>
        <time>2026-06-28T22:50:27.860Z</time>
      </trkpt>
      <trkpt lat="51.083390" lon="5.709658">
        <ele>34.786828</ele>
        <time>2026-06-28T22:50:41.659Z</time>
      </trkpt>
      <trkpt lat="51.083385" lon="5.709610">
        <ele>34.783459</ele>
        <time>2026-06-28T22:50:42.141Z</time>
      </trkpt>
      <trkpt lat="51.083149" lon="5.706668">
        <ele>35.489731</ele>
        <time>2026-06-28T22:51:14.020Z</time>
      </trkpt>
      <trkpt lat="51.083142" lon="5.706582">
        <ele>35.516393</ele>
        <time>2026-06-28T22:51:14.934Z</time>
      </trkpt>
      <trkpt lat="51.083066" lon="5.705704">
        <ele>35.724949</ele>
        <time>2026-06-28T22:51:24.153Z</time>
      </trkpt>
      <trkpt lat="51.082972" lon="5.704605">
        <ele>35.932110</ele>
        <time>2026-06-28T22:51:35.304Z</time>
      </trkpt>
      <trkpt lat="51.082921" lon="5.704628">
        <ele>35.947870</ele>
        <time>2026-06-28T22:51:36.156Z</time>
      </trkpt>
      <trkpt lat="51.081200" lon="5.705410">
        <ele>36.141448</ele>
        <time>2026-06-28T22:52:04.394Z</time>
      </trkpt>
      <trkpt lat="51.081154" lon="5.705368">
        <ele>36.140495</ele>
        <time>2026-06-28T22:52:05.124Z</time>
      </trkpt>
      <trkpt lat="51.080928" lon="5.705470">
        <ele>36.136269</ele>
        <time>2026-06-28T22:52:08.356Z</time>
      </trkpt>
      <trkpt lat="51.080728" lon="5.705506">
        <ele>36.132648</ele>
        <time>2026-06-28T22:52:11.068Z</time>
      </trkpt>
      <trkpt lat="51.080513" lon="5.705620">
        <ele>36.128572</ele>
        <time>2026-06-28T22:52:14.091Z</time>
      </trkpt>
      <trkpt lat="51.080259" lon="5.705916">
        <ele>35.972676</ele>
        <time>2026-06-28T22:52:18.194Z</time>
      </trkpt>
      <trkpt lat="51.080199" lon="5.705831">
        <ele>35.931756</ele>
        <time>2026-06-28T22:52:19.231Z</time>
      </trkpt>
      <trkpt lat="51.080104" lon="5.705801">
        <ele>35.882415</ele>
        <time>2026-06-28T22:52:20.473Z</time>
      </trkpt>
      <trkpt lat="51.079145" lon="5.706000">
        <ele>35.389718</ele>
        <time>2026-06-28T22:52:32.999Z</time>
      </trkpt>
      <trkpt lat="51.076390" lon="5.706583">
        <ele>34.473759</ele>
        <time>2026-06-28T22:53:11.336Z</time>
      </trkpt>
      <trkpt lat="51.075431" lon="5.706769">
        <ele>34.270125</ele>
        <time>2026-06-28T22:53:24.946Z</time>
      </trkpt>
      <trkpt lat="51.075087" lon="5.706801">
        <ele>34.217493</ele>
        <time>2026-06-28T22:53:29.934Z</time>
      </trkpt>
      <trkpt lat="51.074455" lon="5.706505">
        <ele>34.170155</ele>
        <time>2026-06-28T22:53:39.637Z</time>
      </trkpt>
      <trkpt lat="51.073489" lon="5.706017">
        <ele>34.102070</ele>
        <time>2026-06-28T22:53:54.246Z</time>
      </trkpt>
      <trkpt lat="51.073269" lon="5.705945">
        <ele>34.146363</ele>
        <time>2026-06-28T22:53:57.473Z</time>
      </trkpt>
      <trkpt lat="51.072616" lon="5.706035">
        <ele>34.275621</ele>
        <time>2026-06-28T22:54:07.311Z</time>
      </trkpt>
      <trkpt lat="51.072544" lon="5.706049">
        <ele>34.289925</ele>
        <time>2026-06-28T22:54:08.447Z</time>
      </trkpt>
      <trkpt lat="51.071567" lon="5.706222">
        <ele>34.491703</ele>
        <time>2026-06-28T22:54:24.748Z</time>
      </trkpt>
      <trkpt lat="51.070394" lon="5.706432">
        <ele>34.784948</ele>
        <time>2026-06-28T22:54:44.579Z</time>
      </trkpt>
      <trkpt lat="51.067729" lon="5.706964">
        <ele>34.406914</ele>
        <time>2026-06-28T22:55:21.264Z</time>
      </trkpt>
      <trkpt lat="51.066838" lon="5.707139">
        <ele>34.514805</ele>
        <time>2026-06-28T22:55:34.470Z</time>
      </trkpt>
      <trkpt lat="51.065158" lon="5.707477">
        <ele>35.479879</ele>
        <time>2026-06-28T22:56:05.480Z</time>
      </trkpt>
      <trkpt lat="51.063974" lon="5.707708">
        <ele>35.955660</ele>
        <time>2026-06-28T22:56:26.065Z</time>
      </trkpt>
      <trkpt lat="51.061301" lon="5.708246">
        <ele>35.862545</ele>
        <time>2026-06-28T22:57:03.784Z</time>
      </trkpt>
      <trkpt lat="51.060193" lon="5.708426">
        <ele>35.900849</ele>
        <time>2026-06-28T22:57:21.560Z</time>
      </trkpt>
      <trkpt lat="51.059492" lon="5.708570">
        <ele>35.962738</ele>
        <time>2026-06-28T22:57:32.362Z</time>
      </trkpt>
      <trkpt lat="51.059093" lon="5.708761">
        <ele>35.961431</ele>
        <time>2026-06-28T22:57:38.298Z</time>
      </trkpt>
      <trkpt lat="51.057808" lon="5.709711">
        <ele>35.718514</ele>
        <time>2026-06-28T22:57:57.668Z</time>
      </trkpt>
      <trkpt lat="51.055565" lon="5.711348">
        <ele>35.738653</ele>
        <time>2026-06-28T22:58:35.531Z</time>
      </trkpt>
      <trkpt lat="51.055443" lon="5.711441">
        <ele>35.712609</ele>
        <time>2026-06-28T22:58:38.168Z</time>
      </trkpt>
      <trkpt lat="51.055422" lon="5.711461">
        <ele>35.707897</ele>
        <time>2026-06-28T22:58:38.638Z</time>
      </trkpt>
      <trkpt lat="51.055185" lon="5.711646">
        <ele>35.657073</ele>
        <time>2026-06-28T22:58:43.716Z</time>
      </trkpt>
      <trkpt lat="51.054281" lon="5.712315">
        <ele>35.466443</ele>
        <time>2026-06-28T22:59:02.543Z</time>
      </trkpt>
      <trkpt lat="51.051501" lon="5.714355">
        <ele>35.128176</ele>
        <time>2026-06-28T23:00:02.931Z</time>
      </trkpt>
      <trkpt lat="51.049681" lon="5.715680">
        <ele>35.428501</ele>
        <time>2026-06-28T23:00:45.119Z</time>
      </trkpt>
      <trkpt lat="51.047734" lon="5.717111">
        <ele>35.958638</ele>
        <time>2026-06-28T23:01:30.757Z</time>
      </trkpt>
      <trkpt lat="51.045356" lon="5.718846">
        <ele>36.109267</ele>
        <time>2026-06-28T23:02:24.753Z</time>
      </trkpt>
      <trkpt lat="51.045203" lon="5.719490">
        <ele>36.065762</ele>
        <time>2026-06-28T23:02:30.919Z</time>
      </trkpt>
      <trkpt lat="51.044949" lon="5.721164">
        <ele>35.885444</ele>
        <time>2026-06-28T23:02:45.715Z</time>
      </trkpt>
      <trkpt lat="51.044842" lon="5.721652">
        <ele>35.814269</ele>
        <time>2026-06-28T23:02:50.193Z</time>
      </trkpt>
      <trkpt lat="51.044607" lon="5.722431">
        <ele>35.695277</ele>
        <time>2026-06-28T23:02:57.774Z</time>
      </trkpt>
      <trkpt lat="51.044418" lon="5.723213">
        <ele>35.654828</ele>
        <time>2026-06-28T23:03:05.408Z</time>
      </trkpt>
      <trkpt lat="51.044383" lon="5.723357">
        <ele>35.670038</ele>
        <time>2026-06-28T23:03:06.863Z</time>
      </trkpt>
      <trkpt lat="51.044230" lon="5.723361">
        <ele>35.694015</ele>
        <time>2026-06-28T23:03:09.179Z</time>
      </trkpt>
      <trkpt lat="51.043423" lon="5.723081">
        <ele>35.823439</ele>
        <time>2026-06-28T23:03:21.974Z</time>
      </trkpt>
      <trkpt lat="51.042766" lon="5.722853">
        <ele>35.975237</ele>
        <time>2026-06-28T23:03:32.833Z</time>
      </trkpt>
      <trkpt lat="51.041461" lon="5.722049">
        <ele>36.629746</ele>
        <time>2026-06-28T23:03:56.660Z</time>
      </trkpt>
      <trkpt lat="51.041203" lon="5.721955">
        <ele>36.747367</ele>
        <time>2026-06-28T23:04:01.111Z</time>
      </trkpt>
      <trkpt lat="51.040486" lon="5.721780">
        <ele>36.785040</ele>
        <time>2026-06-28T23:04:12.475Z</time>
      </trkpt>
      <trkpt lat="51.039738" lon="5.721585">
        <ele>36.824406</ele>
        <time>2026-06-28T23:04:27.581Z</time>
      </trkpt>
      <trkpt lat="51.039706" lon="5.721559">
        <ele>36.826272</ele>
        <time>2026-06-28T23:04:28.275Z</time>
      </trkpt>
      <trkpt lat="51.039223" lon="5.721441">
        <ele>36.842147</ele>
        <time>2026-06-28T23:04:37.636Z</time>
      </trkpt>
      <trkpt lat="51.038694" lon="5.721293">
        <ele>36.847269</ele>
        <time>2026-06-28T23:04:48.389Z</time>
      </trkpt>
      <trkpt lat="51.038657" lon="5.721282">
        <ele>36.847628</ele>
        <time>2026-06-28T23:04:49.160Z</time>
      </trkpt>
      <trkpt lat="51.037741" lon="5.720821">
        <ele>36.856792</ele>
        <time>2026-06-28T23:05:03.865Z</time>
      </trkpt>
      <trkpt lat="51.037512" lon="5.721871">
        <ele>36.779257</ele>
        <time>2026-06-28T23:05:14.513Z</time>
      </trkpt>
      <trkpt lat="51.037460" lon="5.722106">
        <ele>36.760763</ele>
        <time>2026-06-28T23:05:17.647Z</time>
      </trkpt>
      <trkpt lat="51.037380" lon="5.722055">
        <ele>36.750588</ele>
        <time>2026-06-28T23:05:18.902Z</time>
      </trkpt>
      <trkpt lat="51.036408" lon="5.721440">
        <ele>36.614810</ele>
        <time>2026-06-28T23:05:33.400Z</time>
      </trkpt>
      <trkpt lat="51.036395" lon="5.721481">
        <ele>36.609041</ele>
        <time>2026-06-28T23:05:33.797Z</time>
      </trkpt>
      <trkpt lat="51.036364" lon="5.721568">
        <ele>36.596479</ele>
        <time>2026-06-28T23:05:34.645Z</time>
      </trkpt>
      <trkpt lat="51.036241" lon="5.721463">
        <ele>36.568588</ele>
        <time>2026-06-28T23:05:36.542Z</time>
      </trkpt>
      <trkpt lat="51.034805" lon="5.721227">
        <ele>36.276057</ele>
        <time>2026-06-28T23:05:56.938Z</time>
      </trkpt>
      <trkpt lat="51.034298" lon="5.721153">
        <ele>36.095634</ele>
        <time>2026-06-28T23:06:04.257Z</time>
      </trkpt>
      <trkpt lat="51.033187" lon="5.720985">
        <ele>35.700148</ele>
        <time>2026-06-28T23:06:19.459Z</time>
      </trkpt>
      <trkpt lat="51.032832" lon="5.720991">
        <ele>35.549016</ele>
        <time>2026-06-28T23:06:23.990Z</time>
      </trkpt>
      <trkpt lat="51.032407" lon="5.721069">
        <ele>35.345343</ele>
        <time>2026-06-28T23:06:29.478Z</time>
      </trkpt>
      <trkpt lat="51.031311" lon="5.721425">
        <ele>34.812794</ele>
        <time>2026-06-28T23:06:44.221Z</time>
      </trkpt>
      <trkpt lat="51.029878" lon="5.721499">
        <ele>34.871834</ele>
        <time>2026-06-28T23:07:05.167Z</time>
      </trkpt>
      <trkpt lat="51.028078" lon="5.721555">
        <ele>35.646934</ele>
        <time>2026-06-28T23:07:36.481Z</time>
      </trkpt>
      <trkpt lat="51.027600" lon="5.721566">
        <ele>35.870787</ele>
        <time>2026-06-28T23:07:44.507Z</time>
      </trkpt>
      <trkpt lat="51.027250" lon="5.721524">
        <ele>35.889882</ele>
        <time>2026-06-28T23:07:50.155Z</time>
      </trkpt>
      <trkpt lat="51.025290" lon="5.720839">
        <ele>36.036033</ele>
        <time>2026-06-28T23:08:19.229Z</time>
      </trkpt>
      <trkpt lat="51.025008" lon="5.720802">
        <ele>36.068038</ele>
        <time>2026-06-28T23:08:23.447Z</time>
      </trkpt>
      <trkpt lat="51.024449" lon="5.720919">
        <ele>36.131810</ele>
        <time>2026-06-28T23:08:32.398Z</time>
      </trkpt>
      <trkpt lat="51.024233" lon="5.720907">
        <ele>36.156257</ele>
        <time>2026-06-28T23:08:35.853Z</time>
      </trkpt>
      <trkpt lat="51.024059" lon="5.720914">
        <ele>36.184983</ele>
        <time>2026-06-28T23:08:38.631Z</time>
      </trkpt>
      <trkpt lat="51.023992" lon="5.720733">
        <ele>36.217426</ele>
        <time>2026-06-28T23:08:41.417Z</time>
      </trkpt>
      <trkpt lat="51.023964" lon="5.720759">
        <ele>36.225390</ele>
        <time>2026-06-28T23:08:42.126Z</time>
      </trkpt>
      <trkpt lat="51.023938" lon="5.720781">
        <ele>36.232623</ele>
        <time>2026-06-28T23:08:42.752Z</time>
      </trkpt>
      <trkpt lat="51.023915" lon="5.720712">
        <ele>36.244687</ele>
        <time>2026-06-28T23:08:43.786Z</time>
      </trkpt>
      <trkpt lat="51.023888" lon="5.720735">
        <ele>36.252210</ele>
        <time>2026-06-28T23:08:44.430Z</time>
      </trkpt>
      <trkpt lat="51.023859" lon="5.720761">
        <ele>36.260386</ele>
        <time>2026-06-28T23:08:45.163Z</time>
      </trkpt>
      <trkpt lat="51.023846" lon="5.720935">
        <ele>36.287455</ele>
        <time>2026-06-28T23:08:47.510Z</time>
      </trkpt>
      <trkpt lat="51.023659" lon="5.721105">
        <ele>36.340360</ele>
        <time>2026-06-28T23:08:52.198Z</time>
      </trkpt>
      <trkpt lat="51.022923" lon="5.721256">
        <ele>36.522618</ele>
        <time>2026-06-28T23:09:04.280Z</time>
      </trkpt>
      <trkpt lat="51.022606" lon="5.721446">
        <ele>36.605821</ele>
        <time>2026-06-28T23:09:09.498Z</time>
      </trkpt>
      <trkpt lat="51.021879" lon="5.722117">
        <ele>36.392658</ele>
        <time>2026-06-28T23:09:21.570Z</time>
      </trkpt>
      <trkpt lat="51.021063" lon="5.722863">
        <ele>36.144337</ele>
        <time>2026-06-28T23:09:34.210Z</time>
      </trkpt>
      <trkpt lat="51.020755" lon="5.723172">
        <ele>36.039585</ele>
        <time>2026-06-28T23:09:38.912Z</time>
      </trkpt>
      <trkpt lat="51.019999" lon="5.724136">
        <ele>35.758491</ele>
        <time>2026-06-28T23:09:52.214Z</time>
      </trkpt>
      <trkpt lat="51.019874" lon="5.724194">
        <ele>35.720723</ele>
        <time>2026-06-28T23:09:54.114Z</time>
      </trkpt>
      <trkpt lat="51.019762" lon="5.724196">
        <ele>35.688237</ele>
        <time>2026-06-28T23:09:55.768Z</time>
      </trkpt>
      <trkpt lat="51.019533" lon="5.724082">
        <ele>35.618637</ele>
        <time>2026-06-28T23:09:59.319Z</time>
      </trkpt>
      <trkpt lat="51.019497" lon="5.723860">
        <ele>35.611148</ele>
        <time>2026-06-28T23:10:02.251Z</time>
      </trkpt>
      <trkpt lat="51.019399" lon="5.723828">
        <ele>35.609069</ele>
        <time>2026-06-28T23:10:03.759Z</time>
      </trkpt>
      <trkpt lat="51.018231" lon="5.721979">
        <ele>35.592612</ele>
        <time>2026-06-28T23:10:27.942Z</time>
      </trkpt>
      <trkpt lat="51.017954" lon="5.721619">
        <ele>35.667543</ele>
        <time>2026-06-28T23:10:33.081Z</time>
      </trkpt>
      <trkpt lat="51.017880" lon="5.721532">
        <ele>35.686819</ele>
        <time>2026-06-28T23:10:34.455Z</time>
      </trkpt>
      <trkpt lat="51.017618" lon="5.721252">
        <ele>35.752936</ele>
        <time>2026-06-28T23:10:39.296Z</time>
      </trkpt>
      <trkpt lat="51.017323" lon="5.720992">
        <ele>35.823577</ele>
        <time>2026-06-28T23:10:44.677Z</time>
      </trkpt>
      <trkpt lat="51.017022" lon="5.720783">
        <ele>35.892365</ele>
        <time>2026-06-28T23:10:49.955Z</time>
      </trkpt>
      <trkpt lat="51.016702" lon="5.720607">
        <ele>35.970443</ele>
        <time>2026-06-28T23:10:55.548Z</time>
      </trkpt>
      <trkpt lat="51.016335" lon="5.720465">
        <ele>36.105235</ele>
        <time>2026-06-28T23:11:02.042Z</time>
      </trkpt>
      <trkpt lat="51.016266" lon="5.720447">
        <ele>36.130188</ele>
        <time>2026-06-28T23:11:03.288Z</time>
      </trkpt>
      <trkpt lat="51.016156" lon="5.720420">
        <ele>36.169908</ele>
        <time>2026-06-28T23:11:05.246Z</time>
      </trkpt>
      <trkpt lat="51.015252" lon="5.720215">
        <ele>36.495778</ele>
        <time>2026-06-28T23:11:20.526Z</time>
      </trkpt>
      <trkpt lat="51.014881" lon="5.720128">
        <ele>36.582628</ele>
        <time>2026-06-28T23:11:26.006Z</time>
      </trkpt>
      <trkpt lat="51.014326" lon="5.719997">
        <ele>36.511264</ele>
        <time>2026-06-28T23:11:33.799Z</time>
      </trkpt>
      <trkpt lat="51.014253" lon="5.719979">
        <ele>36.501869</ele>
        <time>2026-06-28T23:11:35.216Z</time>
      </trkpt>
      <trkpt lat="51.014082" lon="5.719941">
        <ele>36.479908</ele>
        <time>2026-06-28T23:11:38.562Z</time>
      </trkpt>
      <trkpt lat="51.013421" lon="5.719792">
        <ele>36.394995</ele>
        <time>2026-06-28T23:11:48.137Z</time>
      </trkpt>
      <trkpt lat="51.013263" lon="5.719750">
        <ele>36.374621</ele>
        <time>2026-06-28T23:11:51.213Z</time>
      </trkpt>
      <trkpt lat="51.013137" lon="5.719716">
        <ele>36.374313</ele>
        <time>2026-06-28T23:11:53.674Z</time>
      </trkpt>
      <trkpt lat="51.012813" lon="5.719544">
        <ele>36.419233</ele>
        <time>2026-06-28T23:12:00.544Z</time>
      </trkpt>
      <trkpt lat="51.012516" lon="5.719290">
        <ele>36.463585</ele>
        <time>2026-06-28T23:12:07.595Z</time>
      </trkpt>
      <trkpt lat="51.012416" lon="5.719173">
        <ele>36.479914</ele>
        <time>2026-06-28T23:12:10.239Z</time>
      </trkpt>
      <trkpt lat="51.012156" lon="5.718871">
        <ele>36.522261</ele>
        <time>2026-06-28T23:12:15.412Z</time>
      </trkpt>
      <trkpt lat="51.011233" lon="5.717796">
        <ele>36.721746</ele>
        <time>2026-06-28T23:12:33.166Z</time>
      </trkpt>
      <trkpt lat="51.010675" lon="5.717155">
        <ele>36.875668</ele>
        <time>2026-06-28T23:12:44.075Z</time>
      </trkpt>
      <trkpt lat="51.010077" lon="5.716472">
        <ele>36.998494</ele>
        <time>2026-06-28T23:12:55.968Z</time>
      </trkpt>
      <trkpt lat="51.009799" lon="5.716148">
        <ele>36.984680</ele>
        <time>2026-06-28T23:13:01.380Z</time>
      </trkpt>
      <trkpt lat="51.009299" lon="5.715687">
        <ele>36.961517</ele>
        <time>2026-06-28T23:13:09.848Z</time>
      </trkpt>
      <trkpt lat="51.008995" lon="5.715464">
        <ele>36.948100</ele>
        <time>2026-06-28T23:13:14.515Z</time>
      </trkpt>
      <trkpt lat="51.007724" lon="5.714728">
        <ele>36.811523</ele>
        <time>2026-06-28T23:13:32.949Z</time>
      </trkpt>
      <trkpt lat="51.007123" lon="5.714474">
        <ele>36.733807</ele>
        <time>2026-06-28T23:13:42.540Z</time>
      </trkpt>
      <trkpt lat="51.006538" lon="5.714334">
        <ele>36.530524</ele>
        <time>2026-06-28T23:13:51.764Z</time>
      </trkpt>
      <trkpt lat="51.006078" lon="5.714239">
        <ele>36.316745</ele>
        <time>2026-06-28T23:13:58.230Z</time>
      </trkpt>
      <trkpt lat="51.005742" lon="5.714165">
        <ele>36.160416</ele>
        <time>2026-06-28T23:14:02.528Z</time>
      </trkpt>
      <trkpt lat="51.005602" lon="5.714173">
        <ele>36.095854</ele>
        <time>2026-06-28T23:14:04.266Z</time>
      </trkpt>
      <trkpt lat="51.005483" lon="5.714192">
        <ele>36.040736</ele>
        <time>2026-06-28T23:14:05.757Z</time>
      </trkpt>
      <trkpt lat="51.005298" lon="5.714286">
        <ele>35.951224</ele>
        <time>2026-06-28T23:14:08.182Z</time>
      </trkpt>
      <trkpt lat="51.005283" lon="5.714296">
        <ele>35.943728</ele>
        <time>2026-06-28T23:14:08.381Z</time>
      </trkpt>
      <trkpt lat="51.005042" lon="5.714542">
        <ele>35.808299</ele>
        <time>2026-06-28T23:14:11.958Z</time>
      </trkpt>
      <trkpt lat="51.004847" lon="5.714922">
        <ele>35.658872</ele>
        <time>2026-06-28T23:14:15.829Z</time>
      </trkpt>
      <trkpt lat="51.004824" lon="5.715008">
        <ele>35.630395</ele>
        <time>2026-06-28T23:14:16.579Z</time>
      </trkpt>
      <trkpt lat="51.004687" lon="5.715590">
        <ele>35.441030</ele>
        <time>2026-06-28T23:14:21.614Z</time>
      </trkpt>
      <trkpt lat="51.004514" lon="5.716274">
        <ele>35.216377</ele>
        <time>2026-06-28T23:14:28.006Z</time>
      </trkpt>
      <trkpt lat="51.004352" lon="5.716695">
        <ele>35.065992</ele>
        <time>2026-06-28T23:14:32.630Z</time>
      </trkpt>
      <trkpt lat="51.003997" lon="5.717622">
        <ele>34.876037</ele>
        <time>2026-06-28T23:14:42.339Z</time>
      </trkpt>
      <trkpt lat="51.003177" lon="5.719644">
        <ele>34.558965</ele>
        <time>2026-06-28T23:15:03.183Z</time>
      </trkpt>
      <trkpt lat="51.002821" lon="5.720598">
        <ele>34.489915</ele>
        <time>2026-06-28T23:15:13.085Z</time>
      </trkpt>
      <trkpt lat="51.002676" lon="5.721066">
        <ele>34.457439</ele>
        <time>2026-06-28T23:15:17.914Z</time>
      </trkpt>
      <trkpt lat="51.002545" lon="5.721778">
        <ele>34.411256</ele>
        <time>2026-06-28T23:15:24.928Z</time>
      </trkpt>
      <trkpt lat="51.002510" lon="5.722203">
        <ele>34.445202</ele>
        <time>2026-06-28T23:15:29.044Z</time>
      </trkpt>
      <trkpt lat="51.002466" lon="5.723455">
        <ele>34.564570</ele>
        <time>2026-06-28T23:15:41.594Z</time>
      </trkpt>
      <trkpt lat="51.002443" lon="5.724071">
        <ele>34.623313</ele>
        <time>2026-06-28T23:15:47.635Z</time>
      </trkpt>
      <trkpt lat="51.001891" lon="5.723864">
        <ele>34.656714</ele>
        <time>2026-06-28T23:15:59.363Z</time>
      </trkpt>
      <trkpt lat="51.001506" lon="5.723665">
        <ele>34.605281</ele>
        <time>2026-06-28T23:16:07.539Z</time>
      </trkpt>
      <trkpt lat="51.001108" lon="5.723441">
        <ele>34.551640</ele>
        <time>2026-06-28T23:16:15.986Z</time>
      </trkpt>
      <trkpt lat="51.000543" lon="5.723106">
        <ele>34.475028</ele>
        <time>2026-06-28T23:16:27.494Z</time>
      </trkpt>
      <trkpt lat="51.000034" lon="5.722803">
        <ele>34.413890</ele>
        <time>2026-06-28T23:16:37.772Z</time>
      </trkpt>
      <trkpt lat="50.998364" lon="5.721804">
        <ele>34.410054</ele>
        <time>2026-06-28T23:17:13.515Z</time>
      </trkpt>
      <trkpt lat="50.997751" lon="5.721436">
        <ele>34.686465</ele>
        <time>2026-06-28T23:17:27.737Z</time>
      </trkpt>
      <trkpt lat="50.996924" lon="5.720940">
        <ele>35.057565</ele>
        <time>2026-06-28T23:17:48.135Z</time>
      </trkpt>
      <trkpt lat="50.995792" lon="5.720259">
        <ele>35.544332</ele>
        <time>2026-06-28T23:18:15.486Z</time>
      </trkpt>
      <trkpt lat="50.995717" lon="5.720135">
        <ele>35.587860</ele>
        <time>2026-06-28T23:18:17.726Z</time>
      </trkpt>
      <trkpt lat="50.995227" lon="5.719841">
        <ele>35.741495</ele>
        <time>2026-06-28T23:18:28.246Z</time>
      </trkpt>
      <trkpt lat="50.994782" lon="5.719574">
        <ele>35.729641</ele>
        <time>2026-06-28T23:18:37.462Z</time>
      </trkpt>
      <trkpt lat="50.994685" lon="5.719596">
        <ele>35.727200</ele>
        <time>2026-06-28T23:18:39.332Z</time>
      </trkpt>
      <trkpt lat="50.993375" lon="5.718824">
        <ele>35.699999</ele>
        <time>2026-06-28T23:19:07.548Z</time>
      </trkpt>
      <trkpt lat="50.990998" lon="5.717398">
        <ele>35.656777</ele>
        <time>2026-06-28T23:19:59.028Z</time>
      </trkpt>
      <trkpt lat="50.990407" lon="5.717045">
        <ele>35.630734</ele>
        <time>2026-06-28T23:20:11.348Z</time>
      </trkpt>
      <trkpt lat="50.990116" lon="5.716867">
        <ele>35.635075</ele>
        <time>2026-06-28T23:20:17.559Z</time>
      </trkpt>
      <trkpt lat="50.989027" lon="5.716197">
        <ele>35.691307</ele>
        <time>2026-06-28T23:20:41.501Z</time>
      </trkpt>
      <trkpt lat="50.988784" lon="5.716078">
        <ele>35.703551</ele>
        <time>2026-06-28T23:20:46.867Z</time>
      </trkpt>
      <trkpt lat="50.988128" lon="5.715686">
        <ele>35.809518</ele>
        <time>2026-06-28T23:21:01.569Z</time>
      </trkpt>
      <trkpt lat="50.987266" lon="5.715117">
        <ele>35.984920</ele>
        <time>2026-06-28T23:21:20.856Z</time>
      </trkpt>
      <trkpt lat="50.986257" lon="5.714552">
        <ele>36.285162</ele>
        <time>2026-06-28T23:21:43.933Z</time>
      </trkpt>
      <trkpt lat="50.986152" lon="5.714492">
        <ele>36.321476</ele>
        <time>2026-06-28T23:21:46.333Z</time>
      </trkpt>
      <trkpt lat="50.986065" lon="5.714328">
        <ele>36.365411</ele>
        <time>2026-06-28T23:21:49.215Z</time>
      </trkpt>
      <trkpt lat="50.985947" lon="5.714259">
        <ele>36.406331</ele>
        <time>2026-06-28T23:21:51.898Z</time>
      </trkpt>
      <trkpt lat="50.985914" lon="5.714240">
        <ele>36.417753</ele>
        <time>2026-06-28T23:21:52.656Z</time>
      </trkpt>
      <trkpt lat="50.985705" lon="5.714119">
        <ele>36.490144</ele>
        <time>2026-06-28T23:21:57.419Z</time>
      </trkpt>
      <trkpt lat="50.985565" lon="5.713981">
        <ele>36.543763</ele>
        <time>2026-06-28T23:22:00.967Z</time>
      </trkpt>
      <trkpt lat="50.985479" lon="5.713928">
        <ele>36.573782</ele>
        <time>2026-06-28T23:22:02.977Z</time>
      </trkpt>
      <trkpt lat="50.985407" lon="5.713887">
        <ele>36.598672</ele>
        <time>2026-06-28T23:22:04.611Z</time>
      </trkpt>
      <trkpt lat="50.985345" lon="5.713856">
        <ele>36.619825</ele>
        <time>2026-06-28T23:22:06.047Z</time>
      </trkpt>
      <trkpt lat="50.985310" lon="5.713877">
        <ele>36.632000</ele>
        <time>2026-06-28T23:22:06.834Z</time>
      </trkpt>
      <trkpt lat="50.985264" lon="5.713872">
        <ele>36.640816</ele>
        <time>2026-06-28T23:22:07.835Z</time>
      </trkpt>
      <trkpt lat="50.984685" lon="5.713522">
        <ele>36.731841</ele>
        <time>2026-06-28T23:22:21.111Z</time>
      </trkpt>
      <trkpt lat="50.984637" lon="5.713530">
        <ele>36.738932</ele>
        <time>2026-06-28T23:22:22.158Z</time>
      </trkpt>
      <trkpt lat="50.983206" lon="5.712640">
        <ele>36.965888</ele>
        <time>2026-06-28T23:22:45.228Z</time>
      </trkpt>
      <trkpt lat="50.982870" lon="5.712334">
        <ele>37.023811</ele>
        <time>2026-06-28T23:22:50.931Z</time>
      </trkpt>
      <trkpt lat="50.982777" lon="5.712212">
        <ele>37.041849</ele>
        <time>2026-06-28T23:22:52.750Z</time>
      </trkpt>
      <trkpt lat="50.982706" lon="5.712063">
        <ele>37.059443</ele>
        <time>2026-06-28T23:22:54.537Z</time>
      </trkpt>
      <trkpt lat="50.982675" lon="5.712011">
        <ele>37.066185</ele>
        <time>2026-06-28T23:22:55.237Z</time>
      </trkpt>
      <trkpt lat="50.982508" lon="5.711919">
        <ele>37.092620</ele>
        <time>2026-06-28T23:22:57.973Z</time>
      </trkpt>
      <trkpt lat="50.982288" lon="5.711450">
        <ele>37.147686</ele>
        <time>2026-06-28T23:23:05.809Z</time>
      </trkpt>
      <trkpt lat="50.982078" lon="5.710914">
        <ele>37.330493</ele>
        <time>2026-06-28T23:23:14.471Z</time>
      </trkpt>
      <trkpt lat="50.981943" lon="5.710426">
        <ele>37.543023</ele>
        <time>2026-06-28T23:23:22.038Z</time>
      </trkpt>
      <trkpt lat="50.981854" lon="5.709971">
        <ele>37.732995</ele>
        <time>2026-06-28T23:23:28.980Z</time>
      </trkpt>
      <trkpt lat="50.981791" lon="5.709294">
        <ele>38.005860</ele>
        <time>2026-06-28T23:23:36.669Z</time>
      </trkpt>
      <trkpt lat="50.981685" lon="5.706937">
        <ele>38.806943</ele>
        <time>2026-06-28T23:24:02.921Z</time>
      </trkpt>
      <trkpt lat="50.981655" lon="5.706215">
        <ele>39.031835</ele>
        <time>2026-06-28T23:24:12.726Z</time>
      </trkpt>
      <trkpt lat="50.981642" lon="5.705960">
        <ele>39.111351</ele>
        <time>2026-06-28T23:24:16.128Z</time>
      </trkpt>
      <trkpt lat="50.981594" lon="5.705966">
        <ele>39.135121</ele>
        <time>2026-06-28T23:24:16.876Z</time>
      </trkpt>
      <trkpt lat="50.981552" lon="5.705352">
        <ele>39.213461</ele>
        <time>2026-06-28T23:24:22.889Z</time>
      </trkpt>
      <trkpt lat="50.981509" lon="5.705034">
        <ele>39.226879</ele>
        <time>2026-06-28T23:24:25.976Z</time>
      </trkpt>
      <trkpt lat="50.981345" lon="5.704263">
        <ele>39.260452</ele>
        <time>2026-06-28T23:24:33.134Z</time>
      </trkpt>
      <trkpt lat="50.981106" lon="5.703577">
        <ele>39.292797</ele>
        <time>2026-06-28T23:24:40.253Z</time>
      </trkpt>
      <trkpt lat="50.980986" lon="5.703349">
        <ele>39.305057</ele>
        <time>2026-06-28T23:24:43.199Z</time>
      </trkpt>
      <trkpt lat="50.980792" lon="5.702978">
        <ele>39.372246</ele>
        <time>2026-06-28T23:24:48.340Z</time>
      </trkpt>
      <trkpt lat="50.980688" lon="5.702780">
        <ele>39.428534</ele>
        <time>2026-06-28T23:24:51.183Z</time>
      </trkpt>
      <trkpt lat="50.980497" lon="5.702514">
        <ele>39.516609</ele>
        <time>2026-06-28T23:24:55.608Z</time>
      </trkpt>
      <trkpt lat="50.980473" lon="5.702493">
        <ele>39.526109</ele>
        <time>2026-06-28T23:24:56.044Z</time>
      </trkpt>
      <trkpt lat="50.980345" lon="5.702365">
        <ele>39.578553</ele>
        <time>2026-06-28T23:24:58.603Z</time>
      </trkpt>
      <trkpt lat="50.980191" lon="5.702226">
        <ele>39.639967</ele>
        <time>2026-06-28T23:25:01.469Z</time>
      </trkpt>
      <trkpt lat="50.979976" lon="5.702031">
        <ele>39.725809</ele>
        <time>2026-06-28T23:25:05.478Z</time>
      </trkpt>
      <trkpt lat="50.979950" lon="5.702007">
        <ele>39.736235</ele>
        <time>2026-06-28T23:25:05.947Z</time>
      </trkpt>
      <trkpt lat="50.979861" lon="5.701925">
        <ele>39.771909</ele>
        <time>2026-06-28T23:25:07.643Z</time>
      </trkpt>
      <trkpt lat="50.979808" lon="5.701877">
        <ele>39.793063</ele>
        <time>2026-06-28T23:25:08.603Z</time>
      </trkpt>
      <trkpt lat="50.979753" lon="5.701828">
        <ele>39.814928</ele>
        <time>2026-06-28T23:25:09.682Z</time>
      </trkpt>
      <trkpt lat="50.979468" lon="5.701594">
        <ele>39.926165</ele>
        <time>2026-06-28T23:25:14.932Z</time>
      </trkpt>
      <trkpt lat="50.979132" lon="5.701427">
        <ele>39.866062</ele>
        <time>2026-06-28T23:25:20.342Z</time>
      </trkpt>
      <trkpt lat="50.977349" lon="5.700671">
        <ele>39.405002</ele>
        <time>2026-06-28T23:25:45.432Z</time>
      </trkpt>
      <trkpt lat="50.976895" lon="5.700493">
        <ele>39.239303</ele>
        <time>2026-06-28T23:25:51.638Z</time>
      </trkpt>
      <trkpt lat="50.976754" lon="5.700438">
        <ele>39.187857</ele>
        <time>2026-06-28T23:25:53.565Z</time>
      </trkpt>
      <trkpt lat="50.976569" lon="5.700367">
        <ele>39.120418</ele>
        <time>2026-06-28T23:25:56.093Z</time>
      </trkpt>
      <trkpt lat="50.976256" lon="5.700246">
        <ele>39.006271</ele>
        <time>2026-06-28T23:26:00.391Z</time>
      </trkpt>
      <trkpt lat="50.976058" lon="5.700170">
        <ele>38.934093</ele>
        <time>2026-06-28T23:26:03.135Z</time>
      </trkpt>
      <trkpt lat="50.973785" lon="5.699294">
        <ele>39.065680</ele>
        <time>2026-06-28T23:26:38.552Z</time>
      </trkpt>
      <trkpt lat="50.972672" lon="5.698846">
        <ele>39.309064</ele>
        <time>2026-06-28T23:26:57.119Z</time>
      </trkpt>
      <trkpt lat="50.972488" lon="5.698766">
        <ele>39.349502</ele>
        <time>2026-06-28T23:27:00.175Z</time>
      </trkpt>
      <trkpt lat="50.972274" lon="5.698721">
        <ele>39.376378</ele>
        <time>2026-06-28T23:27:03.537Z</time>
      </trkpt>
      <trkpt lat="50.972122" lon="5.698663">
        <ele>39.394209</ele>
        <time>2026-06-28T23:27:05.925Z</time>
      </trkpt>
      <trkpt lat="50.972085" lon="5.698649">
        <ele>39.398548</ele>
        <time>2026-06-28T23:27:06.495Z</time>
      </trkpt>
      <trkpt lat="50.971857" lon="5.698562">
        <ele>39.425295</ele>
        <time>2026-06-28T23:27:10.004Z</time>
      </trkpt>
      <trkpt lat="50.971164" lon="5.698288">
        <ele>39.506757</ele>
        <time>2026-06-28T23:27:20.474Z</time>
      </trkpt>
      <trkpt lat="50.971051" lon="5.698244">
        <ele>39.520028</ele>
        <time>2026-06-28T23:27:22.271Z</time>
      </trkpt>
      <trkpt lat="50.970501" lon="5.698025">
        <ele>39.581059</ele>
        <time>2026-06-28T23:27:31.213Z</time>
      </trkpt>
      <trkpt lat="50.970096" lon="5.697865">
        <ele>39.621762</ele>
        <time>2026-06-28T23:27:37.695Z</time>
      </trkpt>
      <trkpt lat="50.969998" lon="5.697822">
        <ele>39.631678</ele>
        <time>2026-06-28T23:27:39.278Z</time>
      </trkpt>
      <trkpt lat="50.969897" lon="5.697779">
        <ele>39.641876</ele>
        <time>2026-06-28T23:27:40.908Z</time>
      </trkpt>
      <trkpt lat="50.969716" lon="5.697705">
        <ele>39.660105</ele>
        <time>2026-06-28T23:27:43.796Z</time>
      </trkpt>
      <trkpt lat="50.967576" lon="5.696835">
        <ele>39.900008</ele>
        <time>2026-06-28T23:28:16.884Z</time>
      </trkpt>
      <trkpt lat="50.967026" lon="5.696626">
        <ele>40.013732</ele>
        <time>2026-06-28T23:28:25.947Z</time>
      </trkpt>
      <trkpt lat="50.966993" lon="5.696612">
        <ele>40.025672</ele>
        <time>2026-06-28T23:28:26.511Z</time>
      </trkpt>
      <trkpt lat="50.966865" lon="5.696563">
        <ele>40.071697</ele>
        <time>2026-06-28T23:28:28.622Z</time>
      </trkpt>
      <trkpt lat="50.966828" lon="5.696549">
        <ele>40.084993</ele>
        <time>2026-06-28T23:28:29.235Z</time>
      </trkpt>
      <trkpt lat="50.966732" lon="5.696505">
        <ele>40.119920</ele>
        <time>2026-06-28T23:28:30.852Z</time>
      </trkpt>
      <trkpt lat="50.966706" lon="5.696495">
        <ele>40.129271</ele>
        <time>2026-06-28T23:28:31.280Z</time>
      </trkpt>
      <trkpt lat="50.966669" lon="5.696480">
        <ele>40.142619</ele>
        <time>2026-06-28T23:28:31.902Z</time>
      </trkpt>
      <trkpt lat="50.966585" lon="5.696448">
        <ele>40.172815</ele>
        <time>2026-06-28T23:28:33.284Z</time>
      </trkpt>
      <trkpt lat="50.966218" lon="5.696306">
        <ele>40.304855</ele>
        <time>2026-06-28T23:28:39.452Z</time>
      </trkpt>
      <trkpt lat="50.964856" lon="5.695782">
        <ele>40.761954</ele>
        <time>2026-06-28T23:29:02.191Z</time>
      </trkpt>
      <trkpt lat="50.964339" lon="5.695582">
        <ele>40.920882</ele>
        <time>2026-06-28T23:29:10.990Z</time>
      </trkpt>
      <trkpt lat="50.964294" lon="5.695566">
        <ele>40.934654</ele>
        <time>2026-06-28T23:29:11.709Z</time>
      </trkpt>
      <trkpt lat="50.964127" lon="5.695505">
        <ele>40.985835</ele>
        <time>2026-06-28T23:29:14.499Z</time>
      </trkpt>
      <trkpt lat="50.964047" lon="5.695476">
        <ele>41.010343</ele>
        <time>2026-06-28T23:29:15.817Z</time>
      </trkpt>
      <trkpt lat="50.963980" lon="5.695452">
        <ele>41.030856</ele>
        <time>2026-06-28T23:29:16.912Z</time>
      </trkpt>
      <trkpt lat="50.963943" lon="5.695441">
        <ele>41.042099</ele>
        <time>2026-06-28T23:29:17.504Z</time>
      </trkpt>
      <trkpt lat="50.963662" lon="5.695374">
        <ele>41.086688</ele>
        <time>2026-06-28T23:29:21.948Z</time>
      </trkpt>
      <trkpt lat="50.963440" lon="5.695322">
        <ele>41.019699</ele>
        <time>2026-06-28T23:29:25.405Z</time>
      </trkpt>
      <trkpt lat="50.962825" lon="5.695232">
        <ele>40.835330</ele>
        <time>2026-06-28T23:29:34.296Z</time>
      </trkpt>
      <trkpt lat="50.961605" lon="5.695055">
        <ele>40.367246</ele>
        <time>2026-06-28T23:29:50.202Z</time>
      </trkpt>
      <trkpt lat="50.961563" lon="5.695049">
        <ele>40.341805</ele>
        <time>2026-06-28T23:29:50.735Z</time>
      </trkpt>
      <trkpt lat="50.961444" lon="5.695033">
        <ele>40.269756</ele>
        <time>2026-06-28T23:29:52.234Z</time>
      </trkpt>
      <trkpt lat="50.961292" lon="5.695012">
        <ele>40.177710</ele>
        <time>2026-06-28T23:29:54.139Z</time>
      </trkpt>
      <trkpt lat="50.960317" lon="5.694880">
        <ele>39.587365</ele>
        <time>2026-06-28T23:30:06.704Z</time>
      </trkpt>
      <trkpt lat="50.960212" lon="5.694865">
        <ele>39.523764</ele>
        <time>2026-06-28T23:30:08.086Z</time>
      </trkpt>
      <trkpt lat="50.960179" lon="5.694861">
        <ele>39.503797</ele>
        <time>2026-06-28T23:30:08.526Z</time>
      </trkpt>
      <trkpt lat="50.960093" lon="5.694847">
        <ele>39.481134</ele>
        <time>2026-06-28T23:30:09.680Z</time>
      </trkpt>
      <trkpt lat="50.958568" lon="5.694603">
        <ele>39.379373</ele>
        <time>2026-06-28T23:30:32.352Z</time>
      </trkpt>
      <trkpt lat="50.958089" lon="5.694527">
        <ele>39.431596</ele>
        <time>2026-06-28T23:30:39.815Z</time>
      </trkpt>
      <trkpt lat="50.957964" lon="5.694362">
        <ele>39.471413</ele>
        <time>2026-06-28T23:30:42.301Z</time>
      </trkpt>
      <trkpt lat="50.957946" lon="5.694316">
        <ele>39.479768</ele>
        <time>2026-06-28T23:30:42.826Z</time>
      </trkpt>
      <trkpt lat="50.957904" lon="5.693921">
        <ele>39.541572</ele>
        <time>2026-06-28T23:30:46.642Z</time>
      </trkpt>
      <trkpt lat="50.957936" lon="5.693610">
        <ele>39.590190</ele>
        <time>2026-06-28T23:30:49.712Z</time>
      </trkpt>
      <trkpt lat="50.957988" lon="5.693006">
        <ele>39.684243</ele>
        <time>2026-06-28T23:30:55.874Z</time>
      </trkpt>
      <trkpt lat="50.958055" lon="5.692219">
        <ele>39.806514</ele>
        <time>2026-06-28T23:31:04.266Z</time>
      </trkpt>
      <trkpt lat="50.958160" lon="5.691104">
        <ele>39.928636</ele>
        <time>2026-06-28T23:31:15.695Z</time>
      </trkpt>
      <trkpt lat="50.958165" lon="5.691042">
        <ele>39.935406</ele>
        <time>2026-06-28T23:31:16.298Z</time>
      </trkpt>
      <trkpt lat="50.958228" lon="5.691019">
        <ele>39.946523</ele>
        <time>2026-06-28T23:31:17.305Z</time>
      </trkpt>
      <trkpt lat="50.958268" lon="5.690940">
        <ele>39.957503</ele>
        <time>2026-06-28T23:31:18.309Z</time>
      </trkpt>
      <trkpt lat="50.958264" lon="5.690814">
        <ele>39.971169</ele>
        <time>2026-06-28T23:31:19.536Z</time>
      </trkpt>
      <trkpt lat="50.958202" lon="5.690734">
        <ele>39.984908</ele>
        <time>2026-06-28T23:31:20.782Z</time>
      </trkpt>
      <trkpt lat="50.958138" lon="5.690739">
        <ele>39.995928</ele>
        <time>2026-06-28T23:31:21.773Z</time>
      </trkpt>
      <trkpt lat="50.958089" lon="5.690805">
        <ele>40.006979</ele>
        <time>2026-06-28T23:31:22.786Z</time>
      </trkpt>
      <trkpt lat="50.957343" lon="5.690170">
        <ele>40.098526</ele>
        <time>2026-06-28T23:31:39.793Z</time>
      </trkpt>
      <trkpt lat="50.955077" lon="5.688256">
        <ele>39.864553</ele>
        <time>2026-06-28T23:32:30.934Z</time>
      </trkpt>
      <trkpt lat="50.955029" lon="5.688216">
        <ele>39.858378</ele>
        <time>2026-06-28T23:32:31.939Z</time>
      </trkpt>
      <trkpt lat="50.955587" lon="5.686647">
        <ele>39.863550</ele>
        <time>2026-06-28T23:32:47.767Z</time>
      </trkpt>
      <trkpt lat="50.955029" lon="5.688216">
        <ele>40.140463</ele>
        <time>2026-06-28T23:33:07.526Z</time>
      </trkpt>
      <trkpt lat="50.954085" lon="5.687429">
        <ele>39.673374</ele>
        <time>2026-06-28T23:33:28.087Z</time>
      </trkpt>
      <trkpt lat="50.953672" lon="5.687074">
        <ele>39.349113</ele>
        <time>2026-06-28T23:33:33.376Z</time>
      </trkpt>
      <trkpt lat="50.953313" lon="5.686771">
        <ele>39.068396</ele>
        <time>2026-06-28T23:33:39.885Z</time>
      </trkpt>
      <trkpt lat="50.950082" lon="5.684078">
        <ele>40.449499</ele>
        <time>2026-06-28T23:35:01.653Z</time>
      </trkpt>
      <trkpt lat="50.949042" lon="5.683367">
        <ele>40.786920</ele>
        <time>2026-06-28T23:35:25.968Z</time>
      </trkpt>
      <trkpt lat="50.948635" lon="5.683097">
        <ele>40.909757</ele>
        <time>2026-06-28T23:35:35.005Z</time>
      </trkpt>
      <trkpt lat="50.948274" lon="5.682870">
        <ele>41.004063</ele>
        <time>2026-06-28T23:35:43.104Z</time>
      </trkpt>
      <trkpt lat="50.947453" lon="5.682355">
        <ele>41.078193</ele>
        <time>2026-06-28T23:36:01.760Z</time>
      </trkpt>
      <trkpt lat="50.947159" lon="5.682178">
        <ele>41.104597</ele>
        <time>2026-06-28T23:36:08.266Z</time>
      </trkpt>
      <trkpt lat="50.946058" lon="5.681717">
        <ele>41.100210</ele>
        <time>2026-06-28T23:36:30.970Z</time>
      </trkpt>
      <trkpt lat="50.945999" lon="5.681687">
        <ele>41.095227</ele>
        <time>2026-06-28T23:36:32.154Z</time>
      </trkpt>
      <trkpt lat="50.946082" lon="5.680885">
        <ele>41.054046</ele>
        <time>2026-06-28T23:36:39.413Z</time>
      </trkpt>
      <trkpt lat="50.946145" lon="5.680503">
        <ele>41.034038</ele>
        <time>2026-06-28T23:36:43.015Z</time>
      </trkpt>
      <trkpt lat="50.946309" lon="5.679966">
        <ele>41.005461</ele>
        <time>2026-06-28T23:36:48.570Z</time>
      </trkpt>
      <trkpt lat="50.946720" lon="5.678808">
        <ele>41.102174</ele>
        <time>2026-06-28T23:37:00.973Z</time>
      </trkpt>
      <trkpt lat="50.947300" lon="5.677173">
        <ele>41.325037</ele>
        <time>2026-06-28T23:37:19.181Z</time>
      </trkpt>
      <trkpt lat="50.947898" lon="5.675502">
        <ele>41.920525</ele>
        <time>2026-06-28T23:37:40.101Z</time>
      </trkpt>
      <trkpt lat="50.948191" lon="5.674887">
        <ele>42.148882</ele>
        <time>2026-06-28T23:37:48.510Z</time>
      </trkpt>
      <trkpt lat="50.948756" lon="5.673798">
        <ele>42.512276</ele>
        <time>2026-06-28T23:38:03.412Z</time>
      </trkpt>
      <trkpt lat="50.948858" lon="5.673590">
        <ele>42.580173</ele>
        <time>2026-06-28T23:38:06.011Z</time>
      </trkpt>
      <trkpt lat="50.949038" lon="5.673094">
        <ele>42.727618</ele>
        <time>2026-06-28T23:38:11.555Z</time>
      </trkpt>
      <trkpt lat="50.949249" lon="5.672253">
        <ele>42.975744</ele>
        <time>2026-06-28T23:38:20.595Z</time>
      </trkpt>
      <trkpt lat="50.949926" lon="5.668988">
        <ele>43.942797</ele>
        <time>2026-06-28T23:38:57.047Z</time>
      </trkpt>
      <trkpt lat="50.950135" lon="5.667980">
        <ele>44.227032</ele>
        <time>2026-06-28T23:39:08.133Z</time>
      </trkpt>
      <trkpt lat="50.950195" lon="5.667653">
        <ele>44.318256</ele>
        <time>2026-06-28T23:39:11.574Z</time>
      </trkpt>
      <trkpt lat="50.950245" lon="5.667232">
        <ele>44.440590</ele>
        <time>2026-06-28T23:39:15.864Z</time>
      </trkpt>
      <trkpt lat="50.950525" lon="5.664641">
        <ele>45.496922</ele>
        <time>2026-06-28T23:39:43.045Z</time>
      </trkpt>
      <trkpt lat="50.950794" lon="5.662191">
        <ele>47.856821</ele>
        <time>2026-06-28T23:40:18.406Z</time>
      </trkpt>
      <trkpt lat="50.950880" lon="5.662212">
        <ele>47.993411</ele>
        <time>2026-06-28T23:40:22.128Z</time>
      </trkpt>
      <trkpt lat="50.950869" lon="5.662315">
        <ele>48.096726</ele>
        <time>2026-06-28T23:40:23.590Z</time>
      </trkpt>
      <trkpt lat="50.950880" lon="5.662212">
        <ele>48.200040</ele>
        <time>2026-06-28T23:40:24.892Z</time>
      </trkpt>
      <trkpt lat="50.950794" lon="5.662191">
        <ele>48.336630</ele>
        <time>2026-06-28T23:40:28.666Z</time>
      </trkpt>
      <trkpt lat="50.951084" lon="5.659598">
        <ele>49.607936</ele>
        <time>2026-06-28T23:40:57.798Z</time>
      </trkpt>
      <trkpt lat="50.951374" lon="5.657004">
        <ele>50.401374</ele>
        <time>2026-06-28T23:41:25.310Z</time>
      </trkpt>
      <trkpt lat="50.951405" lon="5.656545">
        <ele>50.531224</ele>
        <time>2026-06-28T23:41:30.098Z</time>
      </trkpt>
      <trkpt lat="50.951581" lon="5.652874">
        <ele>52.044189</ele>
        <time>2026-06-28T23:42:09.058Z</time>
      </trkpt>
      <trkpt lat="50.951594" lon="5.652581">
        <ele>52.263379</ele>
        <time>2026-06-28T23:42:12.492Z</time>
      </trkpt>
      <trkpt lat="50.951648" lon="5.651357">
        <ele>53.179014</ele>
        <time>2026-06-28T23:42:27.765Z</time>
      </trkpt>
      <trkpt lat="50.951702" lon="5.650133">
        <ele>54.873462</ele>
        <time>2026-06-28T23:42:45.051Z</time>
      </trkpt>
      <trkpt lat="50.951792" lon="5.648087">
        <ele>58.731675</ele>
        <time>2026-06-28T23:43:19.881Z</time>
      </trkpt>
      <trkpt lat="50.951809" lon="5.646963">
        <ele>62.377044</ele>
        <time>2026-06-28T23:43:44.490Z</time>
      </trkpt>
      <trkpt lat="50.951716" lon="5.645958">
        <ele>65.832457</ele>
        <time>2026-06-28T23:44:09.458Z</time>
      </trkpt>
      <trkpt lat="50.951589" lon="5.645297">
        <ele>68.183248</ele>
        <time>2026-06-28T23:44:26.911Z</time>
      </trkpt>
      <trkpt lat="50.950811" lon="5.642368">
        <ele>78.850066</ele>
        <time>2026-06-28T23:45:40.837Z</time>
      </trkpt>
      <trkpt lat="50.950700" lon="5.641714">
        <ele>80.443104</ele>
        <time>2026-06-28T23:45:54.146Z</time>
      </trkpt>
      <trkpt lat="50.950662" lon="5.640586">
        <ele>83.099929</ele>
        <time>2026-06-28T23:46:14.403Z</time>
      </trkpt>
      <trkpt lat="50.950836" lon="5.638239">
        <ele>87.344585</ele>
        <time>2026-06-28T23:46:54.464Z</time>
      </trkpt>
      <trkpt lat="50.950977" lon="5.637448">
        <ele>88.556678</ele>
        <time>2026-06-28T23:47:06.682Z</time>
      </trkpt>
      <trkpt lat="50.951221" lon="5.636612">
        <ele>89.365280</ele>
        <time>2026-06-28T23:47:18.613Z</time>
      </trkpt>
      <trkpt lat="50.952451" lon="5.632795">
        <ele>89.147420</ele>
        <time>2026-06-28T23:47:55.706Z</time>
      </trkpt>
      <trkpt lat="50.952608" lon="5.632461">
        <ele>89.070814</ele>
        <time>2026-06-28T23:47:59.084Z</time>
      </trkpt>
      <trkpt lat="50.952747" lon="5.631912">
        <ele>88.962049</ele>
        <time>2026-06-28T23:48:04.237Z</time>
      </trkpt>
      <trkpt lat="50.952816" lon="5.631644">
        <ele>89.003601</ele>
        <time>2026-06-28T23:48:06.942Z</time>
      </trkpt>
      <trkpt lat="50.953095" lon="5.630717">
        <ele>89.188750</ele>
        <time>2026-06-28T23:48:17.715Z</time>
      </trkpt>
      <trkpt lat="50.953344" lon="5.629705">
        <ele>89.384545</ele>
        <time>2026-06-28T23:48:30.152Z</time>
      </trkpt>
      <trkpt lat="50.953527" lon="5.628777">
        <ele>89.337520</ele>
        <time>2026-06-28T23:48:38.836Z</time>
      </trkpt>
      <trkpt lat="50.953773" lon="5.627332">
        <ele>88.930192</ele>
        <time>2026-06-28T23:48:50.574Z</time>
      </trkpt>
      <trkpt lat="50.954161" lon="5.625039">
        <ele>88.748076</ele>
        <time>2026-06-28T23:49:12.033Z</time>
      </trkpt>
      <trkpt lat="50.955172" lon="5.619061">
        <ele>89.957049</ele>
        <time>2026-06-28T23:50:13.631Z</time>
      </trkpt>
      <trkpt lat="50.955288" lon="5.618388">
        <ele>90.219041</ele>
        <time>2026-06-28T23:50:22.549Z</time>
      </trkpt>
      <trkpt lat="50.955366" lon="5.617765">
        <ele>90.494698</ele>
        <time>2026-06-28T23:50:30.705Z</time>
      </trkpt>
      <trkpt lat="50.955391" lon="5.617211">
        <ele>90.747719</ele>
        <time>2026-06-28T23:50:37.716Z</time>
      </trkpt>
      <trkpt lat="50.955356" lon="5.616162">
        <ele>91.226262</ele>
        <time>2026-06-28T23:50:49.992Z</time>
      </trkpt>
      <trkpt lat="50.955153" lon="5.614996">
        <ele>91.594239</ele>
        <time>2026-06-28T23:51:00.938Z</time>
      </trkpt>
      <trkpt lat="50.954935" lon="5.614103">
        <ele>91.617236</ele>
        <time>2026-06-28T23:51:09.304Z</time>
      </trkpt>
      <trkpt lat="50.954642" lon="5.613295">
        <ele>91.639625</ele>
        <time>2026-06-28T23:51:18.250Z</time>
      </trkpt>
      <trkpt lat="50.953925" lon="5.611975">
        <ele>91.672754</ele>
        <time>2026-06-28T23:51:35.961Z</time>
      </trkpt>
      <trkpt lat="50.952912" lon="5.610091">
        <ele>91.709053</ele>
        <time>2026-06-28T23:51:58.139Z</time>
      </trkpt>
      <trkpt lat="50.952540" lon="5.609404">
        <ele>91.718511</ele>
        <time>2026-06-28T23:52:06.164Z</time>
      </trkpt>
      <trkpt lat="50.950697" lon="5.605990">
        <ele>92.484344</ele>
        <time>2026-06-28T23:52:51.804Z</time>
      </trkpt>
      <trkpt lat="50.948854" lon="5.602576">
        <ele>94.073870</ele>
        <time>2026-06-28T23:53:39.974Z</time>
      </trkpt>
      <trkpt lat="50.948270" lon="5.601495">
        <ele>94.576672</ele>
        <time>2026-06-28T23:53:56.233Z</time>
      </trkpt>
      <trkpt lat="50.947948" lon="5.600894">
        <ele>94.827077</ele>
        <time>2026-06-28T23:54:04.983Z</time>
      </trkpt>
      <trkpt lat="50.947699" lon="5.600506">
        <ele>95.002867</ele>
        <time>2026-06-28T23:54:10.792Z</time>
      </trkpt>
      <trkpt lat="50.947357" lon="5.600060">
        <ele>95.225858</ele>
        <time>2026-06-28T23:54:17.778Z</time>
      </trkpt>
      <trkpt lat="50.945811" lon="5.598323">
        <ele>95.353810</ele>
        <time>2026-06-28T23:54:46.150Z</time>
      </trkpt>
      <trkpt lat="50.945284" lon="5.597672">
        <ele>95.289378</ele>
        <time>2026-06-28T23:54:55.830Z</time>
      </trkpt>
      <trkpt lat="50.945090" lon="5.597375">
        <ele>95.263373</ele>
        <time>2026-06-28T23:54:59.742Z</time>
      </trkpt>
      <trkpt lat="50.944935" lon="5.597243">
        <ele>95.246401</ele>
        <time>2026-06-28T23:55:02.280Z</time>
      </trkpt>
      <trkpt lat="50.944846" lon="5.597093">
        <ele>95.233876</ele>
        <time>2026-06-28T23:55:04.151Z</time>
      </trkpt>
      <trkpt lat="50.944601" lon="5.596859">
        <ele>95.206288</ele>
        <time>2026-06-28T23:55:08.273Z</time>
      </trkpt>
      <trkpt lat="50.944236" lon="5.596402">
        <ele>95.104301</ele>
        <time>2026-06-28T23:55:14.931Z</time>
      </trkpt>
      <trkpt lat="50.944065" lon="5.596187">
        <ele>95.030828</ele>
        <time>2026-06-28T23:55:18.060Z</time>
      </trkpt>
      <trkpt lat="50.943994" lon="5.596102">
        <ele>95.000876</ele>
        <time>2026-06-28T23:55:19.332Z</time>
      </trkpt>
      <trkpt lat="50.942441" lon="5.594231">
        <ele>94.003989</ele>
        <time>2026-06-28T23:55:45.482Z</time>
      </trkpt>
      <trkpt lat="50.942234" lon="5.593896">
        <ele>93.759892</ele>
        <time>2026-06-28T23:55:49.042Z</time>
      </trkpt>
      <trkpt lat="50.942031" lon="5.593460">
        <ele>93.477861</ele>
        <time>2026-06-28T23:55:53.131Z</time>
      </trkpt>
      <trkpt lat="50.941883" lon="5.593285">
        <ele>93.325478</ele>
        <time>2026-06-28T23:55:55.358Z</time>
      </trkpt>
      <trkpt lat="50.941735" lon="5.593110">
        <ele>93.173095</ele>
        <time>2026-06-28T23:55:57.584Z</time>
      </trkpt>
      <trkpt lat="50.941754" lon="5.593047">
        <ele>93.136759</ele>
        <time>2026-06-28T23:55:58.340Z</time>
      </trkpt>
      <trkpt lat="50.941678" lon="5.592973">
        <ele>93.070951</ele>
        <time>2026-06-28T23:55:59.856Z</time>
      </trkpt>
      <trkpt lat="50.941409" lon="5.592824">
        <ele>92.896090</ele>
        <time>2026-06-28T23:56:04.778Z</time>
      </trkpt>
      <trkpt lat="50.941245" lon="5.592683">
        <ele>92.781616</ele>
        <time>2026-06-28T23:56:08.060Z</time>
      </trkpt>
      <trkpt lat="50.941204" lon="5.592718">
        <ele>92.753044</ele>
        <time>2026-06-28T23:56:08.900Z</time>
      </trkpt>
      <trkpt lat="50.941094" lon="5.592598">
        <ele>92.671121</ele>
        <time>2026-06-28T23:56:10.582Z</time>
      </trkpt>
      <trkpt lat="50.939373" lon="5.590514">
        <ele>91.723230</ele>
        <time>2026-06-28T23:56:51.561Z</time>
      </trkpt>
      <trkpt lat="50.938459" lon="5.589387">
        <ele>91.455395</ele>
        <time>2026-06-28T23:57:14.665Z</time>
      </trkpt>
      <trkpt lat="50.938329" lon="5.589221">
        <ele>91.423181</ele>
        <time>2026-06-28T23:57:17.956Z</time>
      </trkpt>
      <trkpt lat="50.937296" lon="5.587720">
        <ele>91.135299</ele>
        <time>2026-06-28T23:57:44.981Z</time>
      </trkpt>
      <trkpt lat="50.936972" lon="5.587247">
        <ele>91.008064</ele>
        <time>2026-06-28T23:57:53.579Z</time>
      </trkpt>
      <trkpt lat="50.936674" lon="5.586746">
        <ele>90.882594</ele>
        <time>2026-06-28T23:58:02.122Z</time>
      </trkpt>
      <trkpt lat="50.936410" lon="5.586130">
        <ele>90.746919</ele>
        <time>2026-06-28T23:58:11.178Z</time>
      </trkpt>
      <trkpt lat="50.936231" lon="5.585498">
        <ele>90.522437</ele>
        <time>2026-06-28T23:58:19.324Z</time>
      </trkpt>
      <trkpt lat="50.935591" lon="5.582806">
        <ele>88.892627</ele>
        <time>2026-06-28T23:58:50.843Z</time>
      </trkpt>
      <trkpt lat="50.935146" lon="5.580952">
        <ele>87.647415</ele>
        <time>2026-06-28T23:59:12.453Z</time>
      </trkpt>
      <trkpt lat="50.934510" lon="5.578310">
        <ele>86.044251</ele>
        <time>2026-06-28T23:59:43.842Z</time>
      </trkpt>
      <trkpt lat="50.934224" lon="5.577276">
        <ele>85.377670</ele>
        <time>2026-06-28T23:59:56.458Z</time>
      </trkpt>
      <trkpt lat="50.934156" lon="5.577061">
        <ele>85.224430</ele>
        <time>2026-06-28T23:59:59.135Z</time>
      </trkpt>
      <trkpt lat="50.933949" lon="5.576448">
        <ele>84.781408</ele>
        <time>2026-06-29T00:00:06.752Z</time>
      </trkpt>
      <trkpt lat="50.933771" lon="5.575962">
        <ele>84.423327</ele>
        <time>2026-06-29T00:00:12.800Z</time>
      </trkpt>
      <trkpt lat="50.933677" lon="5.575705">
        <ele>84.234036</ele>
        <time>2026-06-29T00:00:15.976Z</time>
      </trkpt>
      <trkpt lat="50.933398" lon="5.574928">
        <ele>83.741774</ele>
        <time>2026-06-29T00:00:25.554Z</time>
      </trkpt>
      <trkpt lat="50.933139" lon="5.574314">
        <ele>83.433597</ele>
        <time>2026-06-29T00:00:31.176Z</time>
      </trkpt>
      <trkpt lat="50.932870" lon="5.573818">
        <ele>83.160653</ele>
        <time>2026-06-29T00:00:36.496Z</time>
      </trkpt>
      <trkpt lat="50.932773" lon="5.573653">
        <ele>83.066536</ele>
        <time>2026-06-29T00:00:39.252Z</time>
      </trkpt>
      <trkpt lat="50.932663" lon="5.573487">
        <ele>82.966064</ele>
        <time>2026-06-29T00:00:42.290Z</time>
      </trkpt>
      <trkpt lat="50.932422" lon="5.573127">
        <ele>82.746999</ele>
        <time>2026-06-29T00:00:49.229Z</time>
      </trkpt>
      <trkpt lat="50.932383" lon="5.573071">
        <ele>82.712187</ele>
        <time>2026-06-29T00:00:50.287Z</time>
      </trkpt>
      <trkpt lat="50.931972" lon="5.572522">
        <ele>82.446062</ele>
        <time>2026-06-29T00:01:00.239Z</time>
      </trkpt>
      <trkpt lat="50.931987" lon="5.572362">
        <ele>82.396258</ele>
        <time>2026-06-29T00:01:01.525Z</time>
      </trkpt>
      <trkpt lat="50.931941" lon="5.572279">
        <ele>82.362228</ele>
        <time>2026-06-29T00:01:02.405Z</time>
      </trkpt>
      <trkpt lat="50.931851" lon="5.572277">
        <ele>82.318257</ele>
        <time>2026-06-29T00:01:03.548Z</time>
      </trkpt>
      <trkpt lat="50.931795" lon="5.572047">
        <ele>82.242342</ele>
        <time>2026-06-29T00:01:05.500Z</time>
      </trkpt>
      <trkpt lat="50.931519" lon="5.571247">
        <ele>81.961542</ele>
        <time>2026-06-29T00:01:12.793Z</time>
      </trkpt>
      <trkpt lat="50.931415" lon="5.571003">
        <ele>81.870850</ele>
        <time>2026-06-29T00:01:15.178Z</time>
      </trkpt>
      <trkpt lat="50.931192" lon="5.570504">
        <ele>82.254604</ele>
        <time>2026-06-29T00:01:20.327Z</time>
      </trkpt>
      <trkpt lat="50.930824" lon="5.570992">
        <ele>82.998693</ele>
        <time>2026-06-29T00:01:29.142Z</time>
      </trkpt>
      <trkpt lat="50.930555" lon="5.570800">
        <ele>83.456322</ele>
        <time>2026-06-29T00:01:37.980Z</time>
      </trkpt>
      <trkpt lat="50.930485" lon="5.570755">
        <ele>83.573500</ele>
        <time>2026-06-29T00:01:40.442Z</time>
      </trkpt>
      <trkpt lat="50.929429" lon="5.571286">
        <ele>85.242080</ele>
        <time>2026-06-29T00:02:15.029Z</time>
      </trkpt>
      <trkpt lat="50.928778" lon="5.569344">
        <ele>87.209934</ele>
        <time>2026-06-29T00:02:48.741Z</time>
      </trkpt>
      <trkpt lat="50.928678" lon="5.569303">
        <ele>87.263620</ele>
        <time>2026-06-29T00:02:51.004Z</time>
      </trkpt>
      <trkpt lat="50.928478" lon="5.569477">
        <ele>87.382181</ele>
        <time>2026-06-29T00:02:56.085Z</time>
      </trkpt>
      <trkpt lat="50.928182" lon="5.569737">
        <ele>87.558044</ele>
        <time>2026-06-29T00:03:03.803Z</time>
      </trkpt>
      <trkpt lat="50.928016" lon="5.569755">
        <ele>87.644530</ele>
        <time>2026-06-29T00:03:07.658Z</time>
      </trkpt>
      <trkpt lat="50.927872" lon="5.569721">
        <ele>87.720203</ele>
        <time>2026-06-29T00:03:11.085Z</time>
      </trkpt>
      <trkpt lat="50.926234" lon="5.568577">
        <ele>87.447831</ele>
        <time>2026-06-29T00:03:38.990Z</time>
      </trkpt>
      <trkpt lat="50.923439" lon="5.567554">
        <ele>82.659964</ele>
        <time>2026-06-29T00:04:11.216Z</time>
      </trkpt>
      <trkpt lat="50.922391" lon="5.567217">
        <ele>79.217288</ele>
        <time>2026-06-29T00:04:21.683Z</time>
      </trkpt>
      <trkpt lat="50.922038" lon="5.567241">
        <ele>78.079755</ele>
        <time>2026-06-29T00:04:25.148Z</time>
      </trkpt>
      <trkpt lat="50.921723" lon="5.567328">
        <ele>77.540285</ele>
        <time>2026-06-29T00:04:28.426Z</time>
      </trkpt>
      <trkpt lat="50.921480" lon="5.567470">
        <ele>77.296719</ele>
        <time>2026-06-29T00:04:31.246Z</time>
      </trkpt>
      <trkpt lat="50.921062" lon="5.567783">
        <ele>76.861972</ele>
        <time>2026-06-29T00:04:36.903Z</time>
      </trkpt>
      <trkpt lat="50.920708" lon="5.568039">
        <ele>76.496053</ele>
        <time>2026-06-29T00:04:42.517Z</time>
      </trkpt>
      <trkpt lat="50.919908" lon="5.568641">
        <ele>76.757933</ele>
        <time>2026-06-29T00:04:57.345Z</time>
      </trkpt>
      <trkpt lat="50.919856" lon="5.568302">
        <ele>77.135415</ele>
        <time>2026-06-29T00:05:01.993Z</time>
      </trkpt>
      <trkpt lat="50.919650" lon="5.567136">
        <ele>78.445576</ele>
        <time>2026-06-29T00:05:20.597Z</time>
      </trkpt>
      <trkpt lat="50.919309" lon="5.567290">
        <ele>79.054082</ele>
        <time>2026-06-29T00:05:31.007Z</time>
      </trkpt>
      <trkpt lat="50.919032" lon="5.567259">
        <ele>79.388424</ele>
        <time>2026-06-29T00:05:39.100Z</time>
      </trkpt>
      <trkpt lat="50.918109" lon="5.567430">
        <ele>80.405940</ele>
        <time>2026-06-29T00:06:04.521Z</time>
      </trkpt>
      <trkpt lat="50.917237" lon="5.567603">
        <ele>80.902981</ele>
        <time>2026-06-29T00:06:21.377Z</time>
      </trkpt>
      <trkpt lat="50.916757" lon="5.567848">
        <ele>80.471027</ele>
        <time>2026-06-29T00:06:30.361Z</time>
      </trkpt>
      <trkpt lat="50.915996" lon="5.568109">
        <ele>79.804056</ele>
        <time>2026-06-29T00:06:43.855Z</time>
      </trkpt>
      <trkpt lat="50.914732" lon="5.568356">
        <ele>77.852510</ele>
        <time>2026-06-29T00:07:05.102Z</time>
      </trkpt>
      <trkpt lat="50.914478" lon="5.568314">
        <ele>77.413117</ele>
        <time>2026-06-29T00:07:09.209Z</time>
      </trkpt>
      <trkpt lat="50.913896" lon="5.567833">
        <ele>76.156781</ele>
        <time>2026-06-29T00:07:19.460Z</time>
      </trkpt>
      <trkpt lat="50.912979" lon="5.567131">
        <ele>73.218066</ele>
        <time>2026-06-29T00:07:29.914Z</time>
      </trkpt>
      <trkpt lat="50.912653" lon="5.567014">
        <ele>72.253408</ele>
        <time>2026-06-29T00:07:33.292Z</time>
      </trkpt>
      <trkpt lat="50.912295" lon="5.566997">
        <ele>71.220579</ele>
        <time>2026-06-29T00:07:36.928Z</time>
      </trkpt>
      <trkpt lat="50.911349" lon="5.566955">
        <ele>68.527798</ele>
        <time>2026-06-29T00:07:46.598Z</time>
      </trkpt>
      <trkpt lat="50.910277" lon="5.566890">
        <ele>65.638892</ele>
        <time>2026-06-29T00:07:57.850Z</time>
      </trkpt>
      <trkpt lat="50.910253" lon="5.566890">
        <ele>65.586851</ele>
        <time>2026-06-29T00:07:58.104Z</time>
      </trkpt>
      <trkpt lat="50.908985" lon="5.566819">
        <ele>62.835614</ele>
        <time>2026-06-29T00:08:11.794Z</time>
      </trkpt>
      <trkpt lat="50.908788" lon="5.566824">
        <ele>62.408386</ele>
        <time>2026-06-29T00:08:13.967Z</time>
      </trkpt>
      <trkpt lat="50.908215" lon="5.566934">
        <ele>61.793142</ele>
        <time>2026-06-29T00:08:20.641Z</time>
      </trkpt>
      <trkpt lat="50.907942" lon="5.566901">
        <ele>61.541080</ele>
        <time>2026-06-29T00:08:23.953Z</time>
      </trkpt>
      <trkpt lat="50.907772" lon="5.566952">
        <ele>61.381796</ele>
        <time>2026-06-29T00:08:26.106Z</time>
      </trkpt>
      <trkpt lat="50.907602" lon="5.566995">
        <ele>61.223310</ele>
        <time>2026-06-29T00:08:28.240Z</time>
      </trkpt>
      <trkpt lat="50.907491" lon="5.566979">
        <ele>61.120698</ele>
        <time>2026-06-29T00:08:29.657Z</time>
      </trkpt>
      <trkpt lat="50.904528" lon="5.566245">
        <ele>59.965383</ele>
        <time>2026-06-29T00:09:11.989Z</time>
      </trkpt>
      <trkpt lat="50.902856" lon="5.565826">
        <ele>59.035281</ele>
        <time>2026-06-29T00:09:34.441Z</time>
      </trkpt>
      <trkpt lat="50.902788" lon="5.565839">
        <ele>58.975598</ele>
        <time>2026-06-29T00:09:35.391Z</time>
      </trkpt>
      <trkpt lat="50.902677" lon="5.566093">
        <ele>58.805780</ele>
        <time>2026-06-29T00:09:38.022Z</time>
      </trkpt>
      <trkpt lat="50.902487" lon="5.566879">
        <ele>58.343206</ele>
        <time>2026-06-29T00:09:44.795Z</time>
      </trkpt>
      <trkpt lat="50.902428" lon="5.566965">
        <ele>58.273373</ele>
        <time>2026-06-29T00:09:45.793Z</time>
      </trkpt>
      <trkpt lat="50.902280" lon="5.567033">
        <ele>58.139104</ele>
        <time>2026-06-29T00:09:47.667Z</time>
      </trkpt>
      <trkpt lat="50.901100" lon="5.567114">
        <ele>56.220728</ele>
        <time>2026-06-29T00:10:00.645Z</time>
      </trkpt>
      <trkpt lat="50.900191" lon="5.567191">
        <ele>54.640303</ele>
        <time>2026-06-29T00:10:10.567Z</time>
      </trkpt>
      <trkpt lat="50.900027" lon="5.567253">
        <ele>54.528854</ele>
        <time>2026-06-29T00:10:12.548Z</time>
      </trkpt>
      <trkpt lat="50.899080" lon="5.568102">
        <ele>53.809709</ele>
        <time>2026-06-29T00:10:26.808Z</time>
      </trkpt>
      <trkpt lat="50.895153" lon="5.571186">
        <ele>53.451524</ele>
        <time>2026-06-29T00:11:30.890Z</time>
      </trkpt>
      <trkpt lat="50.894214" lon="5.571930">
        <ele>54.000937</ele>
        <time>2026-06-29T00:11:49.098Z</time>
      </trkpt>
      <trkpt lat="50.893531" lon="5.572459">
        <ele>54.554636</ele>
        <time>2026-06-29T00:12:02.501Z</time>
      </trkpt>
      <trkpt lat="50.893292" lon="5.572645">
        <ele>54.826621</ele>
        <time>2026-06-29T00:12:07.419Z</time>
      </trkpt>
      <trkpt lat="50.893104" lon="5.572790">
        <ele>55.040197</ele>
        <time>2026-06-29T00:12:11.564Z</time>
      </trkpt>
      <trkpt lat="50.892856" lon="5.573048">
        <ele>55.343222</ele>
        <time>2026-06-29T00:12:17.466Z</time>
      </trkpt>
      <trkpt lat="50.892598" lon="5.573396">
        <ele>55.689273</ele>
        <time>2026-06-29T00:12:24.133Z</time>
      </trkpt>
      <trkpt lat="50.892273" lon="5.573750">
        <ele>56.095835</ele>
        <time>2026-06-29T00:12:31.914Z</time>
      </trkpt>
      <trkpt lat="50.891081" lon="5.574598">
        <ele>57.685228</ele>
        <time>2026-06-29T00:12:55.407Z</time>
      </trkpt>
      <trkpt lat="50.890444" lon="5.575042">
        <ele>58.641308</ele>
        <time>2026-06-29T00:13:10.480Z</time>
      </trkpt>
      <trkpt lat="50.890335" lon="5.575150">
        <ele>58.860855</ele>
        <time>2026-06-29T00:13:13.962Z</time>
      </trkpt>
      <trkpt lat="50.890143" lon="5.575520">
        <ele>59.377058</ele>
        <time>2026-06-29T00:13:22.990Z</time>
      </trkpt>
      <trkpt lat="50.889674" lon="5.576747">
        <ele>60.922835</ele>
        <time>2026-06-29T00:13:44.275Z</time>
      </trkpt>
      <trkpt lat="50.889569" lon="5.576927">
        <ele>61.186987</ele>
        <time>2026-06-29T00:13:46.407Z</time>
      </trkpt>
      <trkpt lat="50.889406" lon="5.576989">
        <ele>61.283486</ele>
        <time>2026-06-29T00:13:48.643Z</time>
      </trkpt>
      <trkpt lat="50.889409" lon="5.576778">
        <ele>61.203964</ele>
        <time>2026-06-29T00:13:50.306Z</time>
      </trkpt>
      <trkpt lat="50.889454" lon="5.576598">
        <ele>61.131011</ele>
        <time>2026-06-29T00:13:52.376Z</time>
      </trkpt>
      <trkpt lat="50.889449" lon="5.576518">
        <ele>61.100721</ele>
        <time>2026-06-29T00:13:53.239Z</time>
      </trkpt>
      <trkpt lat="50.889380" lon="5.576082">
        <ele>60.931353</ele>
        <time>2026-06-29T00:13:57.786Z</time>
      </trkpt>
      <trkpt lat="50.889304" lon="5.575790">
        <ele>60.812335</ele>
        <time>2026-06-29T00:14:00.832Z</time>
      </trkpt>
      <trkpt lat="50.889292" lon="5.575765">
        <ele>60.800498</ele>
        <time>2026-06-29T00:14:01.121Z</time>
      </trkpt>
      <trkpt lat="50.888588" lon="5.573559">
        <ele>60.687404</ele>
        <time>2026-06-29T00:14:31.392Z</time>
      </trkpt>
      <trkpt lat="50.888575" lon="5.573517">
        <ele>60.706829</ele>
        <time>2026-06-29T00:14:32.228Z</time>
      </trkpt>
      <trkpt lat="50.888475" lon="5.573202">
        <ele>60.853249</ele>
        <time>2026-06-29T00:14:38.441Z</time>
      </trkpt>
      <trkpt lat="50.888319" lon="5.572503">
        <ele>61.161112</ele>
        <time>2026-06-29T00:14:50.804Z</time>
      </trkpt>
      <trkpt lat="50.888251" lon="5.572545">
        <ele>61.209147</ele>
        <time>2026-06-29T00:14:52.595Z</time>
      </trkpt>
      <trkpt lat="50.888189" lon="5.572578">
        <ele>61.252194</ele>
        <time>2026-06-29T00:14:54.217Z</time>
      </trkpt>
      <trkpt lat="50.888164" lon="5.572485">
        <ele>61.294169</ele>
        <time>2026-06-29T00:14:55.401Z</time>
      </trkpt>
      <trkpt lat="50.888118" lon="5.572446">
        <ele>61.328505</ele>
        <time>2026-06-29T00:14:56.616Z</time>
      </trkpt>
      <trkpt lat="50.887984" lon="5.572497">
        <ele>61.419210</ele>
        <time>2026-06-29T00:14:59.826Z</time>
      </trkpt>
      <trkpt lat="50.887805" lon="5.572677">
        <ele>61.390314</ele>
        <time>2026-06-29T00:15:04.527Z</time>
      </trkpt>
      <trkpt lat="50.887671" lon="5.572867">
        <ele>61.337605</ele>
        <time>2026-06-29T00:15:08.193Z</time>
      </trkpt>
      <trkpt lat="50.887540" lon="5.573098">
        <ele>61.280156</ele>
        <time>2026-06-29T00:15:11.892Z</time>
      </trkpt>
      <trkpt lat="50.887050" lon="5.574270">
        <ele>61.020107</ele>
        <time>2026-06-29T00:15:27.320Z</time>
      </trkpt>
      <trkpt lat="50.886807" lon="5.574704">
        <ele>60.923953</ele>
        <time>2026-06-29T00:15:34.205Z</time>
      </trkpt>
      <trkpt lat="50.886474" lon="5.575148">
        <ele>61.473628</ele>
        <time>2026-06-29T00:15:43.400Z</time>
      </trkpt>
      <trkpt lat="50.886018" lon="5.575576">
        <ele>62.143065</ele>
        <time>2026-06-29T00:15:56.220Z</time>
      </trkpt>
      <trkpt lat="50.885910" lon="5.575573">
        <ele>62.279514</ele>
        <time>2026-06-29T00:15:59.063Z</time>
      </trkpt>
      <trkpt lat="50.882576" lon="5.577490">
        <ele>70.320279</ele>
        <time>2026-06-29T00:17:24.878Z</time>
      </trkpt>
      <trkpt lat="50.882352" lon="5.577585">
        <ele>70.980121</ele>
        <time>2026-06-29T00:17:31.431Z</time>
      </trkpt>
      <trkpt lat="50.882121" lon="5.577655">
        <ele>71.649365</ele>
        <time>2026-06-29T00:17:38.190Z</time>
      </trkpt>
      <trkpt lat="50.879776" lon="5.578448">
        <ele>79.505804</ele>
        <time>2026-06-29T00:18:48.837Z</time>
      </trkpt>
      <trkpt lat="50.879313" lon="5.578558">
        <ele>80.475561</ele>
        <time>2026-06-29T00:19:00.080Z</time>
      </trkpt>
      <trkpt lat="50.879042" lon="5.578484">
        <ele>81.045171</ele>
        <time>2026-06-29T00:19:06.225Z</time>
      </trkpt>
      <trkpt lat="50.878815" lon="5.578339">
        <ele>81.552123</ele>
        <time>2026-06-29T00:19:11.386Z</time>
      </trkpt>
      <trkpt lat="50.878708" lon="5.578206">
        <ele>81.833793</ele>
        <time>2026-06-29T00:19:14.102Z</time>
      </trkpt>
      <trkpt lat="50.878017" lon="5.577203">
        <ele>83.144092</ele>
        <time>2026-06-29T00:19:31.521Z</time>
      </trkpt>
      <trkpt lat="50.877251" lon="5.576320">
        <ele>84.038315</ele>
        <time>2026-06-29T00:19:49.173Z</time>
      </trkpt>
      <trkpt lat="50.877190" lon="5.576252">
        <ele>84.108723</ele>
        <time>2026-06-29T00:19:50.608Z</time>
      </trkpt>
      <trkpt lat="50.876847" lon="5.575883">
        <ele>84.304682</ele>
        <time>2026-06-29T00:19:58.367Z</time>
      </trkpt>
      <trkpt lat="50.876704" lon="5.575728">
        <ele>84.296459</ele>
        <time>2026-06-29T00:20:01.473Z</time>
      </trkpt>
      <trkpt lat="50.876429" lon="5.575452">
        <ele>84.281008</ele>
        <time>2026-06-29T00:20:08.800Z</time>
      </trkpt>
      <trkpt lat="50.876227" lon="5.575251">
        <ele>84.269686</ele>
        <time>2026-06-29T00:20:13.959Z</time>
      </trkpt>
      <trkpt lat="50.876104" lon="5.575183">
        <ele>84.263503</ele>
        <time>2026-06-29T00:20:16.585Z</time>
      </trkpt>
      <trkpt lat="50.875822" lon="5.575141">
        <ele>84.250058</ele>
        <time>2026-06-29T00:20:21.900Z</time>
      </trkpt>
      <trkpt lat="50.875195" lon="5.575050">
        <ele>84.010820</ele>
        <time>2026-06-29T00:20:32.778Z</time>
      </trkpt>
      <trkpt lat="50.874803" lon="5.574913">
        <ele>83.521877</ele>
        <time>2026-06-29T00:20:39.297Z</time>
      </trkpt>
      <trkpt lat="50.874530" lon="5.574820">
        <ele>83.181757</ele>
        <time>2026-06-29T00:20:43.831Z</time>
      </trkpt>
      <trkpt lat="50.874479" lon="5.574810">
        <ele>83.119164</ele>
        <time>2026-06-29T00:20:44.423Z</time>
      </trkpt>
      <trkpt lat="50.874317" lon="5.574813">
        <ele>82.921828</ele>
        <time>2026-06-29T00:20:47.091Z</time>
      </trkpt>
      <trkpt lat="50.874113" lon="5.574864">
        <ele>82.670276</ele>
        <time>2026-06-29T00:20:50.543Z</time>
      </trkpt>
      <trkpt lat="50.873606" lon="5.575074">
        <ele>82.036045</ele>
        <time>2026-06-29T00:20:59.631Z</time>
      </trkpt>
      <trkpt lat="50.872739" lon="5.575495">
        <ele>81.696040</ele>
        <time>2026-06-29T00:21:16.235Z</time>
      </trkpt>
      <trkpt lat="50.871531" lon="5.576143">
        <ele>81.575947</ele>
        <time>2026-06-29T00:21:41.685Z</time>
      </trkpt>
      <trkpt lat="50.871029" lon="5.576423">
        <ele>81.867204</ele>
        <time>2026-06-29T00:21:53.354Z</time>
      </trkpt>
      <trkpt lat="50.869596" lon="5.577397">
        <ele>83.064324</ele>
        <time>2026-06-29T00:22:30.700Z</time>
      </trkpt>
      <trkpt lat="50.869344" lon="5.577436">
        <ele>83.330689</ele>
        <time>2026-06-29T00:22:36.923Z</time>
      </trkpt>
      <trkpt lat="50.869204" lon="5.577414">
        <ele>83.478691</ele>
        <time>2026-06-29T00:22:40.422Z</time>
      </trkpt>
      <trkpt lat="50.868853" lon="5.577266">
        <ele>83.860791</ele>
        <time>2026-06-29T00:22:49.398Z</time>
      </trkpt>
      <trkpt lat="50.868550" lon="5.577158">
        <ele>84.187511</ele>
        <time>2026-06-29T00:22:57.028Z</time>
      </trkpt>
      <trkpt lat="50.868417" lon="5.577145">
        <ele>84.309579</ele>
        <time>2026-06-29T00:23:00.310Z</time>
      </trkpt>
      <trkpt lat="50.868229" lon="5.577177">
        <ele>84.467421</ele>
        <time>2026-06-29T00:23:05.031Z</time>
      </trkpt>
      <trkpt lat="50.868040" lon="5.577257">
        <ele>84.630728</ele>
        <time>2026-06-29T00:23:09.913Z</time>
      </trkpt>
      <trkpt lat="50.867666" lon="5.577476">
        <ele>84.963574</ele>
        <time>2026-06-29T00:23:19.498Z</time>
      </trkpt>
      <trkpt lat="50.867567" lon="5.577534">
        <ele>85.051686</ele>
        <time>2026-06-29T00:23:21.988Z</time>
      </trkpt>
      <trkpt lat="50.867469" lon="5.577592">
        <ele>85.139015</ele>
        <time>2026-06-29T00:23:24.452Z</time>
      </trkpt>
      <trkpt lat="50.867250" lon="5.577734">
        <ele>85.336548</ele>
        <time>2026-06-29T00:23:29.974Z</time>
      </trkpt>
      <trkpt lat="50.867053" lon="5.577804">
        <ele>85.505085</ele>
        <time>2026-06-29T00:23:34.560Z</time>
      </trkpt>
      <trkpt lat="50.866744" lon="5.577728">
        <ele>85.755027</ele>
        <time>2026-06-29T00:23:41.566Z</time>
      </trkpt>
      <trkpt lat="50.865178" lon="5.576855">
        <ele>86.517781</ele>
        <time>2026-06-29T00:24:17.490Z</time>
      </trkpt>
      <trkpt lat="50.864602" lon="5.576420">
        <ele>87.070472</ele>
        <time>2026-06-29T00:24:32.258Z</time>
      </trkpt>
      <trkpt lat="50.864010" lon="5.575878">
        <ele>87.719974</ele>
        <time>2026-06-29T00:24:48.766Z</time>
      </trkpt>
      <trkpt lat="50.863838" lon="5.575706">
        <ele>87.913186</ele>
        <time>2026-06-29T00:24:53.858Z</time>
      </trkpt>
      <trkpt lat="50.863404" lon="5.575493">
        <ele>88.374785</ele>
        <time>2026-06-29T00:25:05.236Z</time>
      </trkpt>
      <trkpt lat="50.862950" lon="5.575499">
        <ele>88.995410</ele>
        <time>2026-06-29T00:25:16.508Z</time>
      </trkpt>
      <trkpt lat="50.861735" lon="5.575320">
        <ele>90.663442</ele>
        <time>2026-06-29T00:25:48.333Z</time>
      </trkpt>
      <trkpt lat="50.860990" lon="5.575073">
        <ele>91.469042</ele>
        <time>2026-06-29T00:26:07.842Z</time>
      </trkpt>
      <trkpt lat="50.860922" lon="5.575122">
        <ele>91.546404</ele>
        <time>2026-06-29T00:26:09.295Z</time>
      </trkpt>
      <trkpt lat="50.860849" lon="5.575271">
        <ele>91.669696</ele>
        <time>2026-06-29T00:26:11.602Z</time>
      </trkpt>
      <trkpt lat="50.860765" lon="5.575338">
        <ele>91.767087</ele>
        <time>2026-06-29T00:26:13.429Z</time>
      </trkpt>
      <trkpt lat="50.860593" lon="5.575379">
        <ele>91.947212</ele>
        <time>2026-06-29T00:26:16.736Z</time>
      </trkpt>
      <trkpt lat="50.860602" lon="5.575512">
        <ele>92.034647</ele>
        <time>2026-06-29T00:26:18.768Z</time>
      </trkpt>
      <trkpt lat="50.860450" lon="5.575533">
        <ele>92.192653</ele>
        <time>2026-06-29T00:26:21.557Z</time>
      </trkpt>
      <trkpt lat="50.860213" lon="5.575446">
        <ele>92.444588</ele>
        <time>2026-06-29T00:26:25.818Z</time>
      </trkpt>
      <trkpt lat="50.859690" lon="5.575098">
        <ele>92.901604</ele>
        <time>2026-06-29T00:26:35.181Z</time>
      </trkpt>
      <trkpt lat="50.858453" lon="5.574258">
        <ele>93.876740</ele>
        <time>2026-06-29T00:26:59.210Z</time>
      </trkpt>
      <trkpt lat="50.858337" lon="5.574164">
        <ele>93.995826</ele>
        <time>2026-06-29T00:27:01.665Z</time>
      </trkpt>
      <trkpt lat="50.857765" lon="5.573590">
        <ele>94.658996</ele>
        <time>2026-06-29T00:27:14.419Z</time>
      </trkpt>
      <trkpt lat="50.857461" lon="5.573229">
        <ele>95.031106</ele>
        <time>2026-06-29T00:27:21.641Z</time>
      </trkpt>
      <trkpt lat="50.853644" lon="5.568458">
        <ele>100.345384</ele>
        <time>2026-06-29T00:28:53.493Z</time>
      </trkpt>
      <trkpt lat="50.850369" lon="5.564369">
        <ele>107.013243</ele>
        <time>2026-06-29T00:30:23.400Z</time>
      </trkpt>
      <trkpt lat="50.848390" lon="5.561913">
        <ele>111.192203</ele>
        <time>2026-06-29T00:31:17.865Z</time>
      </trkpt>
      <trkpt lat="50.847632" lon="5.561081">
        <ele>112.143743</ele>
        <time>2026-06-29T00:31:37.126Z</time>
      </trkpt>
      <trkpt lat="50.846912" lon="5.560452">
        <ele>112.889759</ele>
        <time>2026-06-29T00:31:51.551Z</time>
      </trkpt>
      <trkpt lat="50.846072" lon="5.559828">
        <ele>112.138951</ele>
        <time>2026-06-29T00:32:03.661Z</time>
      </trkpt>
      <trkpt lat="50.844374" lon="5.558577">
        <ele>109.914405</ele>
        <time>2026-06-29T00:32:25.264Z</time>
      </trkpt>
      <trkpt lat="50.843928" lon="5.558218">
        <ele>109.174091</ele>
        <time>2026-06-29T00:32:30.846Z</time>
      </trkpt>
      <trkpt lat="50.843110" lon="5.557399">
        <ele>108.675849</ele>
        <time>2026-06-29T00:32:42.458Z</time>
      </trkpt>
      <trkpt lat="50.841588" lon="5.555611">
        <ele>108.953278</ele>
        <time>2026-06-29T00:33:14.511Z</time>
      </trkpt>
      <trkpt lat="50.841319" lon="5.555330">
        <ele>109.143733</ele>
        <time>2026-06-29T00:33:20.808Z</time>
      </trkpt>
      <trkpt lat="50.841042" lon="5.555126">
        <ele>109.324280</ele>
        <time>2026-06-29T00:33:26.619Z</time>
      </trkpt>
      <trkpt lat="50.840593" lon="5.554929">
        <ele>109.409511</ele>
        <time>2026-06-29T00:33:34.233Z</time>
      </trkpt>
      <trkpt lat="50.840184" lon="5.554875">
        <ele>108.992807</ele>
        <time>2026-06-29T00:33:39.815Z</time>
      </trkpt>
      <trkpt lat="50.840019" lon="5.554895">
        <ele>108.824790</ele>
        <time>2026-06-29T00:33:41.906Z</time>
      </trkpt>
      <trkpt lat="50.839935" lon="5.554900">
        <ele>108.739444</ele>
        <time>2026-06-29T00:33:42.926Z</time>
      </trkpt>
      <trkpt lat="50.839309" lon="5.554966">
        <ele>108.102451</ele>
        <time>2026-06-29T00:33:50.120Z</time>
      </trkpt>
      <trkpt lat="50.838669" lon="5.555016">
        <ele>107.335033</ele>
        <time>2026-06-29T00:34:00.250Z</time>
      </trkpt>
      <trkpt lat="50.838401" lon="5.554958">
        <ele>106.932897</ele>
        <time>2026-06-29T00:34:04.675Z</time>
      </trkpt>
      <trkpt lat="50.838071" lon="5.554800">
        <ele>106.420355</ele>
        <time>2026-06-29T00:34:10.527Z</time>
      </trkpt>
      <trkpt lat="50.838046" lon="5.554697">
        <ele>106.316756</ele>
        <time>2026-06-29T00:34:11.724Z</time>
      </trkpt>
      <trkpt lat="50.837896" lon="5.554534">
        <ele>106.046293</ele>
        <time>2026-06-29T00:34:14.811Z</time>
      </trkpt>
      <trkpt lat="50.837866" lon="5.554495">
        <ele>105.988588</ele>
        <time>2026-06-29T00:34:15.468Z</time>
      </trkpt>
      <trkpt lat="50.837818" lon="5.554376">
        <ele>105.856018</ele>
        <time>2026-06-29T00:34:16.964Z</time>
      </trkpt>
      <trkpt lat="50.837846" lon="5.554244">
        <ele>105.725283</ele>
        <time>2026-06-29T00:34:18.431Z</time>
      </trkpt>
      <trkpt lat="50.837816" lon="5.554191">
        <ele>105.658460</ele>
        <time>2026-06-29T00:34:19.190Z</time>
      </trkpt>
      <trkpt lat="50.837761" lon="5.554099">
        <ele>105.539520</ele>
        <time>2026-06-29T00:34:20.497Z</time>
      </trkpt>
      <trkpt lat="50.837733" lon="5.554040">
        <ele>105.470229</ele>
        <time>2026-06-29T00:34:21.276Z</time>
      </trkpt>
      <trkpt lat="50.837604" lon="5.554115">
        <ele>105.265928</ele>
        <time>2026-06-29T00:34:23.536Z</time>
      </trkpt>
      <trkpt lat="50.837445" lon="5.554072">
        <ele>105.023766</ele>
        <time>2026-06-29T00:34:26.196Z</time>
      </trkpt>
      <trkpt lat="50.837415" lon="5.554053">
        <ele>104.942064</ele>
        <time>2026-06-29T00:34:26.724Z</time>
      </trkpt>
      <trkpt lat="50.837262" lon="5.553928">
        <ele>104.506722</ele>
        <time>2026-06-29T00:34:29.553Z</time>
      </trkpt>
      <trkpt lat="50.837181" lon="5.553911">
        <ele>104.300111</ele>
        <time>2026-06-29T00:34:30.889Z</time>
      </trkpt>
      <trkpt lat="50.836964" lon="5.553545">
        <ele>103.498430</ele>
        <time>2026-06-29T00:34:35.958Z</time>
      </trkpt>
      <trkpt lat="50.836760" lon="5.553088">
        <ele>102.604736</ele>
        <time>2026-06-29T00:34:41.414Z</time>
      </trkpt>
      <trkpt lat="50.836715" lon="5.552968">
        <ele>102.381868</ele>
        <time>2026-06-29T00:34:42.756Z</time>
      </trkpt>
      <trkpt lat="50.836401" lon="5.552132">
        <ele>100.828571</ele>
        <time>2026-06-29T00:34:49.037Z</time>
      </trkpt>
      <trkpt lat="50.835366" lon="5.549386">
        <ele>92.897638</ele>
        <time>2026-06-29T00:35:08.711Z</time>
      </trkpt>
      <trkpt lat="50.835154" lon="5.548738">
        <ele>91.097525</ele>
        <time>2026-06-29T00:35:13.103Z</time>
      </trkpt>
      <trkpt lat="50.834978" lon="5.547938">
        <ele>89.007909</ele>
        <time>2026-06-29T00:35:18.270Z</time>
      </trkpt>
      <trkpt lat="50.834911" lon="5.547461">
        <ele>87.802567</ele>
        <time>2026-06-29T00:35:21.304Z</time>
      </trkpt>
      <trkpt lat="50.834862" lon="5.546838">
        <ele>86.253969</ele>
        <time>2026-06-29T00:35:25.296Z</time>
      </trkpt>
      <trkpt lat="50.834857" lon="5.546400">
        <ele>85.587209</ele>
        <time>2026-06-29T00:35:28.146Z</time>
      </trkpt>
      <trkpt lat="50.834962" lon="5.542518">
        <ele>80.439897</ele>
        <time>2026-06-29T00:35:54.932Z</time>
      </trkpt>
      <trkpt lat="50.834912" lon="5.541473">
        <ele>79.309412</ele>
        <time>2026-06-29T00:36:02.451Z</time>
      </trkpt>
      <trkpt lat="50.834765" lon="5.540486">
        <ele>78.655580</ele>
        <time>2026-06-29T00:36:10.193Z</time>
      </trkpt>
      <trkpt lat="50.834580" lon="5.539708">
        <ele>78.306754</ele>
        <time>2026-06-29T00:36:16.999Z</time>
      </trkpt>
      <trkpt lat="50.834393" lon="5.539115">
        <ele>78.028632</ele>
        <time>2026-06-29T00:36:22.691Z</time>
      </trkpt>
      <trkpt lat="50.834106" lon="5.538404">
        <ele>77.692372</ele>
        <time>2026-06-29T00:36:30.001Z</time>
      </trkpt>
      <trkpt lat="50.833840" lon="5.537885">
        <ele>77.487419</ele>
        <time>2026-06-29T00:36:35.732Z</time>
      </trkpt>
      <trkpt lat="50.832153" lon="5.535093">
        <ele>76.191251</ele>
        <time>2026-06-29T00:37:07.670Z</time>
      </trkpt>
      <trkpt lat="50.832088" lon="5.534994">
        <ele>76.138831</ele>
        <time>2026-06-29T00:37:08.832Z</time>
      </trkpt>
      <trkpt lat="50.831619" lon="5.534217">
        <ele>75.770007</ele>
        <time>2026-06-29T00:37:17.759Z</time>
      </trkpt>
      <trkpt lat="50.831229" lon="5.533648">
        <ele>75.563641</ele>
        <time>2026-06-29T00:37:24.804Z</time>
      </trkpt>
      <trkpt lat="50.830982" lon="5.533339">
        <ele>75.441145</ele>
        <time>2026-06-29T00:37:29.044Z</time>
      </trkpt>
      <trkpt lat="50.830189" lon="5.532479">
        <ele>75.044310</ele>
        <time>2026-06-29T00:37:42.406Z</time>
      </trkpt>
      <trkpt lat="50.829486" lon="5.531617">
        <ele>74.554984</ele>
        <time>2026-06-29T00:37:54.236Z</time>
      </trkpt>
      <trkpt lat="50.829007" lon="5.530920">
        <ele>74.196962</ele>
        <time>2026-06-29T00:38:02.546Z</time>
      </trkpt>
      <trkpt lat="50.828316" lon="5.529727">
        <ele>73.649966</ele>
        <time>2026-06-29T00:38:15.615Z</time>
      </trkpt>
      <trkpt lat="50.828179" lon="5.529482">
        <ele>73.539799</ele>
        <time>2026-06-29T00:38:18.373Z</time>
      </trkpt>
      <trkpt lat="50.828108" lon="5.529354">
        <ele>73.482446</ele>
        <time>2026-06-29T00:38:19.813Z</time>
      </trkpt>
      <trkpt lat="50.827751" lon="5.528714">
        <ele>73.194972</ele>
        <time>2026-06-29T00:38:27.192Z</time>
      </trkpt>
      <trkpt lat="50.825517" lon="5.524714">
        <ele>71.961166</ele>
        <time>2026-06-29T00:39:13.427Z</time>
      </trkpt>
      <trkpt lat="50.825226" lon="5.524146">
        <ele>71.755149</ele>
        <time>2026-06-29T00:39:19.367Z</time>
      </trkpt>
      <trkpt lat="50.824828" lon="5.523232">
        <ele>71.414881</ele>
        <time>2026-06-29T00:39:28.505Z</time>
      </trkpt>
      <trkpt lat="50.824567" lon="5.522531">
        <ele>71.165467</ele>
        <time>2026-06-29T00:39:35.332Z</time>
      </trkpt>
      <trkpt lat="50.824285" lon="5.521736">
        <ele>70.889815</ele>
        <time>2026-06-29T00:39:43.216Z</time>
      </trkpt>
      <trkpt lat="50.823871" lon="5.520824">
        <ele>70.559848</ele>
        <time>2026-06-29T00:39:53.107Z</time>
      </trkpt>
      <trkpt lat="50.823537" lon="5.520236">
        <ele>70.327512</ele>
        <time>2026-06-29T00:39:59.581Z</time>
      </trkpt>
      <trkpt lat="50.823093" lon="5.519608">
        <ele>70.145578</ele>
        <time>2026-06-29T00:40:07.136Z</time>
      </trkpt>
      <trkpt lat="50.822708" lon="5.519156">
        <ele>70.155335</ele>
        <time>2026-06-29T00:40:13.394Z</time>
      </trkpt>
      <trkpt lat="50.822184" lon="5.518670">
        <ele>70.167698</ele>
        <time>2026-06-29T00:40:22.528Z</time>
      </trkpt>
      <trkpt lat="50.822013" lon="5.518535">
        <ele>70.171588</ele>
        <time>2026-06-29T00:40:25.883Z</time>
      </trkpt>
      <trkpt lat="50.821271" lon="5.518079">
        <ele>70.458123</ele>
        <time>2026-06-29T00:40:40.726Z</time>
      </trkpt>
      <trkpt lat="50.820888" lon="5.517840">
        <ele>70.702923</ele>
        <time>2026-06-29T00:40:47.918Z</time>
      </trkpt>
      <trkpt lat="50.820625" lon="5.517600">
        <ele>70.883438</ele>
        <time>2026-06-29T00:40:52.906Z</time>
      </trkpt>
      <trkpt lat="50.820386" lon="5.517317">
        <ele>71.060917</ele>
        <time>2026-06-29T00:40:57.628Z</time>
      </trkpt>
      <trkpt lat="50.820065" lon="5.516829">
        <ele>71.454862</ele>
        <time>2026-06-29T00:41:04.255Z</time>
      </trkpt>
      <trkpt lat="50.819224" lon="5.515499">
        <ele>73.336006</ele>
        <time>2026-06-29T00:41:27.349Z</time>
      </trkpt>
      <trkpt lat="50.818505" lon="5.514360">
        <ele>75.684088</ele>
        <time>2026-06-29T00:41:55.922Z</time>
      </trkpt>
      <trkpt lat="50.816846" lon="5.511746">
        <ele>81.536892</ele>
        <time>2026-06-29T00:42:57.440Z</time>
      </trkpt>
      <trkpt lat="50.816466" lon="5.511157">
        <ele>82.585127</ele>
        <time>2026-06-29T00:43:07.996Z</time>
      </trkpt>
      <trkpt lat="50.816208" lon="5.510822">
        <ele>82.835633</ele>
        <time>2026-06-29T00:43:13.757Z</time>
      </trkpt>
      <trkpt lat="50.812600" lon="5.506270">
        <ele>78.248913</ele>
        <time>2026-06-29T00:44:10.548Z</time>
      </trkpt>
      <trkpt lat="50.812365" lon="5.505977">
        <ele>77.770632</ele>
        <time>2026-06-29T00:44:15.000Z</time>
      </trkpt>
      <trkpt lat="50.812223" lon="5.505801">
        <ele>77.482281</ele>
        <time>2026-06-29T00:44:16.872Z</time>
      </trkpt>
      <trkpt lat="50.812062" lon="5.505520">
        <ele>77.231328</ele>
        <time>2026-06-29T00:44:19.359Z</time>
      </trkpt>
      <trkpt lat="50.811692" lon="5.505064">
        <ele>77.212495</ele>
        <time>2026-06-29T00:44:24.293Z</time>
      </trkpt>
      <trkpt lat="50.811491" lon="5.504816">
        <ele>77.202260</ele>
        <time>2026-06-29T00:44:27.438Z</time>
      </trkpt>
      <trkpt lat="50.810982" lon="5.504470">
        <ele>77.180014</ele>
        <time>2026-06-29T00:44:37.286Z</time>
      </trkpt>
      <trkpt lat="50.810705" lon="5.504385">
        <ele>77.168683</ele>
        <time>2026-06-29T00:44:43.304Z</time>
      </trkpt>
      <trkpt lat="50.809107" lon="5.503421">
        <ele>81.613838</ele>
        <time>2026-06-29T00:45:30.259Z</time>
      </trkpt>
      <trkpt lat="50.808923" lon="5.503339">
        <ele>82.160581</ele>
        <time>2026-06-29T00:45:35.401Z</time>
      </trkpt>
      <trkpt lat="50.808528" lon="5.503178">
        <ele>82.696737</ele>
        <time>2026-06-29T00:45:45.823Z</time>
      </trkpt>
      <trkpt lat="50.807623" lon="5.502772">
        <ele>83.724602</ele>
        <time>2026-06-29T00:46:05.094Z</time>
      </trkpt>
      <trkpt lat="50.807342" lon="5.502606">
        <ele>84.052350</ele>
        <time>2026-06-29T00:46:09.438Z</time>
      </trkpt>
      <trkpt lat="50.806815" lon="5.502184">
        <ele>83.552711</ele>
        <time>2026-06-29T00:46:16.647Z</time>
      </trkpt>
      <trkpt lat="50.806420" lon="5.501925">
        <ele>82.762370</ele>
        <time>2026-06-29T00:46:23.319Z</time>
      </trkpt>
      <trkpt lat="50.806286" lon="5.501854">
        <ele>82.501160</ele>
        <time>2026-06-29T00:46:25.430Z</time>
      </trkpt>
      <trkpt lat="50.805190" lon="5.501236">
        <ele>80.695310</ele>
        <time>2026-06-29T00:46:37.826Z</time>
      </trkpt>
      <trkpt lat="50.804869" lon="5.501023">
        <ele>80.423460</ele>
        <time>2026-06-29T00:46:43.412Z</time>
      </trkpt>
      <trkpt lat="50.804582" lon="5.500764">
        <ele>80.165423</ele>
        <time>2026-06-29T00:46:49.133Z</time>
      </trkpt>
      <trkpt lat="50.804158" lon="5.500348">
        <ele>79.775790</ele>
        <time>2026-06-29T00:46:59.305Z</time>
      </trkpt>
      <trkpt lat="50.803916" lon="5.500180">
        <ele>79.569399</ele>
        <time>2026-06-29T00:47:05.338Z</time>
      </trkpt>
      <trkpt lat="50.802848" lon="5.499587">
        <ele>81.139189</ele>
        <time>2026-06-29T00:47:34.144Z</time>
      </trkpt>
      <trkpt lat="50.802724" lon="5.499518">
        <ele>81.330308</ele>
        <time>2026-06-29T00:47:37.863Z</time>
      </trkpt>
      <trkpt lat="50.802212" lon="5.499220">
        <ele>82.123520</ele>
        <time>2026-06-29T00:47:53.246Z</time>
      </trkpt>
      <trkpt lat="50.800725" lon="5.497991">
        <ele>85.281225</ele>
        <time>2026-06-29T00:48:39.622Z</time>
      </trkpt>
      <trkpt lat="50.800392" lon="5.497707">
        <ele>85.973058</ele>
        <time>2026-06-29T00:48:48.001Z</time>
      </trkpt>
      <trkpt lat="50.799412" lon="5.496580">
        <ele>88.143965</ele>
        <time>2026-06-29T00:49:15.134Z</time>
      </trkpt>
      <trkpt lat="50.797230" lon="5.494070">
        <ele>92.398002</ele>
        <time>2026-06-29T00:50:12.979Z</time>
      </trkpt>
      <trkpt lat="50.795313" lon="5.491816">
        <ele>94.086743</ele>
        <time>2026-06-29T00:50:57.226Z</time>
      </trkpt>
      <trkpt lat="50.795115" lon="5.491553">
        <ele>94.139685</ele>
        <time>2026-06-29T00:51:00.798Z</time>
      </trkpt>
      <trkpt lat="50.794745" lon="5.490992">
        <ele>94.055750</ele>
        <time>2026-06-29T00:51:07.104Z</time>
      </trkpt>
      <trkpt lat="50.794569" lon="5.490662">
        <ele>93.633004</ele>
        <time>2026-06-29T00:51:10.205Z</time>
      </trkpt>
      <trkpt lat="50.794055" lon="5.489266">
        <ele>92.051204</ele>
        <time>2026-06-29T00:51:21.480Z</time>
      </trkpt>
      <trkpt lat="50.793961" lon="5.489062">
        <ele>91.804029</ele>
        <time>2026-06-29T00:51:23.268Z</time>
      </trkpt>
      <trkpt lat="50.793624" lon="5.488519">
        <ele>91.193990</ele>
        <time>2026-06-29T00:51:28.881Z</time>
      </trkpt>
      <trkpt lat="50.793568" lon="5.488430">
        <ele>91.115006</ele>
        <time>2026-06-29T00:51:29.864Z</time>
      </trkpt>
      <trkpt lat="50.793469" lon="5.488266">
        <ele>90.972374</ele>
        <time>2026-06-29T00:51:31.637Z</time>
      </trkpt>
      <trkpt lat="50.793550" lon="5.488067">
        <ele>90.823505</ele>
        <time>2026-06-29T00:51:33.531Z</time>
      </trkpt>
      <trkpt lat="50.793701" lon="5.487726">
        <ele>90.561635</ele>
        <time>2026-06-29T00:51:36.983Z</time>
      </trkpt>
      <trkpt lat="50.794394" lon="5.486645">
        <ele>89.546168</ele>
        <time>2026-06-29T00:51:49.423Z</time>
      </trkpt>
      <trkpt lat="50.794539" lon="5.486418">
        <ele>89.164922</ele>
        <time>2026-06-29T00:51:51.778Z</time>
      </trkpt>
      <trkpt lat="50.794716" lon="5.486081">
        <ele>88.647313</ele>
        <time>2026-06-29T00:51:54.882Z</time>
      </trkpt>
      <trkpt lat="50.794776" lon="5.485933">
        <ele>88.439605</ele>
        <time>2026-06-29T00:51:56.109Z</time>
      </trkpt>
      <trkpt lat="50.794836" lon="5.485962">
        <ele>88.322354</ele>
        <time>2026-06-29T00:51:57.101Z</time>
      </trkpt>
      <trkpt lat="50.795542" lon="5.485906">
        <ele>87.001248</ele>
        <time>2026-06-29T00:52:07.943Z</time>
      </trkpt>
      <trkpt lat="50.796079" lon="5.486053">
        <ele>86.175793</ele>
        <time>2026-06-29T00:52:16.364Z</time>
      </trkpt>
      <trkpt lat="50.796432" lon="5.486191">
        <ele>85.929737</ele>
        <time>2026-06-29T00:52:22.286Z</time>
      </trkpt>
      <trkpt lat="50.796634" lon="5.486327">
        <ele>85.781183</ele>
        <time>2026-06-29T00:52:26.009Z</time>
      </trkpt>
      <trkpt lat="50.797128" lon="5.486880">
        <ele>85.371682</ele>
        <time>2026-06-29T00:52:37.136Z</time>
      </trkpt>
      <trkpt lat="50.796634" lon="5.486327">
        <ele>85.303541</ele>
        <time>2026-06-29T00:52:50.730Z</time>
      </trkpt>
      <trkpt lat="50.796432" lon="5.486191">
        <ele>85.633079</ele>
        <time>2026-06-29T00:52:56.197Z</time>
      </trkpt>
      <trkpt lat="50.796079" lon="5.486053">
        <ele>86.178907</ele>
        <time>2026-06-29T00:53:05.921Z</time>
      </trkpt>
      <trkpt lat="50.795542" lon="5.485906">
        <ele>86.996979</ele>
        <time>2026-06-29T00:53:21.471Z</time>
      </trkpt>
      <trkpt lat="50.794836" lon="5.485962">
        <ele>87.983735</ele>
        <time>2026-06-29T00:53:40.782Z</time>
      </trkpt>
      <trkpt lat="50.794776" lon="5.485933">
        <ele>88.053755</ele>
        <time>2026-06-29T00:53:42.430Z</time>
      </trkpt>
      <trkpt lat="50.794912" lon="5.485509">
        <ele>88.389182</ele>
        <time>2026-06-29T00:53:48.497Z</time>
      </trkpt>
      <trkpt lat="50.794967" lon="5.485249">
        <ele>88.582602</ele>
        <time>2026-06-29T00:53:51.879Z</time>
      </trkpt>
      <trkpt lat="50.795006" lon="5.485005">
        <ele>88.760154</ele>
        <time>2026-06-29T00:53:54.855Z</time>
      </trkpt>
      <trkpt lat="50.795043" lon="5.484463">
        <ele>89.144740</ele>
        <time>2026-06-29T00:54:00.893Z</time>
      </trkpt>
      <trkpt lat="50.795049" lon="5.482957">
        <ele>90.303717</ele>
        <time>2026-06-29T00:54:17.953Z</time>
      </trkpt>
      <trkpt lat="50.795023" lon="5.482421">
        <ele>90.767778</ele>
        <time>2026-06-29T00:54:24.814Z</time>
      </trkpt>
      <trkpt lat="50.794949" lon="5.480880">
        <ele>92.101877</ele>
        <time>2026-06-29T00:54:45.836Z</time>
      </trkpt>
      <trkpt lat="50.794892" lon="5.479943">
        <ele>92.596558</ele>
        <time>2026-06-29T00:54:58.743Z</time>
      </trkpt>
      <trkpt lat="50.794793" lon="5.478321">
        <ele>93.347968</ele>
        <time>2026-06-29T00:55:17.577Z</time>
      </trkpt>
      <trkpt lat="50.794614" lon="5.475328">
        <ele>92.186409</ele>
        <time>2026-06-29T00:55:41.007Z</time>
      </trkpt>
      <trkpt lat="50.794462" lon="5.472786">
        <ele>90.901595</ele>
        <time>2026-06-29T00:56:00.894Z</time>
      </trkpt>
      <trkpt lat="50.794421" lon="5.471491">
        <ele>90.316909</ele>
        <time>2026-06-29T00:56:12.151Z</time>
      </trkpt>
      <trkpt lat="50.794429" lon="5.470893">
        <ele>90.069519</ele>
        <time>2026-06-29T00:56:17.214Z</time>
      </trkpt>
      <trkpt lat="50.794371" lon="5.470515">
        <ele>89.908637</ele>
        <time>2026-06-29T00:56:20.403Z</time>
      </trkpt>
      <trkpt lat="50.794321" lon="5.470338">
        <ele>89.828452</ele>
        <time>2026-06-29T00:56:21.967Z</time>
      </trkpt>
      <trkpt lat="50.794206" lon="5.469815">
        <ele>89.599422</ele>
        <time>2026-06-29T00:56:26.263Z</time>
      </trkpt>
      <trkpt lat="50.794056" lon="5.469335">
        <ele>89.418789</ele>
        <time>2026-06-29T00:56:30.350Z</time>
      </trkpt>
      <trkpt lat="50.793945" lon="5.469060">
        <ele>89.364748</ele>
        <time>2026-06-29T00:56:32.860Z</time>
      </trkpt>
      <trkpt lat="50.793839" lon="5.468846">
        <ele>89.319718</ele>
        <time>2026-06-29T00:56:34.979Z</time>
      </trkpt>
      <trkpt lat="50.793532" lon="5.468222">
        <ele>89.188751</ele>
        <time>2026-06-29T00:56:41.328Z</time>
      </trkpt>
      <trkpt lat="50.793271" lon="5.467577">
        <ele>89.061907</ele>
        <time>2026-06-29T00:56:48.330Z</time>
      </trkpt>
      <trkpt lat="50.793119" lon="5.466940">
        <ele>89.146243</ele>
        <time>2026-06-29T00:56:56.012Z</time>
      </trkpt>
      <trkpt lat="50.793076" lon="5.466640">
        <ele>89.486894</ele>
        <time>2026-06-29T00:56:59.822Z</time>
      </trkpt>
      <trkpt lat="50.793042" lon="5.466267">
        <ele>89.904223</ele>
        <time>2026-06-29T00:57:04.742Z</time>
      </trkpt>
      <trkpt lat="50.793036" lon="5.465827">
        <ele>90.391588</ele>
        <time>2026-06-29T00:57:10.899Z</time>
      </trkpt>
      <trkpt lat="50.793064" lon="5.465312">
        <ele>90.964001</ele>
        <time>2026-06-29T00:57:18.588Z</time>
      </trkpt>
      <trkpt lat="50.793153" lon="5.464736">
        <ele>91.620636</ele>
        <time>2026-06-29T00:57:27.618Z</time>
      </trkpt>
      <trkpt lat="50.793209" lon="5.464588">
        <ele>91.811648</ele>
        <time>2026-06-29T00:57:30.277Z</time>
      </trkpt>
      <trkpt lat="50.793081" lon="5.464555">
        <ele>92.038844</ele>
        <time>2026-06-29T00:57:33.414Z</time>
      </trkpt>
      <trkpt lat="50.793047" lon="5.464546">
        <ele>92.099236</ele>
        <time>2026-06-29T00:57:34.238Z</time>
      </trkpt>
      <trkpt lat="50.792871" lon="5.464501">
        <ele>92.404731</ele>
        <time>2026-06-29T00:57:38.411Z</time>
      </trkpt>
      <trkpt lat="50.792799" lon="5.464483">
        <ele>92.529378</ele>
        <time>2026-06-29T00:57:40.107Z</time>
      </trkpt>
      <trkpt lat="50.792705" lon="5.464461">
        <ele>92.691865</ele>
        <time>2026-06-29T00:57:42.234Z</time>
      </trkpt>
      <trkpt lat="50.792615" lon="5.464437">
        <ele>92.847935</ele>
        <time>2026-06-29T00:57:44.284Z</time>
      </trkpt>
      <trkpt lat="50.791542" lon="5.464174">
        <ele>94.704636</ele>
        <time>2026-06-29T00:58:06.933Z</time>
      </trkpt>
      <trkpt lat="50.791322" lon="5.464096">
        <ele>95.090165</ele>
        <time>2026-06-29T00:58:11.369Z</time>
      </trkpt>
      <trkpt lat="50.791245" lon="5.464069">
        <ele>95.232929</ele>
        <time>2026-06-29T00:58:12.990Z</time>
      </trkpt>
      <trkpt lat="50.791191" lon="5.464051">
        <ele>95.358833</ele>
        <time>2026-06-29T00:58:14.109Z</time>
      </trkpt>
      <trkpt lat="50.791082" lon="5.464023">
        <ele>95.610771</ele>
        <time>2026-06-29T00:58:16.475Z</time>
      </trkpt>
      <trkpt lat="50.790481" lon="5.463868">
        <ele>97.000040</ele>
        <time>2026-06-29T00:58:30.807Z</time>
      </trkpt>
      <trkpt lat="50.790225" lon="5.463852">
        <ele>97.584552</ele>
        <time>2026-06-29T00:58:37.215Z</time>
      </trkpt>
      <trkpt lat="50.789935" lon="5.463769">
        <ele>98.256922</ele>
        <time>2026-06-29T00:58:44.885Z</time>
      </trkpt>
      <trkpt lat="50.789910" lon="5.463763">
        <ele>98.314611</ele>
        <time>2026-06-29T00:58:45.559Z</time>
      </trkpt>
      <trkpt lat="50.789707" lon="5.463707">
        <ele>98.784740</ele>
        <time>2026-06-29T00:58:51.147Z</time>
      </trkpt>
      <trkpt lat="50.787646" lon="5.463193">
        <ele>102.937794</ele>
        <time>2026-06-29T00:59:42.357Z</time>
      </trkpt>
      <trkpt lat="50.786195" lon="5.462833">
        <ele>101.210293</ele>
        <time>2026-06-29T00:59:59.472Z</time>
      </trkpt>
      <trkpt lat="50.786066" lon="5.462123">
        <ele>100.293708</ele>
        <time>2026-06-29T01:00:04.289Z</time>
      </trkpt>
      <trkpt lat="50.786018" lon="5.461828">
        <ele>99.708067</ele>
        <time>2026-06-29T01:00:06.256Z</time>
      </trkpt>
      <trkpt lat="50.785875" lon="5.461490">
        <ele>98.926155</ele>
        <time>2026-06-29T01:00:08.863Z</time>
      </trkpt>
      <trkpt lat="50.785237" lon="5.460281">
        <ele>95.898433</ele>
        <time>2026-06-29T01:00:18.926Z</time>
      </trkpt>
      <trkpt lat="50.784324" lon="5.459095">
        <ele>92.883012</ele>
        <time>2026-06-29T01:00:30.965Z</time>
      </trkpt>
      <trkpt lat="50.783958" lon="5.458763">
        <ele>91.837591</ele>
        <time>2026-06-29T01:00:35.576Z</time>
      </trkpt>
      <trkpt lat="50.783433" lon="5.458521">
        <ele>91.061022</ele>
        <time>2026-06-29T01:00:41.829Z</time>
      </trkpt>
      <trkpt lat="50.783218" lon="5.458347">
        <ele>91.178202</ele>
        <time>2026-06-29T01:00:44.739Z</time>
      </trkpt>
      <trkpt lat="50.783144" lon="5.458235">
        <ele>91.227897</ele>
        <time>2026-06-29T01:00:46.012Z</time>
      </trkpt>
      <trkpt lat="50.782114" lon="5.456767">
        <ele>92.182437</ele>
        <time>2026-06-29T01:01:12.347Z</time>
      </trkpt>
      <trkpt lat="50.782054" lon="5.456709">
        <ele>92.372601</ele>
        <time>2026-06-29T01:01:14.167Z</time>
      </trkpt>
      <trkpt lat="50.781168" lon="5.455845">
        <ele>95.187434</ele>
        <time>2026-06-29T01:01:44.003Z</time>
      </trkpt>
      <trkpt lat="50.780606" lon="5.455244">
        <ele>96.698885</ele>
        <time>2026-06-29T01:02:02.055Z</time>
      </trkpt>
      <trkpt lat="50.780436" lon="5.455056">
        <ele>96.691557</ele>
        <time>2026-06-29T01:02:06.460Z</time>
      </trkpt>
      <trkpt lat="50.780331" lon="5.454929">
        <ele>96.686887</ele>
        <time>2026-06-29T01:02:08.983Z</time>
      </trkpt>
      <trkpt lat="50.780107" lon="5.454537">
        <ele>96.675085</ele>
        <time>2026-06-29T01:02:14.475Z</time>
      </trkpt>
      <trkpt lat="50.778711" lon="5.451511">
        <ele>94.927361</ele>
        <time>2026-06-29T01:02:42.209Z</time>
      </trkpt>
      <trkpt lat="50.778577" lon="5.451304">
        <ele>94.691803</ele>
        <time>2026-06-29T01:02:44.449Z</time>
      </trkpt>
      <trkpt lat="50.778283" lon="5.451058">
        <ele>94.323415</ele>
        <time>2026-06-29T01:02:48.536Z</time>
      </trkpt>
      <trkpt lat="50.778194" lon="5.451055">
        <ele>94.265090</ele>
        <time>2026-06-29T01:02:49.629Z</time>
      </trkpt>
      <trkpt lat="50.778012" lon="5.450150">
        <ele>93.871651</ele>
        <time>2026-06-29T01:02:57.095Z</time>
      </trkpt>
      <trkpt lat="50.777930" lon="5.449738">
        <ele>93.692707</ele>
        <time>2026-06-29T01:03:00.604Z</time>
      </trkpt>
      <trkpt lat="50.777896" lon="5.449560">
        <ele>93.615672</ele>
        <time>2026-06-29T01:03:02.747Z</time>
      </trkpt>
      <trkpt lat="50.777699" lon="5.448522">
        <ele>93.211181</ele>
        <time>2026-06-29T01:03:15.885Z</time>
      </trkpt>
      <trkpt lat="50.777671" lon="5.448378">
        <ele>93.234106</ele>
        <time>2026-06-29T01:03:17.732Z</time>
      </trkpt>
      <trkpt lat="50.777481" lon="5.448493">
        <ele>93.283065</ele>
        <time>2026-06-29T01:03:21.505Z</time>
      </trkpt>
      <trkpt lat="50.777323" lon="5.448729">
        <ele>93.335368</ele>
        <time>2026-06-29T01:03:25.641Z</time>
      </trkpt>
      <trkpt lat="50.777158" lon="5.449160">
        <ele>93.412039</ele>
        <time>2026-06-29T01:03:32.256Z</time>
      </trkpt>
      <trkpt lat="50.776864" lon="5.450006">
        <ele>93.558940</ele>
        <time>2026-06-29T01:03:45.667Z</time>
      </trkpt>
      <trkpt lat="50.776820" lon="5.450009">
        <ele>93.569539</ele>
        <time>2026-06-29T01:03:46.668Z</time>
      </trkpt>
      <trkpt lat="50.776763" lon="5.450079">
        <ele>93.586907</ele>
        <time>2026-06-29T01:03:48.366Z</time>
      </trkpt>
      <trkpt lat="50.776450" lon="5.449829">
        <ele>93.860119</ele>
        <time>2026-06-29T01:03:56.681Z</time>
      </trkpt>
      <trkpt lat="50.776083" lon="5.449535">
        <ele>94.435854</ele>
        <time>2026-06-29T01:04:06.603Z</time>
      </trkpt>
      <trkpt lat="50.774806" lon="5.448601">
        <ele>96.409196</ele>
        <time>2026-06-29T01:04:44.224Z</time>
      </trkpt>
      <trkpt lat="50.774547" lon="5.448385">
        <ele>96.825962</ele>
        <time>2026-06-29T01:04:52.634Z</time>
      </trkpt>
      <trkpt lat="50.773911" lon="5.447703">
        <ele>97.919702</ele>
        <time>2026-06-29T01:05:13.988Z</time>
      </trkpt>
      <trkpt lat="50.773581" lon="5.447272">
        <ele>98.528892</ele>
        <time>2026-06-29T01:05:24.892Z</time>
      </trkpt>
      <trkpt lat="50.772625" lon="5.445828">
        <ele>98.043908</ele>
        <time>2026-06-29T01:05:50.786Z</time>
      </trkpt>
      <trkpt lat="50.772309" lon="5.445303">
        <ele>97.788788</ele>
        <time>2026-06-29T01:05:58.278Z</time>
      </trkpt>
      <trkpt lat="50.771227" lon="5.443297">
        <ele>95.562324</ele>
        <time>2026-06-29T01:06:24.691Z</time>
      </trkpt>
      <trkpt lat="50.771027" lon="5.442975">
        <ele>95.181910</ele>
        <time>2026-06-29T01:06:29.872Z</time>
      </trkpt>
      <trkpt lat="50.770038" lon="5.441359">
        <ele>96.557875</ele>
        <time>2026-06-29T01:07:04.338Z</time>
      </trkpt>
      <trkpt lat="50.769549" lon="5.440444">
        <ele>97.566980</ele>
        <time>2026-06-29T01:07:25.838Z</time>
      </trkpt>
      <trkpt lat="50.769129" lon="5.439522">
        <ele>98.770525</ele>
        <time>2026-06-29T01:07:46.382Z</time>
      </trkpt>
      <trkpt lat="50.768705" lon="5.438437">
        <ele>99.951614</ele>
        <time>2026-06-29T01:08:07.263Z</time>
      </trkpt>
      <trkpt lat="50.768643" lon="5.438282">
        <ele>99.977467</ele>
        <time>2026-06-29T01:08:10.045Z</time>
      </trkpt>
      <trkpt lat="50.768016" lon="5.436572">
        <ele>100.256098</ele>
        <time>2026-06-29T01:08:36.276Z</time>
      </trkpt>
      <trkpt lat="50.767662" lon="5.435511">
        <ele>99.852770</ele>
        <time>2026-06-29T01:08:50.102Z</time>
      </trkpt>
      <trkpt lat="50.767172" lon="5.433650">
        <ele>98.490008</ele>
        <time>2026-06-29T01:09:11.707Z</time>
      </trkpt>
      <trkpt lat="50.767002" lon="5.433129">
        <ele>97.971563</ele>
        <time>2026-06-29T01:09:17.751Z</time>
      </trkpt>
      <trkpt lat="50.766795" lon="5.432639">
        <ele>97.416392</ele>
        <time>2026-06-29T01:09:23.793Z</time>
      </trkpt>
      <trkpt lat="50.765857" lon="5.430800">
        <ele>95.535664</ele>
        <time>2026-06-29T01:09:48.228Z</time>
      </trkpt>
      <trkpt lat="50.765261" lon="5.429670">
        <ele>95.045326</ele>
        <time>2026-06-29T01:10:05.180Z</time>
      </trkpt>
      <trkpt lat="50.764871" lon="5.428939">
        <ele>94.887138</ele>
        <time>2026-06-29T01:10:17.887Z</time>
      </trkpt>
      <trkpt lat="50.764838" lon="5.428777">
        <ele>95.011636</ele>
        <time>2026-06-29T01:10:20.300Z</time>
      </trkpt>
      <trkpt lat="50.764449" lon="5.427962">
        <ele>95.758513</ele>
        <time>2026-06-29T01:10:36.131Z</time>
      </trkpt>
      <trkpt lat="50.764196" lon="5.427484">
        <ele>96.214450</ele>
        <time>2026-06-29T01:10:46.648Z</time>
      </trkpt>
      <trkpt lat="50.763820" lon="5.426816">
        <ele>96.862069</ele>
        <time>2026-06-29T01:11:01.945Z</time>
      </trkpt>
      <trkpt lat="50.763407" lon="5.425953">
        <ele>97.207873</ele>
        <time>2026-06-29T01:11:19.198Z</time>
      </trkpt>
      <trkpt lat="50.763342" lon="5.425898">
        <ele>97.245117</ele>
        <time>2026-06-29T01:11:20.909Z</time>
      </trkpt>
      <trkpt lat="50.763253" lon="5.425651">
        <ele>97.335954</ele>
        <time>2026-06-29T01:11:24.992Z</time>
      </trkpt>
      <trkpt lat="50.762769" lon="5.424238">
        <ele>97.670198</ele>
        <time>2026-06-29T01:11:45.035Z</time>
      </trkpt>
      <trkpt lat="50.761793" lon="5.421712">
        <ele>96.758347</ele>
        <time>2026-06-29T01:12:09.029Z</time>
      </trkpt>
      <trkpt lat="50.761607" lon="5.421347">
        <ele>96.793899</ele>
        <time>2026-06-29T01:12:12.678Z</time>
      </trkpt>
      <trkpt lat="50.761131" lon="5.420567">
        <ele>96.876108</ele>
        <time>2026-06-29T01:12:22.073Z</time>
      </trkpt>
      <trkpt lat="50.760707" lon="5.419789">
        <ele>97.105139</ele>
        <time>2026-06-29T01:12:34.206Z</time>
      </trkpt>
      <trkpt lat="50.760119" lon="5.418548">
        <ele>99.269256</ele>
        <time>2026-06-29T01:12:58.988Z</time>
      </trkpt>
      <trkpt lat="50.758527" lon="5.415549">
        <ele>104.615876</ele>
        <time>2026-06-29T01:13:58.507Z</time>
      </trkpt>
      <trkpt lat="50.757845" lon="5.414330">
        <ele>105.603741</ele>
        <time>2026-06-29T01:14:18.392Z</time>
      </trkpt>
      <trkpt lat="50.756991" lon="5.412675">
        <ele>106.409638</ele>
        <time>2026-06-29T01:14:40.192Z</time>
      </trkpt>
      <trkpt lat="50.755141" lon="5.409232">
        <ele>106.686549</ele>
        <time>2026-06-29T01:15:23.234Z</time>
      </trkpt>
      <trkpt lat="50.754866" lon="5.408566">
        <ele>106.744980</ele>
        <time>2026-06-29T01:15:30.673Z</time>
      </trkpt>
      <trkpt lat="50.754424" lon="5.406865">
        <ele>106.931596</ele>
        <time>2026-06-29T01:15:48.324Z</time>
      </trkpt>
      <trkpt lat="50.753421" lon="5.403307">
        <ele>107.759708</ele>
        <time>2026-06-29T01:16:29.233Z</time>
      </trkpt>
      <trkpt lat="50.751670" lon="5.398565">
        <ele>108.052589</ele>
        <time>2026-06-29T01:17:21.383Z</time>
      </trkpt>
      <trkpt lat="50.750255" lon="5.394596">
        <ele>108.792484</ele>
        <time>2026-06-29T01:18:06.325Z</time>
      </trkpt>
      <trkpt lat="50.747969" lon="5.389562">
        <ele>111.275762</ele>
        <time>2026-06-29T01:19:15.448Z</time>
      </trkpt>
      <trkpt lat="50.747593" lon="5.388738">
        <ele>111.663094</ele>
        <time>2026-06-29T01:19:26.259Z</time>
      </trkpt>
      <trkpt lat="50.746135" lon="5.385019">
        <ele>113.405719</ele>
        <time>2026-06-29T01:20:13.461Z</time>
      </trkpt>
      <trkpt lat="50.745330" lon="5.382957">
        <ele>115.071690</ele>
        <time>2026-06-29T01:20:43.162Z</time>
      </trkpt>
      <trkpt lat="50.744992" lon="5.382142">
        <ele>115.826415</ele>
        <time>2026-06-29T01:20:55.689Z</time>
      </trkpt>
      <trkpt lat="50.742930" lon="5.377887">
        <ele>120.772426</ele>
        <time>2026-06-29T01:22:06.251Z</time>
      </trkpt>
      <trkpt lat="50.742041" lon="5.376066">
        <ele>122.210989</ele>
        <time>2026-06-29T01:22:34.568Z</time>
      </trkpt>
      <trkpt lat="50.741577" lon="5.375116">
        <ele>122.782780</ele>
        <time>2026-06-29T01:22:47.160Z</time>
      </trkpt>
      <trkpt lat="50.738870" lon="5.370025">
        <ele>123.215514</ele>
        <time>2026-06-29T01:23:52.591Z</time>
      </trkpt>
      <trkpt lat="50.737903" lon="5.368219">
        <ele>121.963649</ele>
        <time>2026-06-29T01:24:11.956Z</time>
      </trkpt>
      <trkpt lat="50.737051" lon="5.366543">
        <ele>119.389687</ele>
        <time>2026-06-29T01:24:26.219Z</time>
      </trkpt>
      <trkpt lat="50.736777" lon="5.365745">
        <ele>119.058408</ele>
        <time>2026-06-29T01:24:32.621Z</time>
      </trkpt>
      <trkpt lat="50.736634" lon="5.365176">
        <ele>118.835011</ele>
        <time>2026-06-29T01:24:37.681Z</time>
      </trkpt>
      <trkpt lat="50.736527" lon="5.364690">
        <ele>118.647246</ele>
        <time>2026-06-29T01:24:42.766Z</time>
      </trkpt>
      <trkpt lat="50.736385" lon="5.363676">
        <ele>118.553424</ele>
        <time>2026-06-29T01:24:54.892Z</time>
      </trkpt>
      <trkpt lat="50.736125" lon="5.358911">
        <ele>121.352944</ele>
        <time>2026-06-29T01:25:51.991Z</time>
      </trkpt>
      <trkpt lat="50.735973" lon="5.355939">
        <ele>122.507727</ele>
        <time>2026-06-29T01:26:24.141Z</time>
      </trkpt>
      <trkpt lat="50.735893" lon="5.355367">
        <ele>122.669564</ele>
        <time>2026-06-29T01:26:30.229Z</time>
      </trkpt>
      <trkpt lat="50.735772" lon="5.354807">
        <ele>122.677035</ele>
        <time>2026-06-29T01:26:36.238Z</time>
      </trkpt>
      <trkpt lat="50.735610" lon="5.354280">
        <ele>122.684432</ele>
        <time>2026-06-29T01:26:41.954Z</time>
      </trkpt>
      <trkpt lat="50.735381" lon="5.353734">
        <ele>122.692703</ele>
        <time>2026-06-29T01:26:48.092Z</time>
      </trkpt>
      <trkpt lat="50.734705" lon="5.352117">
        <ele>122.442134</ele>
        <time>2026-06-29T01:27:04.842Z</time>
      </trkpt>
      <trkpt lat="50.733581" lon="5.349471">
        <ele>121.648018</ele>
        <time>2026-06-29T01:27:32.020Z</time>
      </trkpt>
      <trkpt lat="50.732920" lon="5.348071">
        <ele>121.118832</ele>
        <time>2026-06-29T01:27:47.331Z</time>
      </trkpt>
      <trkpt lat="50.732365" lon="5.347076">
        <ele>120.359567</ele>
        <time>2026-06-29T01:27:57.945Z</time>
      </trkpt>
      <trkpt lat="50.731122" lon="5.344728">
        <ele>118.278831</ele>
        <time>2026-06-29T01:28:20.657Z</time>
      </trkpt>
      <trkpt lat="50.731096" lon="5.344679">
        <ele>118.230827</ele>
        <time>2026-06-29T01:28:21.161Z</time>
      </trkpt>
      <trkpt lat="50.731045" lon="5.344462">
        <ele>118.057042</ele>
        <time>2026-06-29T01:28:22.971Z</time>
      </trkpt>
      <trkpt lat="50.731036" lon="5.344281">
        <ele>117.920734</ele>
        <time>2026-06-29T01:28:24.408Z</time>
      </trkpt>
      <trkpt lat="50.730950" lon="5.344188">
        <ele>117.797120</ele>
        <time>2026-06-29T01:28:25.688Z</time>
      </trkpt>
      <trkpt lat="50.730886" lon="5.344196">
        <ele>117.720971</ele>
        <time>2026-06-29T01:28:26.498Z</time>
      </trkpt>
      <trkpt lat="50.730799" lon="5.344093">
        <ele>117.592019</ele>
        <time>2026-06-29T01:28:27.838Z</time>
      </trkpt>
      <trkpt lat="50.730758" lon="5.344082">
        <ele>117.542691</ele>
        <time>2026-06-29T01:28:28.362Z</time>
      </trkpt>
      <trkpt lat="50.730703" lon="5.344142">
        <ele>117.449251</ele>
        <time>2026-06-29T01:28:29.178Z</time>
      </trkpt>
      <trkpt lat="50.730735" lon="5.344351">
        <ele>117.252493</ele>
        <time>2026-06-29T01:28:30.858Z</time>
      </trkpt>
      <trkpt lat="50.730728" lon="5.344738">
        <ele>116.898229</ele>
        <time>2026-06-29T01:28:33.852Z</time>
      </trkpt>
      <trkpt lat="50.730770" lon="5.344779">
        <ele>116.826856</ele>
        <time>2026-06-29T01:28:34.444Z</time>
      </trkpt>
      <trkpt lat="50.730537" lon="5.345361">
        <ele>116.196722</ele>
        <time>2026-06-29T01:28:39.777Z</time>
      </trkpt>
      <trkpt lat="50.728425" lon="5.350610">
        <ele>109.082530</ele>
        <time>2026-06-29T01:29:23.371Z</time>
      </trkpt>
      <trkpt lat="50.728406" lon="5.350657">
        <ele>109.014793</ele>
        <time>2026-06-29T01:29:23.762Z</time>
      </trkpt>
      <trkpt lat="50.728374" lon="5.350737">
        <ele>108.899846</ele>
        <time>2026-06-29T01:29:24.425Z</time>
      </trkpt>
      <trkpt lat="50.728335" lon="5.350834">
        <ele>108.760267</ele>
        <time>2026-06-29T01:29:25.235Z</time>
      </trkpt>
      <trkpt lat="50.728252" lon="5.351043">
        <ele>108.460582</ele>
        <time>2026-06-29T01:29:26.975Z</time>
      </trkpt>
      <trkpt lat="50.728194" lon="5.351185">
        <ele>108.255312</ele>
        <time>2026-06-29T01:29:28.154Z</time>
      </trkpt>
      <trkpt lat="50.727680" lon="5.352482">
        <ele>106.735358</ele>
        <time>2026-06-29T01:29:38.676Z</time>
      </trkpt>
      <trkpt lat="50.727002" lon="5.351565">
        <ele>105.373510</ele>
        <time>2026-06-29T01:29:48.998Z</time>
      </trkpt>
      <trkpt lat="50.726328" lon="5.350687">
        <ele>106.062931</ele>
        <time>2026-06-29T01:30:02.823Z</time>
      </trkpt>
      <trkpt lat="50.725897" lon="5.350066">
        <ele>106.595504</ele>
        <time>2026-06-29T01:30:15.965Z</time>
      </trkpt>
      <trkpt lat="50.725849" lon="5.349998">
        <ele>106.654366</ele>
        <time>2026-06-29T01:30:17.477Z</time>
      </trkpt>
      <trkpt lat="50.725481" lon="5.349286">
        <ele>107.222718</ele>
        <time>2026-06-29T01:30:30.622Z</time>
      </trkpt>
      <trkpt lat="50.724334" lon="5.346676">
        <ele>108.714985</ele>
        <time>2026-06-29T01:31:07.428Z</time>
      </trkpt>
      <trkpt lat="50.723936" lon="5.345359">
        <ele>108.457992</ele>
        <time>2026-06-29T01:31:20.454Z</time>
      </trkpt>
      <trkpt lat="50.723714" lon="5.344598">
        <ele>108.016212</ele>
        <time>2026-06-29T01:31:26.674Z</time>
      </trkpt>
      <trkpt lat="50.723500" lon="5.344048">
        <ele>106.968069</ele>
        <time>2026-06-29T01:31:31.130Z</time>
      </trkpt>
      <trkpt lat="50.722488" lon="5.342021">
        <ele>103.056415</ele>
        <time>2026-06-29T01:31:47.808Z</time>
      </trkpt>
      <trkpt lat="50.722101" lon="5.341146">
        <ele>101.830009</ele>
        <time>2026-06-29T01:31:55.088Z</time>
      </trkpt>
      <trkpt lat="50.721780" lon="5.340552">
        <ele>100.932672</ele>
        <time>2026-06-29T01:32:01.031Z</time>
      </trkpt>
      <trkpt lat="50.721748" lon="5.340429">
        <ele>100.779878</ele>
        <time>2026-06-29T01:32:02.103Z</time>
      </trkpt>
      <trkpt lat="50.721716" lon="5.340219">
        <ele>100.531698</ele>
        <time>2026-06-29T01:32:03.898Z</time>
      </trkpt>
      <trkpt lat="50.721742" lon="5.339979">
        <ele>100.449735</ele>
        <time>2026-06-29T01:32:05.996Z</time>
      </trkpt>
      <trkpt lat="50.721776" lon="5.339645">
        <ele>100.415248</ele>
        <time>2026-06-29T01:32:09.022Z</time>
      </trkpt>
      <trkpt lat="50.721786" lon="5.339567">
        <ele>100.407135</ele>
        <time>2026-06-29T01:32:09.764Z</time>
      </trkpt>
      <trkpt lat="50.721852" lon="5.338789">
        <ele>100.327111</ele>
        <time>2026-06-29T01:32:16.914Z</time>
      </trkpt>
      <trkpt lat="50.721824" lon="5.338525">
        <ele>100.299822</ele>
        <time>2026-06-29T01:32:19.338Z</time>
      </trkpt>
      <trkpt lat="50.721725" lon="5.338275">
        <ele>100.269760</ele>
        <time>2026-06-29T01:32:22.017Z</time>
      </trkpt>
      <trkpt lat="50.721264" lon="5.337522">
        <ele>100.243371</ele>
        <time>2026-06-29T01:32:31.838Z</time>
      </trkpt>
      <trkpt lat="50.721101" lon="5.337113">
        <ele>100.435848</ele>
        <time>2026-06-29T01:32:36.856Z</time>
      </trkpt>
      <trkpt lat="50.720947" lon="5.336616">
        <ele>100.656222</ele>
        <time>2026-06-29T01:32:42.855Z</time>
      </trkpt>
      <trkpt lat="50.720759" lon="5.335911">
        <ele>100.960891</ele>
        <time>2026-06-29T01:32:51.534Z</time>
      </trkpt>
      <trkpt lat="50.720432" lon="5.335012">
        <ele>101.374925</ele>
        <time>2026-06-29T01:33:03.604Z</time>
      </trkpt>
      <trkpt lat="50.720011" lon="5.333998">
        <ele>101.866336</ele>
        <time>2026-06-29T01:33:17.596Z</time>
      </trkpt>
      <trkpt lat="50.719514" lon="5.332819">
        <ele>102.440358</ele>
        <time>2026-06-29T01:33:32.645Z</time>
      </trkpt>
      <trkpt lat="50.719142" lon="5.331930">
        <ele>102.320366</ele>
        <time>2026-06-29T01:33:43.422Z</time>
      </trkpt>
      <trkpt lat="50.718500" lon="5.330415">
        <ele>102.064892</ele>
        <time>2026-06-29T01:33:58.498Z</time>
      </trkpt>
      <trkpt lat="50.718375" lon="5.330219">
        <ele>102.134777</ele>
        <time>2026-06-29T01:34:00.820Z</time>
      </trkpt>
      <trkpt lat="50.717946" lon="5.329768">
        <ele>102.346315</ele>
        <time>2026-06-29T01:34:08.109Z</time>
      </trkpt>
      <trkpt lat="50.717771" lon="5.329740">
        <ele>102.418517</ele>
        <time>2026-06-29T01:34:10.728Z</time>
      </trkpt>
      <trkpt lat="50.717223" lon="5.329774">
        <ele>102.643634</ele>
        <time>2026-06-29T01:34:20.170Z</time>
      </trkpt>
      <trkpt lat="50.717164" lon="5.329778">
        <ele>102.667875</ele>
        <time>2026-06-29T01:34:21.355Z</time>
      </trkpt>
      <trkpt lat="50.717020" lon="5.329790">
        <ele>102.727066</ele>
        <time>2026-06-29T01:34:24.308Z</time>
      </trkpt>
      <trkpt lat="50.716536" lon="5.329974">
        <ele>103.227026</ele>
        <time>2026-06-29T01:34:34.863Z</time>
      </trkpt>
      <trkpt lat="50.716362" lon="5.329996">
        <ele>103.462800</ele>
        <time>2026-06-29T01:34:38.521Z</time>
      </trkpt>
      <trkpt lat="50.716227" lon="5.329934">
        <ele>103.652697</ele>
        <time>2026-06-29T01:34:41.420Z</time>
      </trkpt>
      <trkpt lat="50.716135" lon="5.329846">
        <ele>103.797975</ele>
        <time>2026-06-29T01:34:43.686Z</time>
      </trkpt>
      <trkpt lat="50.715517" lon="5.329144">
        <ele>104.826185</ele>
        <time>2026-06-29T01:34:59.938Z</time>
      </trkpt>
      <trkpt lat="50.715441" lon="5.329051">
        <ele>104.956045</ele>
        <time>2026-06-29T01:35:01.956Z</time>
      </trkpt>
      <trkpt lat="50.714930" lon="5.328515">
        <ele>105.446962</ele>
        <time>2026-06-29T01:35:12.480Z</time>
      </trkpt>
      <trkpt lat="50.714911" lon="5.328494">
        <ele>105.459154</ele>
        <time>2026-06-29T01:35:12.840Z</time>
      </trkpt>
      <trkpt lat="50.714555" lon="5.328110">
        <ele>105.685803</ele>
        <time>2026-06-29T01:35:19.832Z</time>
      </trkpt>
      <trkpt lat="50.714359" lon="5.327917">
        <ele>105.807236</ele>
        <time>2026-06-29T01:35:23.665Z</time>
      </trkpt>
      <trkpt lat="50.714230" lon="5.327874">
        <ele>105.876550</ele>
        <time>2026-06-29T01:35:25.853Z</time>
      </trkpt>
      <trkpt lat="50.713937" lon="5.327888">
        <ele>106.030662</ele>
        <time>2026-06-29T01:35:30.598Z</time>
      </trkpt>
      <trkpt lat="50.713515" lon="5.327973">
        <ele>106.368761</ele>
        <time>2026-06-29T01:35:37.346Z</time>
      </trkpt>
      <trkpt lat="50.713359" lon="5.328027">
        <ele>106.577635</ele>
        <time>2026-06-29T01:35:39.898Z</time>
      </trkpt>
      <trkpt lat="50.713245" lon="5.328111">
        <ele>106.742164</ele>
        <time>2026-06-29T01:35:42.083Z</time>
      </trkpt>
      <trkpt lat="50.712633" lon="5.329299">
        <ele>108.010491</ele>
        <time>2026-06-29T01:36:02.205Z</time>
      </trkpt>
      <trkpt lat="50.711794" lon="5.330979">
        <ele>110.177332</ele>
        <time>2026-06-29T01:36:32.893Z</time>
      </trkpt>
      <trkpt lat="50.711456" lon="5.331656">
        <ele>111.116389</ele>
        <time>2026-06-29T01:36:44.902Z</time>
      </trkpt>
      <trkpt lat="50.711223" lon="5.332068">
        <ele>111.654514</ele>
        <time>2026-06-29T01:36:52.164Z</time>
      </trkpt>
      <trkpt lat="50.710994" lon="5.332343">
        <ele>111.815844</ele>
        <time>2026-06-29T01:36:57.517Z</time>
      </trkpt>
      <trkpt lat="50.710821" lon="5.332466">
        <ele>111.922237</ele>
        <time>2026-06-29T01:37:00.894Z</time>
      </trkpt>
      <trkpt lat="50.710494" lon="5.332592">
        <ele>112.110990</ele>
        <time>2026-06-29T01:37:06.683Z</time>
      </trkpt>
      <trkpt lat="50.709609" lon="5.332522">
        <ele>112.607899</ele>
        <time>2026-06-29T01:37:20.727Z</time>
      </trkpt>
      <trkpt lat="50.708476" lon="5.332306">
        <ele>112.871376</ele>
        <time>2026-06-29T01:37:37.138Z</time>
      </trkpt>
      <trkpt lat="50.706478" lon="5.332771">
        <ele>114.343825</ele>
        <time>2026-06-29T01:38:11.884Z</time>
      </trkpt>
      <trkpt lat="50.705403" lon="5.333494">
        <ele>116.567013</ele>
        <time>2026-06-29T01:38:38.734Z</time>
      </trkpt>
      <trkpt lat="50.703249" lon="5.334926">
        <ele>122.104961</ele>
        <time>2026-06-29T01:39:40.809Z</time>
      </trkpt>
      <trkpt lat="50.702521" lon="5.335131">
        <ele>123.418665</ele>
        <time>2026-06-29T01:39:55.155Z</time>
      </trkpt>
      <trkpt lat="50.701386" lon="5.335450">
        <ele>123.711548</ele>
        <time>2026-06-29T01:40:11.523Z</time>
      </trkpt>
      <trkpt lat="50.700977" lon="5.335546">
        <ele>123.816598</ele>
        <time>2026-06-29T01:40:17.698Z</time>
      </trkpt>
      <trkpt lat="50.699943" lon="5.335641">
        <ele>124.591605</ele>
        <time>2026-06-29T01:40:36.638Z</time>
      </trkpt>
      <trkpt lat="50.699372" lon="5.335881">
        <ele>125.053195</ele>
        <time>2026-06-29T01:40:48.353Z</time>
      </trkpt>
      <trkpt lat="50.698856" lon="5.336197">
        <ele>125.142949</ele>
        <time>2026-06-29T01:40:57.704Z</time>
      </trkpt>
      <trkpt lat="50.698700" lon="5.336161">
        <ele>125.095593</ele>
        <time>2026-06-29T01:40:59.977Z</time>
      </trkpt>
      <trkpt lat="50.698475" lon="5.336025">
        <ele>125.023225</ele>
        <time>2026-06-29T01:41:03.172Z</time>
      </trkpt>
      <trkpt lat="50.698203" lon="5.335950">
        <ele>124.940287</ele>
        <time>2026-06-29T01:41:06.596Z</time>
      </trkpt>
      <trkpt lat="50.697353" lon="5.335975">
        <ele>124.700434</ele>
        <time>2026-06-29T01:41:17.350Z</time>
      </trkpt>
      <trkpt lat="50.697218" lon="5.335931">
        <ele>124.708786</ele>
        <time>2026-06-29T01:41:19.232Z</time>
      </trkpt>
      <trkpt lat="50.697034" lon="5.335691">
        <ele>124.723247</ele>
        <time>2026-06-29T01:41:22.624Z</time>
      </trkpt>
      <trkpt lat="50.696600" lon="5.335477">
        <ele>124.750795</ele>
        <time>2026-06-29T01:41:30.045Z</time>
      </trkpt>
      <trkpt lat="50.695328" lon="5.334994">
        <ele>124.356704</ele>
        <time>2026-06-29T01:41:51.318Z</time>
      </trkpt>
      <trkpt lat="50.695274" lon="5.334971">
        <ele>124.291112</ele>
        <time>2026-06-29T01:41:51.990Z</time>
      </trkpt>
      <trkpt lat="50.694715" lon="5.334729">
        <ele>123.611345</ele>
        <time>2026-06-29T01:41:58.597Z</time>
      </trkpt>
      <trkpt lat="50.693694" lon="5.334648">
        <ele>122.747775</ele>
        <time>2026-06-29T01:42:09.829Z</time>
      </trkpt>
      <trkpt lat="50.693281" lon="5.334522">
        <ele>122.834871</ele>
        <time>2026-06-29T01:42:15.287Z</time>
      </trkpt>
      <trkpt lat="50.692905" lon="5.334317">
        <ele>122.917236</ele>
        <time>2026-06-29T01:42:21.781Z</time>
      </trkpt>
      <trkpt lat="50.692590" lon="5.334102">
        <ele>122.988294</ele>
        <time>2026-06-29T01:42:28.652Z</time>
      </trkpt>
      <trkpt lat="50.690891" lon="5.332603">
        <ele>125.239238</ele>
        <time>2026-06-29T01:43:10.309Z</time>
      </trkpt>
      <trkpt lat="50.689621" lon="5.331558">
        <ele>126.484801</ele>
        <time>2026-06-29T01:43:34.310Z</time>
      </trkpt>
      <trkpt lat="50.689430" lon="5.331213">
        <ele>126.705424</ele>
        <time>2026-06-29T01:43:39.781Z</time>
      </trkpt>
      <trkpt lat="50.689069" lon="5.330550">
        <ele>127.098239</ele>
        <time>2026-06-29T01:43:50.749Z</time>
      </trkpt>
      <trkpt lat="50.687506" lon="5.328901">
        <ele>128.291448</ele>
        <time>2026-06-29T01:44:22.731Z</time>
      </trkpt>
      <trkpt lat="50.686992" lon="5.328420">
        <ele>128.659587</ele>
        <time>2026-06-29T01:44:31.958Z</time>
      </trkpt>
      <trkpt lat="50.686297" lon="5.327736">
        <ele>129.164182</ele>
        <time>2026-06-29T01:44:46.295Z</time>
      </trkpt>
      <trkpt lat="50.684246" lon="5.326174">
        <ele>132.242543</ele>
        <time>2026-06-29T01:45:34.670Z</time>
      </trkpt>
      <trkpt lat="50.683494" lon="5.325257">
        <ele>133.077946</ele>
        <time>2026-06-29T01:45:52.176Z</time>
      </trkpt>
      <trkpt lat="50.683289" lon="5.324934">
        <ele>133.332593</ele>
        <time>2026-06-29T01:45:56.795Z</time>
      </trkpt>
      <trkpt lat="50.683111" lon="5.324537">
        <ele>133.526053</ele>
        <time>2026-06-29T01:46:01.474Z</time>
      </trkpt>
      <trkpt lat="50.682915" lon="5.324263">
        <ele>133.628543</ele>
        <time>2026-06-29T01:46:05.539Z</time>
      </trkpt>
      <trkpt lat="50.682486" lon="5.323918">
        <ele>133.817010</ele>
        <time>2026-06-29T01:46:13.334Z</time>
      </trkpt>
      <trkpt lat="50.682257" lon="5.323815">
        <ele>133.910216</ele>
        <time>2026-06-29T01:46:17.313Z</time>
      </trkpt>
      <trkpt lat="50.681730" lon="5.323279">
        <ele>134.155626</ele>
        <time>2026-06-29T01:46:27.762Z</time>
      </trkpt>
      <trkpt lat="50.681471" lon="5.323008">
        <ele>134.121027</ele>
        <time>2026-06-29T01:46:32.994Z</time>
      </trkpt>
      <trkpt lat="50.681362" lon="5.322895">
        <ele>134.099118</ele>
        <time>2026-06-29T01:46:35.176Z</time>
      </trkpt>
      <trkpt lat="50.680837" lon="5.322341">
        <ele>133.993022</ele>
        <time>2026-06-29T01:46:44.843Z</time>
      </trkpt>
      <trkpt lat="50.680545" lon="5.322016">
        <ele>133.932995</ele>
        <time>2026-06-29T01:46:49.464Z</time>
      </trkpt>
      <trkpt lat="50.680515" lon="5.321983">
        <ele>133.926852</ele>
        <time>2026-06-29T01:46:49.915Z</time>
      </trkpt>
      <trkpt lat="50.680427" lon="5.321874">
        <ele>133.908059</ele>
        <time>2026-06-29T01:46:51.301Z</time>
      </trkpt>
      <trkpt lat="50.680212" lon="5.321612">
        <ele>133.863565</ele>
        <time>2026-06-29T01:46:54.650Z</time>
      </trkpt>
      <trkpt lat="50.679713" lon="5.320999">
        <ele>133.793411</ele>
        <time>2026-06-29T01:47:02.726Z</time>
      </trkpt>
      <trkpt lat="50.679371" lon="5.320632">
        <ele>133.747529</ele>
        <time>2026-06-29T01:47:08.304Z</time>
      </trkpt>
      <trkpt lat="50.679158" lon="5.320403">
        <ele>133.718937</ele>
        <time>2026-06-29T01:47:12.115Z</time>
      </trkpt>
      <trkpt lat="50.678947" lon="5.320216">
        <ele>133.692090</ele>
        <time>2026-06-29T01:47:16.089Z</time>
      </trkpt>
      <trkpt lat="50.678753" lon="5.320062">
        <ele>133.667998</ele>
        <time>2026-06-29T01:47:19.983Z</time>
      </trkpt>
      <trkpt lat="50.678612" lon="5.319922">
        <ele>133.844018</ele>
        <time>2026-06-29T01:47:23.160Z</time>
      </trkpt>
      <trkpt lat="50.677230" lon="5.318630">
        <ele>135.738351</ele>
        <time>2026-06-29T01:47:56.579Z</time>
      </trkpt>
      <trkpt lat="50.675266" lon="5.317380">
        <ele>136.741685</ele>
        <time>2026-06-29T01:48:31.115Z</time>
      </trkpt>
      <trkpt lat="50.674875" lon="5.317102">
        <ele>136.838601</ele>
        <time>2026-06-29T01:48:37.679Z</time>
      </trkpt>
      <trkpt lat="50.672153" lon="5.315328">
        <ele>137.366139</ele>
        <time>2026-06-29T01:49:23.421Z</time>
      </trkpt>
      <trkpt lat="50.671302" lon="5.314774">
        <ele>137.520003</ele>
        <time>2026-06-29T01:49:37.185Z</time>
      </trkpt>
      <trkpt lat="50.669527" lon="5.313611">
        <ele>138.074744</ele>
        <time>2026-06-29T01:50:08.028Z</time>
      </trkpt>
      <trkpt lat="50.664947" lon="5.310604">
        <ele>140.445988</ele>
        <time>2026-06-29T01:51:31.116Z</time>
      </trkpt>
      <trkpt lat="50.664639" lon="5.310589">
        <ele>140.615255</ele>
        <time>2026-06-29T01:51:36.549Z</time>
      </trkpt>
      <trkpt lat="50.664362" lon="5.310676">
        <ele>140.770399</ele>
        <time>2026-06-29T01:51:41.474Z</time>
      </trkpt>
      <trkpt lat="50.663872" lon="5.310969">
        <ele>141.058245</ele>
        <time>2026-06-29T01:51:50.518Z</time>
      </trkpt>
      <trkpt lat="50.663794" lon="5.310990">
        <ele>141.058811</ele>
        <time>2026-06-29T01:51:51.903Z</time>
      </trkpt>
      <trkpt lat="50.662662" lon="5.311720">
        <ele>140.824184</ele>
        <time>2026-06-29T01:52:11.378Z</time>
      </trkpt>
      <trkpt lat="50.662227" lon="5.311832">
        <ele>140.739622</ele>
        <time>2026-06-29T01:52:16.716Z</time>
      </trkpt>
      <trkpt lat="50.661744" lon="5.311880">
        <ele>140.243551</ele>
        <time>2026-06-29T01:52:22.132Z</time>
      </trkpt>
      <trkpt lat="50.661639" lon="5.313175">
        <ele>139.264622</ele>
        <time>2026-06-29T01:52:31.596Z</time>
      </trkpt>
      <trkpt lat="50.661477" lon="5.313153">
        <ele>139.072288</ele>
        <time>2026-06-29T01:52:33.518Z</time>
      </trkpt>
      <trkpt lat="50.661096" lon="5.312984">
        <ele>138.604137</ele>
        <time>2026-06-29T01:52:38.397Z</time>
      </trkpt>
      <trkpt lat="50.660556" lon="5.312502">
        <ele>138.598801</ele>
        <time>2026-06-29T01:52:47.888Z</time>
      </trkpt>
      <trkpt lat="50.659995" lon="5.312025">
        <ele>138.600392</ele>
        <time>2026-06-29T01:52:58.832Z</time>
      </trkpt>
      <trkpt lat="50.659132" lon="5.311627">
        <ele>138.262019</ele>
        <time>2026-06-29T01:53:11.589Z</time>
      </trkpt>
      <trkpt lat="50.658934" lon="5.311696">
        <ele>138.066545</ele>
        <time>2026-06-29T01:53:14.167Z</time>
      </trkpt>
      <trkpt lat="50.658880" lon="5.311820">
        <ele>137.974609</ele>
        <time>2026-06-29T01:53:15.328Z</time>
      </trkpt>
      <trkpt lat="50.658610" lon="5.313426">
        <ele>136.959231</ele>
        <time>2026-06-29T01:53:27.578Z</time>
      </trkpt>
      <trkpt lat="50.658594" lon="5.313524">
        <ele>136.897388</ele>
        <time>2026-06-29T01:53:28.311Z</time>
      </trkpt>
      <trkpt lat="50.658392" lon="5.314777">
        <ele>136.868726</ele>
        <time>2026-06-29T01:53:38.341Z</time>
      </trkpt>
      <trkpt lat="50.658370" lon="5.314916">
        <ele>136.868825</ele>
        <time>2026-06-29T01:53:39.597Z</time>
      </trkpt>
      <trkpt lat="50.658243" lon="5.316016">
        <ele>136.869597</ele>
        <time>2026-06-29T01:53:51.438Z</time>
      </trkpt>
      <trkpt lat="50.657966" lon="5.316327">
        <ele>137.129535</ele>
        <time>2026-06-29T01:53:58.682Z</time>
      </trkpt>
      <trkpt lat="50.657366" lon="5.316982">
        <ele>138.587532</ele>
        <time>2026-06-29T01:54:16.065Z</time>
      </trkpt>
      <trkpt lat="50.657213" lon="5.317274">
        <ele>139.067408</ele>
        <time>2026-06-29T01:54:21.947Z</time>
      </trkpt>
      <trkpt lat="50.657039" lon="5.317719">
        <ele>139.729707</ele>
        <time>2026-06-29T01:54:30.103Z</time>
      </trkpt>
      <trkpt lat="50.656621" lon="5.318759">
        <ele>140.903203</ele>
        <time>2026-06-29T01:54:47.660Z</time>
      </trkpt>
      <trkpt lat="50.656391" lon="5.319026">
        <ele>141.206836</ele>
        <time>2026-06-29T01:54:53.334Z</time>
      </trkpt>
      <trkpt lat="50.656108" lon="5.319052">
        <ele>141.508244</ele>
        <time>2026-06-29T01:54:58.596Z</time>
      </trkpt>
      <trkpt lat="50.655903" lon="5.319071">
        <ele>141.726584</ele>
        <time>2026-06-29T01:55:02.309Z</time>
      </trkpt>
      <trkpt lat="50.655523" lon="5.319124">
        <ele>142.132192</ele>
        <time>2026-06-29T01:55:08.928Z</time>
      </trkpt>
      <trkpt lat="50.652430" lon="5.319558">
        <ele>142.856591</ele>
        <time>2026-06-29T01:55:57.294Z</time>
      </trkpt>
      <trkpt lat="50.649470" lon="5.319943">
        <ele>142.649688</ele>
        <time>2026-06-29T01:56:39.877Z</time>
      </trkpt>
      <trkpt lat="50.648988" lon="5.320020">
        <ele>142.642290</ele>
        <time>2026-06-29T01:56:46.799Z</time>
      </trkpt>
      <trkpt lat="50.648455" lon="5.320067">
        <ele>142.634139</ele>
        <time>2026-06-29T01:56:54.350Z</time>
      </trkpt>
      <trkpt lat="50.647841" lon="5.319625">
        <ele>142.916560</ele>
        <time>2026-06-29T01:57:09.059Z</time>
      </trkpt>
      <trkpt lat="50.648455" lon="5.320067">
        <ele>143.479834</ele>
        <time>2026-06-29T01:57:24.759Z</time>
      </trkpt>
      <trkpt lat="50.647626" lon="5.320341">
        <ele>144.222628</ele>
        <time>2026-06-29T01:57:41.458Z</time>
      </trkpt>
      <trkpt lat="50.646744" lon="5.320611">
        <ele>145.448685</ele>
        <time>2026-06-29T01:57:59.026Z</time>
      </trkpt>
      <trkpt lat="50.646610" lon="5.320693">
        <ele>145.644827</ele>
        <time>2026-06-29T01:58:01.953Z</time>
      </trkpt>
      <trkpt lat="50.645796" lon="5.321494">
        <ele>146.878073</ele>
        <time>2026-06-29T01:58:22.152Z</time>
      </trkpt>
      <trkpt lat="50.645572" lon="5.321607">
        <ele>147.132947</ele>
        <time>2026-06-29T01:58:27.486Z</time>
      </trkpt>
      <trkpt lat="50.644832" lon="5.321711">
        <ele>147.938088</ele>
        <time>2026-06-29T01:58:46.849Z</time>
      </trkpt>
      <trkpt lat="50.644312" lon="5.321737">
        <ele>148.501913</ele>
        <time>2026-06-29T01:58:57.915Z</time>
      </trkpt>
      <trkpt lat="50.644004" lon="5.321630">
        <ele>148.471811</ele>
        <time>2026-06-29T01:59:04.278Z</time>
      </trkpt>
      <trkpt lat="50.643351" lon="5.321656">
        <ele>148.330040</ele>
        <time>2026-06-29T01:59:16.739Z</time>
      </trkpt>
      <trkpt lat="50.640747" lon="5.322655">
        <ele>147.531613</ele>
        <time>2026-06-29T02:00:08.028Z</time>
      </trkpt>
      <trkpt lat="50.640154" lon="5.322861">
        <ele>146.982329</ele>
        <time>2026-06-29T02:00:19.243Z</time>
      </trkpt>
      <trkpt lat="50.639552" lon="5.323003">
        <ele>146.431707</ele>
        <time>2026-06-29T02:00:29.642Z</time>
      </trkpt>
      <trkpt lat="50.639495" lon="5.323011">
        <ele>146.379942</ele>
        <time>2026-06-29T02:00:30.583Z</time>
      </trkpt>
      <trkpt lat="50.639037" lon="5.323075">
        <ele>145.964017</ele>
        <time>2026-06-29T02:00:38.284Z</time>
      </trkpt>
      <trkpt lat="50.638925" lon="5.323032">
        <ele>145.890786</ele>
        <time>2026-06-29T02:00:40.226Z</time>
      </trkpt>
      <trkpt lat="50.638824" lon="5.322854">
        <ele>145.819667</ele>
        <time>2026-06-29T02:00:42.038Z</time>
      </trkpt>
      <trkpt lat="50.638652" lon="5.322255">
        <ele>145.623874</ele>
        <time>2026-06-29T02:00:47.087Z</time>
      </trkpt>
      <trkpt lat="50.638467" lon="5.320274">
        <ele>145.172238</ele>
        <time>2026-06-29T02:01:04.946Z</time>
      </trkpt>
      <trkpt lat="50.638388" lon="5.319986">
        <ele>145.337785</ele>
        <time>2026-06-29T02:01:08.274Z</time>
      </trkpt>
      <trkpt lat="50.637786" lon="5.319608">
        <ele>145.876818</ele>
        <time>2026-06-29T02:01:19.825Z</time>
      </trkpt>
      <trkpt lat="50.637647" lon="5.319393">
        <ele>146.038796</ele>
        <time>2026-06-29T02:01:23.660Z</time>
      </trkpt>
      <trkpt lat="50.637561" lon="5.318836">
        <ele>146.341247</ele>
        <time>2026-06-29T02:01:31.159Z</time>
      </trkpt>
      <trkpt lat="50.637483" lon="5.318064">
        <ele>146.805629</ele>
        <time>2026-06-29T02:01:41.226Z</time>
      </trkpt>
      <trkpt lat="50.637427" lon="5.317533">
        <ele>147.172674</ele>
        <time>2026-06-29T02:01:47.955Z</time>
      </trkpt>
      <trkpt lat="50.637370" lon="5.317290">
        <ele>147.349337</ele>
        <time>2026-06-29T02:01:51.029Z</time>
      </trkpt>
      <trkpt lat="50.636605" lon="5.317039">
        <ele>148.189424</ele>
        <time>2026-06-29T02:02:05.302Z</time>
      </trkpt>
      <trkpt lat="50.636192" lon="5.316998">
        <ele>148.848368</ele>
        <time>2026-06-29T02:02:12.652Z</time>
      </trkpt>
      <trkpt lat="50.635915" lon="5.316821">
        <ele>149.722011</ele>
        <time>2026-06-29T02:02:19.989Z</time>
      </trkpt>
      <trkpt lat="50.635643" lon="5.316417">
        <ele>150.814301</ele>
        <time>2026-06-29T02:02:30.370Z</time>
      </trkpt>
      <trkpt lat="50.635210" lon="5.315584">
        <ele>152.811012</ele>
        <time>2026-06-29T02:02:54.438Z</time>
      </trkpt>
      <trkpt lat="50.634906" lon="5.315141">
        <ele>154.129732</ele>
        <time>2026-06-29T02:03:10.777Z</time>
      </trkpt>
      <trkpt lat="50.634657" lon="5.314852">
        <ele>155.420666</ele>
        <time>2026-06-29T02:03:23.418Z</time>
      </trkpt>
      <trkpt lat="50.633980" lon="5.314064">
        <ele>158.934095</ele>
        <time>2026-06-29T02:03:56.963Z</time>
      </trkpt>
      <trkpt lat="50.632175" lon="5.311588">
        <ele>166.006346</ele>
        <time>2026-06-29T02:05:11.706Z</time>
      </trkpt>
      <trkpt lat="50.631793" lon="5.311260">
        <ele>166.196578</ele>
        <time>2026-06-29T02:05:23.094Z</time>
      </trkpt>
      <trkpt lat="50.631338" lon="5.310950">
        <ele>166.413353</ele>
        <time>2026-06-29T02:05:34.598Z</time>
      </trkpt>
      <trkpt lat="50.631079" lon="5.310728">
        <ele>166.542282</ele>
        <time>2026-06-29T02:05:40.682Z</time>
      </trkpt>
      <trkpt lat="50.627504" lon="5.307042">
        <ele>162.465989</ele>
        <time>2026-06-29T02:06:54.080Z</time>
      </trkpt>
      <trkpt lat="50.625341" lon="5.304844">
        <ele>158.041070</ele>
        <time>2026-06-29T02:07:33.772Z</time>
      </trkpt>
      <trkpt lat="50.625199" lon="5.304746">
        <ele>157.880295</ele>
        <time>2026-06-29T02:07:36.544Z</time>
      </trkpt>
      <trkpt lat="50.624868" lon="5.303436">
        <ele>157.407530</ele>
        <time>2026-06-29T02:07:54.924Z</time>
      </trkpt>
      <trkpt lat="50.624603" lon="5.302529">
        <ele>158.554200</ele>
        <time>2026-06-29T02:08:12.703Z</time>
      </trkpt>
      <trkpt lat="50.624411" lon="5.302124">
        <ele>159.134778</ele>
        <time>2026-06-29T02:08:20.544Z</time>
      </trkpt>
      <trkpt lat="50.623596" lon="5.300859">
        <ele>160.873526</ele>
        <time>2026-06-29T02:08:48.247Z</time>
      </trkpt>
      <trkpt lat="50.622548" lon="5.299780">
        <ele>162.235329</ele>
        <time>2026-06-29T02:09:10.691Z</time>
      </trkpt>
      <trkpt lat="50.622386" lon="5.299690">
        <ele>162.403044</ele>
        <time>2026-06-29T02:09:13.065Z</time>
      </trkpt>
      <trkpt lat="50.621916" lon="5.299565">
        <ele>162.813013</ele>
        <time>2026-06-29T02:09:19.738Z</time>
      </trkpt>
      <trkpt lat="50.621579" lon="5.299413">
        <ele>163.114506</ele>
        <time>2026-06-29T02:09:25.363Z</time>
      </trkpt>
      <trkpt lat="50.621184" lon="5.299098">
        <ele>163.495262</ele>
        <time>2026-06-29T02:09:33.575Z</time>
      </trkpt>
      <trkpt lat="50.621006" lon="5.298895">
        <ele>163.684236</ele>
        <time>2026-06-29T02:09:38.244Z</time>
      </trkpt>
      <trkpt lat="50.620884" lon="5.298686">
        <ele>163.839216</ele>
        <time>2026-06-29T02:09:43.259Z</time>
      </trkpt>
      <trkpt lat="50.620682" lon="5.298216">
        <ele>164.548374</ele>
        <time>2026-06-29T02:09:51.833Z</time>
      </trkpt>
      <trkpt lat="50.620475" lon="5.297718">
        <ele>165.351627</ele>
        <time>2026-06-29T02:10:01.464Z</time>
      </trkpt>
      <trkpt lat="50.620257" lon="5.297297">
        <ele>166.084804</ele>
        <time>2026-06-29T02:10:10.586Z</time>
      </trkpt>
      <trkpt lat="50.619243" lon="5.295956">
        <ele>167.875031</ele>
        <time>2026-06-29T02:10:39.972Z</time>
      </trkpt>
      <trkpt lat="50.617491" lon="5.293703">
        <ele>167.634438</ele>
        <time>2026-06-29T02:11:10.276Z</time>
      </trkpt>
      <trkpt lat="50.616691" lon="5.292522">
        <ele>167.352852</ele>
        <time>2026-06-29T02:11:23.798Z</time>
      </trkpt>
      <trkpt lat="50.616491" lon="5.292167">
        <ele>167.525631</ele>
        <time>2026-06-29T02:11:28.071Z</time>
      </trkpt>
      <trkpt lat="50.616432" lon="5.292003">
        <ele>167.594245</ele>
        <time>2026-06-29T02:11:29.920Z</time>
      </trkpt>
      <trkpt lat="50.616357" lon="5.291607">
        <ele>167.744650</ele>
        <time>2026-06-29T02:11:34.276Z</time>
      </trkpt>
      <trkpt lat="50.615992" lon="5.288870">
        <ele>169.614756</ele>
        <time>2026-06-29T02:12:12.143Z</time>
      </trkpt>
      <trkpt lat="50.615921" lon="5.288515">
        <ele>169.955202</ele>
        <time>2026-06-29T02:12:17.239Z</time>
      </trkpt>
      <trkpt lat="50.615751" lon="5.288106">
        <ele>170.402408</ele>
        <time>2026-06-29T02:12:23.799Z</time>
      </trkpt>
      <trkpt lat="50.614856" lon="5.286408">
        <ele>171.152534</ele>
        <time>2026-06-29T02:12:48.784Z</time>
      </trkpt>
      <trkpt lat="50.613703" lon="5.284465">
        <ele>171.279526</ele>
        <time>2026-06-29T02:13:11.107Z</time>
      </trkpt>
      <trkpt lat="50.613570" lon="5.284146">
        <ele>171.259067</ele>
        <time>2026-06-29T02:13:14.690Z</time>
      </trkpt>
      <trkpt lat="50.613353" lon="5.283423">
        <ele>171.216199</ele>
        <time>2026-06-29T02:13:22.953Z</time>
      </trkpt>
      <trkpt lat="50.613195" lon="5.282984">
        <ele>171.540708</ele>
        <time>2026-06-29T02:13:28.704Z</time>
      </trkpt>
      <trkpt lat="50.612859" lon="5.282181">
        <ele>172.226280</ele>
        <time>2026-06-29T02:13:40.448Z</time>
      </trkpt>
      <trkpt lat="50.612484" lon="5.280729">
        <ele>173.387686</ele>
        <time>2026-06-29T02:14:00.422Z</time>
      </trkpt>
      <trkpt lat="50.611830" lon="5.278058">
        <ele>176.207082</ele>
        <time>2026-06-29T02:14:39.499Z</time>
      </trkpt>
      <trkpt lat="50.611659" lon="5.277222">
        <ele>176.885866</ele>
        <time>2026-06-29T02:14:50.843Z</time>
      </trkpt>
      <trkpt lat="50.610977" lon="5.274829">
        <ele>178.880942</ele>
        <time>2026-06-29T02:15:22.460Z</time>
      </trkpt>
      <trkpt lat="50.610610" lon="5.273530">
        <ele>179.925969</ele>
        <time>2026-06-29T02:15:40.302Z</time>
      </trkpt>
      <trkpt lat="50.610486" lon="5.273207">
        <ele>180.203415</ele>
        <time>2026-06-29T02:15:44.982Z</time>
      </trkpt>
      <trkpt lat="50.609994" lon="5.272180">
        <ele>180.938449</ele>
        <time>2026-06-29T02:16:01.195Z</time>
      </trkpt>
      <trkpt lat="50.609944" lon="5.272076">
        <ele>181.009382</ele>
        <time>2026-06-29T02:16:02.714Z</time>
      </trkpt>
      <trkpt lat="50.609773" lon="5.271652">
        <ele>181.282501</ele>
        <time>2026-06-29T02:16:08.279Z</time>
      </trkpt>
      <trkpt lat="50.609755" lon="5.271438">
        <ele>181.399860</ele>
        <time>2026-06-29T02:16:10.635Z</time>
      </trkpt>
      <trkpt lat="50.609507" lon="5.270797">
        <ele>181.808000</ele>
        <time>2026-06-29T02:16:18.848Z</time>
      </trkpt>
      <trkpt lat="50.609437" lon="5.270752">
        <ele>181.872766</ele>
        <time>2026-06-29T02:16:20.194Z</time>
      </trkpt>
      <trkpt lat="50.609080" lon="5.271003">
        <ele>181.945472</ele>
        <time>2026-06-29T02:16:26.789Z</time>
      </trkpt>
      <trkpt lat="50.608900" lon="5.270560">
        <ele>182.002207</ele>
        <time>2026-06-29T02:16:32.025Z</time>
      </trkpt>
      <trkpt lat="50.608278" lon="5.269216">
        <ele>182.181618</ele>
        <time>2026-06-29T02:16:47.553Z</time>
      </trkpt>
      <trkpt lat="50.606859" lon="5.270801">
        <ele>182.067699</ele>
        <time>2026-06-29T02:17:22.404Z</time>
      </trkpt>
      <trkpt lat="50.605412" lon="5.272081">
        <ele>181.671634</ele>
        <time>2026-06-29T02:17:54.899Z</time>
      </trkpt>
      <trkpt lat="50.605186" lon="5.272197">
        <ele>181.617001</ele>
        <time>2026-06-29T02:17:59.199Z</time>
      </trkpt>
      <trkpt lat="50.603840" lon="5.272669">
        <ele>181.779447</ele>
        <time>2026-06-29T02:18:24.910Z</time>
      </trkpt>
      <trkpt lat="50.602243" lon="5.266304">
        <ele>187.997032</ele>
        <time>2026-06-29T02:19:58.630Z</time>
      </trkpt>
      <trkpt lat="50.602066" lon="5.265491">
        <ele>188.430391</ele>
        <time>2026-06-29T02:20:10.368Z</time>
      </trkpt>
      <trkpt lat="50.597625" lon="5.263070">
        <ele>191.511485</ele>
        <time>2026-06-29T02:21:29.477Z</time>
      </trkpt>
      <trkpt lat="50.596571" lon="5.262475">
        <ele>191.684250</ele>
        <time>2026-06-29T02:21:47.661Z</time>
      </trkpt>
      <trkpt lat="50.596108" lon="5.262261">
        <ele>191.758705</ele>
        <time>2026-06-29T02:21:54.508Z</time>
      </trkpt>
      <trkpt lat="50.595868" lon="5.262226">
        <ele>191.585660</ele>
        <time>2026-06-29T02:21:57.704Z</time>
      </trkpt>
      <trkpt lat="50.594051" lon="5.262210">
        <ele>190.458560</ele>
        <time>2026-06-29T02:22:20.057Z</time>
      </trkpt>
      <trkpt lat="50.593369" lon="5.262213">
        <ele>190.591626</ele>
        <time>2026-06-29T02:22:29.552Z</time>
      </trkpt>
      <trkpt lat="50.593009" lon="5.262215">
        <ele>190.661867</ele>
        <time>2026-06-29T02:22:35.390Z</time>
      </trkpt>
      <trkpt lat="50.592728" lon="5.262137">
        <ele>190.717538</ele>
        <time>2026-06-29T02:22:41.105Z</time>
      </trkpt>
      <trkpt lat="50.592660" lon="5.262062">
        <ele>190.733735</ele>
        <time>2026-06-29T02:22:42.798Z</time>
      </trkpt>
      <trkpt lat="50.592575" lon="5.261986">
        <ele>190.752805</ele>
        <time>2026-06-29T02:22:44.839Z</time>
      </trkpt>
      <trkpt lat="50.592526" lon="5.261984">
        <ele>190.768688</ele>
        <time>2026-06-29T02:22:45.841Z</time>
      </trkpt>
      <trkpt lat="50.592439" lon="5.262054">
        <ele>190.855411</ele>
        <time>2026-06-29T02:22:47.905Z</time>
      </trkpt>
      <trkpt lat="50.592340" lon="5.262158">
        <ele>190.961047</ele>
        <time>2026-06-29T02:22:50.414Z</time>
      </trkpt>
      <trkpt lat="50.592143" lon="5.262208">
        <ele>191.138184</ele>
        <time>2026-06-29T02:22:54.539Z</time>
      </trkpt>
      <trkpt lat="50.592100" lon="5.262216">
        <ele>191.176621</ele>
        <time>2026-06-29T02:22:55.404Z</time>
      </trkpt>
      <trkpt lat="50.591774" lon="5.262224">
        <ele>191.466054</ele>
        <time>2026-06-29T02:23:01.769Z</time>
      </trkpt>
      <trkpt lat="50.590709" lon="5.262225">
        <ele>192.318403</ele>
        <time>2026-06-29T02:23:20.992Z</time>
      </trkpt>
      <trkpt lat="50.589923" lon="5.262237">
        <ele>191.817756</ele>
        <time>2026-06-29T02:23:31.705Z</time>
      </trkpt>
      <trkpt lat="50.589800" lon="5.262206">
        <ele>191.738418</ele>
        <time>2026-06-29T02:23:33.316Z</time>
      </trkpt>
      <trkpt lat="50.589063" lon="5.262213">
        <ele>191.268995</ele>
        <time>2026-06-29T02:23:42.307Z</time>
      </trkpt>
      <trkpt lat="50.588269" lon="5.262222">
        <ele>190.092585</ele>
        <time>2026-06-29T02:23:51.152Z</time>
      </trkpt>
      <trkpt lat="50.588053" lon="5.262226">
        <ele>189.749221</ele>
        <time>2026-06-29T02:23:53.507Z</time>
      </trkpt>
      <trkpt lat="50.586697" lon="5.262238">
        <ele>188.142520</ele>
        <time>2026-06-29T02:24:09.092Z</time>
      </trkpt>
      <trkpt lat="50.586093" lon="5.262223">
        <ele>187.876626</ele>
        <time>2026-06-29T02:24:17.154Z</time>
      </trkpt>
      <trkpt lat="50.586045" lon="5.262180">
        <ele>187.852319</ele>
        <time>2026-06-29T02:24:17.982Z</time>
      </trkpt>
      <trkpt lat="50.585936" lon="5.261897">
        <ele>187.759814</ele>
        <time>2026-06-29T02:24:21.202Z</time>
      </trkpt>
      <trkpt lat="50.585881" lon="5.261817">
        <ele>187.726860</ele>
        <time>2026-06-29T02:24:22.370Z</time>
      </trkpt>
      <trkpt lat="50.585612" lon="5.261634">
        <ele>187.597881</ele>
        <time>2026-06-29T02:24:27.293Z</time>
      </trkpt>
      <trkpt lat="50.585409" lon="5.261471">
        <ele>187.657977</ele>
        <time>2026-06-29T02:24:31.189Z</time>
      </trkpt>
      <trkpt lat="50.585128" lon="5.261256">
        <ele>187.868452</ele>
        <time>2026-06-29T02:24:36.306Z</time>
      </trkpt>
      <trkpt lat="50.584630" lon="5.260870">
        <ele>188.242400</ele>
        <time>2026-06-29T02:24:46.437Z</time>
      </trkpt>
      <trkpt lat="50.584594" lon="5.260842">
        <ele>188.269451</ele>
        <time>2026-06-29T02:24:47.213Z</time>
      </trkpt>
      <trkpt lat="50.584448" lon="5.260731">
        <ele>188.378676</ele>
        <time>2026-06-29T02:24:50.142Z</time>
      </trkpt>
      <trkpt lat="50.584380" lon="5.260679">
        <ele>188.429605</ele>
        <time>2026-06-29T02:24:51.431Z</time>
      </trkpt>
      <trkpt lat="50.584173" lon="5.260518">
        <ele>188.585146</ele>
        <time>2026-06-29T02:24:55.417Z</time>
      </trkpt>
      <trkpt lat="50.583986" lon="5.260374">
        <ele>188.725387</ele>
        <time>2026-06-29T02:24:59.102Z</time>
      </trkpt>
      <trkpt lat="50.583874" lon="5.260288">
        <ele>188.817651</ele>
        <time>2026-06-29T02:25:01.291Z</time>
      </trkpt>
      <trkpt lat="50.583566" lon="5.260050">
        <ele>189.101349</ele>
        <time>2026-06-29T02:25:07.324Z</time>
      </trkpt>
      <trkpt lat="50.583513" lon="5.260009">
        <ele>189.150177</ele>
        <time>2026-06-29T02:25:08.360Z</time>
      </trkpt>
      <trkpt lat="50.583296" lon="5.259842">
        <ele>189.349899</ele>
        <time>2026-06-29T02:25:12.790Z</time>
      </trkpt>
      <trkpt lat="50.583250" lon="5.259805">
        <ele>189.392611</ele>
        <time>2026-06-29T02:25:13.743Z</time>
      </trkpt>
      <trkpt lat="50.582617" lon="5.259320">
        <ele>189.974714</ele>
        <time>2026-06-29T02:25:26.622Z</time>
      </trkpt>
      <trkpt lat="50.582192" lon="5.258992">
        <ele>190.353129</ele>
        <time>2026-06-29T02:25:35.620Z</time>
      </trkpt>
      <trkpt lat="50.581858" lon="5.258734">
        <ele>190.623138</ele>
        <time>2026-06-29T02:25:42.428Z</time>
      </trkpt>
      <trkpt lat="50.581797" lon="5.258687">
        <ele>190.672426</ele>
        <time>2026-06-29T02:25:43.620Z</time>
      </trkpt>
      <trkpt lat="50.581651" lon="5.258574">
        <ele>190.790499</ele>
        <time>2026-06-29T02:25:46.481Z</time>
      </trkpt>
      <trkpt lat="50.581610" lon="5.258542">
        <ele>190.823711</ele>
        <time>2026-06-29T02:25:47.298Z</time>
      </trkpt>
      <trkpt lat="50.581548" lon="5.258495">
        <ele>190.873653</ele>
        <time>2026-06-29T02:25:48.511Z</time>
      </trkpt>
      <trkpt lat="50.581052" lon="5.258157">
        <ele>191.265909</ele>
        <time>2026-06-29T02:25:57.933Z</time>
      </trkpt>
      <trkpt lat="50.580868" lon="5.258077">
        <ele>191.404453</ele>
        <time>2026-06-29T02:26:01.237Z</time>
      </trkpt>
      <trkpt lat="50.580734" lon="5.258034">
        <ele>191.503710</ele>
        <time>2026-06-29T02:26:03.613Z</time>
      </trkpt>
      <trkpt lat="50.580550" lon="5.257985">
        <ele>191.596441</ele>
        <time>2026-06-29T02:26:06.850Z</time>
      </trkpt>
      <trkpt lat="50.580292" lon="5.257953">
        <ele>191.675241</ele>
        <time>2026-06-29T02:26:11.009Z</time>
      </trkpt>
      <trkpt lat="50.579896" lon="5.257975">
        <ele>191.795891</ele>
        <time>2026-06-29T02:26:17.001Z</time>
      </trkpt>
      <trkpt lat="50.579485" lon="5.258112">
        <ele>191.923807</ele>
        <time>2026-06-29T02:26:23.683Z</time>
      </trkpt>
      <trkpt lat="50.578987" lon="5.258334">
        <ele>192.081398</ele>
        <time>2026-06-29T02:26:31.876Z</time>
      </trkpt>
      <trkpt lat="50.578561" lon="5.258519">
        <ele>192.415579</ele>
        <time>2026-06-29T02:26:38.936Z</time>
      </trkpt>
      <trkpt lat="50.577879" lon="5.258877">
        <ele>193.059873</ele>
        <time>2026-06-29T02:26:51.791Z</time>
      </trkpt>
      <trkpt lat="50.577609" lon="5.259099">
        <ele>193.332855</ele>
        <time>2026-06-29T02:26:57.948Z</time>
      </trkpt>
      <trkpt lat="50.577488" lon="5.259197">
        <ele>193.454802</ele>
        <time>2026-06-29T02:27:00.744Z</time>
      </trkpt>
      <trkpt lat="50.576246" lon="5.260339">
        <ele>195.016952</ele>
        <time>2026-06-29T02:27:30.007Z</time>
      </trkpt>
      <trkpt lat="50.576073" lon="5.260025">
        <ele>195.317003</ele>
        <time>2026-06-29T02:27:34.989Z</time>
      </trkpt>
      <trkpt lat="50.575723" lon="5.259219">
        <ele>195.898043</ele>
        <time>2026-06-29T02:27:45.780Z</time>
      </trkpt>
      <trkpt lat="50.575471" lon="5.258632">
        <ele>196.158585</ele>
        <time>2026-06-29T02:27:53.156Z</time>
      </trkpt>
      <trkpt lat="50.575170" lon="5.257942">
        <ele>196.466405</ele>
        <time>2026-06-29T02:28:02.081Z</time>
      </trkpt>
      <trkpt lat="50.574087" lon="5.255490">
        <ele>197.370416</ele>
        <time>2026-06-29T02:28:35.186Z</time>
      </trkpt>
      <trkpt lat="50.574016" lon="5.255327">
        <ele>197.424364</ele>
        <time>2026-06-29T02:28:37.252Z</time>
      </trkpt>
      <trkpt lat="50.571913" lon="5.250551">
        <ele>196.548028</ele>
        <time>2026-06-29T02:29:29.367Z</time>
      </trkpt>
      <trkpt lat="50.571866" lon="5.250444">
        <ele>196.507802</ele>
        <time>2026-06-29T02:29:30.353Z</time>
      </trkpt>
      <trkpt lat="50.571734" lon="5.250114">
        <ele>196.347145</ele>
        <time>2026-06-29T02:29:33.244Z</time>
      </trkpt>
      <trkpt lat="50.571630" lon="5.249854">
        <ele>196.103127</ele>
        <time>2026-06-29T02:29:35.482Z</time>
      </trkpt>
      <trkpt lat="50.571134" lon="5.248729">
        <ele>195.015536</ele>
        <time>2026-06-29T02:29:45.199Z</time>
      </trkpt>
      <trkpt lat="50.570777" lon="5.247534">
        <ele>194.244948</ele>
        <time>2026-06-29T02:29:55.323Z</time>
      </trkpt>
      <trkpt lat="50.570259" lon="5.245764">
        <ele>194.883191</ele>
        <time>2026-06-29T02:30:16.087Z</time>
      </trkpt>
      <trkpt lat="50.570135" lon="5.245277">
        <ele>195.055022</ele>
        <time>2026-06-29T02:30:23.123Z</time>
      </trkpt>
      <trkpt lat="50.570020" lon="5.244783">
        <ele>195.360590</ele>
        <time>2026-06-29T02:30:30.362Z</time>
      </trkpt>
      <trkpt lat="50.569940" lon="5.244454">
        <ele>195.588882</ele>
        <time>2026-06-29T02:30:35.199Z</time>
      </trkpt>
      <trkpt lat="50.569908" lon="5.244335">
        <ele>195.672624</ele>
        <time>2026-06-29T02:30:36.918Z</time>
      </trkpt>
      <trkpt lat="50.569869" lon="5.244167">
        <ele>195.788537</ele>
        <time>2026-06-29T02:30:39.318Z</time>
      </trkpt>
      <trkpt lat="50.569642" lon="5.243227">
        <ele>196.440230</ele>
        <time>2026-06-29T02:30:52.162Z</time>
      </trkpt>
      <trkpt lat="50.569126" lon="5.241493">
        <ele>196.737445</ele>
        <time>2026-06-29T02:31:10.282Z</time>
      </trkpt>
      <trkpt lat="50.568371" lon="5.238995">
        <ele>196.465475</ele>
        <time>2026-06-29T02:31:33.625Z</time>
      </trkpt>
      <trkpt lat="50.567398" lon="5.236025">
        <ele>196.644986</ele>
        <time>2026-06-29T02:32:07.819Z</time>
      </trkpt>
      <trkpt lat="50.567276" lon="5.235652">
        <ele>196.692458</ele>
        <time>2026-06-29T02:32:11.431Z</time>
      </trkpt>
      <trkpt lat="50.567045" lon="5.234788">
        <ele>196.851411</ele>
        <time>2026-06-29T02:32:19.977Z</time>
      </trkpt>
      <trkpt lat="50.566963" lon="5.234367">
        <ele>197.074334</ele>
        <time>2026-06-29T02:32:24.256Z</time>
      </trkpt>
      <trkpt lat="50.566764" lon="5.232683">
        <ele>197.941476</ele>
        <time>2026-06-29T02:32:45.679Z</time>
      </trkpt>
      <trkpt lat="50.566608" lon="5.231612">
        <ele>197.560816</ele>
        <time>2026-06-29T02:32:58.881Z</time>
      </trkpt>
      <trkpt lat="50.566487" lon="5.231217">
        <ele>197.042324</ele>
        <time>2026-06-29T02:33:02.857Z</time>
      </trkpt>
      <trkpt lat="50.566401" lon="5.231338">
        <ele>196.827633</ele>
        <time>2026-06-29T02:33:04.299Z</time>
      </trkpt>
      <trkpt lat="50.565757" lon="5.232229">
        <ele>195.231779</ele>
        <time>2026-06-29T02:33:13.176Z</time>
      </trkpt>
      <trkpt lat="50.565639" lon="5.232378">
        <ele>194.950213</ele>
        <time>2026-06-29T02:33:14.620Z</time>
      </trkpt>
      <trkpt lat="50.565450" lon="5.232624">
        <ele>193.872742</ele>
        <time>2026-06-29T02:33:16.919Z</time>
      </trkpt>
      <trkpt lat="50.565230" lon="5.232827">
        <ele>192.612274</ele>
        <time>2026-06-29T02:33:19.299Z</time>
      </trkpt>
      <trkpt lat="50.564960" lon="5.232988">
        <ele>191.185154</ele>
        <time>2026-06-29T02:33:21.992Z</time>
      </trkpt>
      <trkpt lat="50.564720" lon="5.233066">
        <ele>189.973833</ele>
        <time>2026-06-29T02:33:24.279Z</time>
      </trkpt>
      <trkpt lat="50.564358" lon="5.233131">
        <ele>188.172888</ele>
        <time>2026-06-29T02:33:27.708Z</time>
      </trkpt>
      <trkpt lat="50.564065" lon="5.233119">
        <ele>186.724116</ele>
        <time>2026-06-29T02:33:30.490Z</time>
      </trkpt>
      <trkpt lat="50.563980" lon="5.233103">
        <ele>186.300973</ele>
        <time>2026-06-29T02:33:31.310Z</time>
      </trkpt>
      <trkpt lat="50.563778" lon="5.233066">
        <ele>185.171051</ele>
        <time>2026-06-29T02:33:33.238Z</time>
      </trkpt>
      <trkpt lat="50.563439" lon="5.232914">
        <ele>183.110387</ele>
        <time>2026-06-29T02:33:36.576Z</time>
      </trkpt>
      <trkpt lat="50.563147" lon="5.232712">
        <ele>181.245759</ele>
        <time>2026-06-29T02:33:39.531Z</time>
      </trkpt>
      <trkpt lat="50.562548" lon="5.232190">
        <ele>177.243158</ele>
        <time>2026-06-29T02:33:45.784Z</time>
      </trkpt>
      <trkpt lat="50.562260" lon="5.231857">
        <ele>175.155556</ele>
        <time>2026-06-29T02:33:49.004Z</time>
      </trkpt>
      <trkpt lat="50.562095" lon="5.231617">
        <ele>173.848381</ele>
        <time>2026-06-29T02:33:51.024Z</time>
      </trkpt>
      <trkpt lat="50.561937" lon="5.231375">
        <ele>172.565675</ele>
        <time>2026-06-29T02:33:53.005Z</time>
      </trkpt>
      <trkpt lat="50.561420" lon="5.230543">
        <ele>168.263674</ele>
        <time>2026-06-29T02:33:59.743Z</time>
      </trkpt>
      <trkpt lat="50.561074" lon="5.229881">
        <ele>165.094936</ele>
        <time>2026-06-29T02:34:04.938Z</time>
      </trkpt>
      <trkpt lat="50.560375" lon="5.228288">
        <ele>158.927364</ele>
        <time>2026-06-29T02:34:16.924Z</time>
      </trkpt>
      <trkpt lat="50.560141" lon="5.227867">
        <ele>157.149285</ele>
        <time>2026-06-29T02:34:20.276Z</time>
      </trkpt>
      <trkpt lat="50.559900" lon="5.227549">
        <ele>155.385035</ele>
        <time>2026-06-29T02:34:23.101Z</time>
      </trkpt>
      <trkpt lat="50.559716" lon="5.227310">
        <ele>153.651784</ele>
        <time>2026-06-29T02:34:25.206Z</time>
      </trkpt>
      <trkpt lat="50.559354" lon="5.226957">
        <ele>150.557844</ele>
        <time>2026-06-29T02:34:28.941Z</time>
      </trkpt>
      <trkpt lat="50.559163" lon="5.226815">
        <ele>149.023113</ele>
        <time>2026-06-29T02:34:30.790Z</time>
      </trkpt>
      <trkpt lat="50.558935" lon="5.226700">
        <ele>147.283584</ele>
        <time>2026-06-29T02:34:32.887Z</time>
      </trkpt>
      <trkpt lat="50.555120" lon="5.224857">
        <ele>122.033395</ele>
        <time>2026-06-29T02:35:09.331Z</time>
      </trkpt>
      <trkpt lat="50.552835" lon="5.223752">
        <ele>108.933519</ele>
        <time>2026-06-29T02:35:31.573Z</time>
      </trkpt>
      <trkpt lat="50.552114" lon="5.223444">
        <ele>105.060170</ele>
        <time>2026-06-29T02:35:38.634Z</time>
      </trkpt>
      <trkpt lat="50.551414" lon="5.223236">
        <ele>101.348004</ele>
        <time>2026-06-29T02:35:45.349Z</time>
      </trkpt>
      <trkpt lat="50.548636" lon="5.222661">
        <ele>87.278365</ele>
        <time>2026-06-29T02:36:11.270Z</time>
      </trkpt>
      <trkpt lat="50.548505" lon="5.222579">
        <ele>86.703700</ele>
        <time>2026-06-29T02:36:12.658Z</time>
      </trkpt>
      <trkpt lat="50.548377" lon="5.222457">
        <ele>86.093723</ele>
        <time>2026-06-29T02:36:14.160Z</time>
      </trkpt>
      <trkpt lat="50.548263" lon="5.222348">
        <ele>85.550000</ele>
        <time>2026-06-29T02:36:15.535Z</time>
      </trkpt>
      <trkpt lat="50.548244" lon="5.222238">
        <ele>85.254749</ele>
        <time>2026-06-29T02:36:16.288Z</time>
      </trkpt>
      <trkpt lat="50.548276" lon="5.222022">
        <ele>84.680282</ele>
        <time>2026-06-29T02:36:17.804Z</time>
      </trkpt>
      <trkpt lat="50.549468" lon="5.219278">
        <ele>83.715162</ele>
        <time>2026-06-29T02:37:01.259Z</time>
      </trkpt>
      <trkpt lat="50.549568" lon="5.218847">
        <ele>83.614886</ele>
        <time>2026-06-29T02:37:06.520Z</time>
      </trkpt>
      <trkpt lat="50.549597" lon="5.218196">
        <ele>83.472265</ele>
        <time>2026-06-29T02:37:14.150Z</time>
      </trkpt>
      <trkpt lat="50.549611" lon="5.217832">
        <ele>83.392569</ele>
        <time>2026-06-29T02:37:18.590Z</time>
      </trkpt>
      <trkpt lat="50.549627" lon="5.217639">
        <ele>83.350033</ele>
        <time>2026-06-29T02:37:21.006Z</time>
      </trkpt>
      <trkpt lat="50.549647" lon="5.217524">
        <ele>83.323976</ele>
        <time>2026-06-29T02:37:22.454Z</time>
      </trkpt>
      <trkpt lat="50.549742" lon="5.217323">
        <ele>83.269229</ele>
        <time>2026-06-29T02:37:25.486Z</time>
      </trkpt>
      <trkpt lat="50.550455" lon="5.216342">
        <ele>82.855287</ele>
        <time>2026-06-29T02:37:38.288Z</time>
      </trkpt>
      <trkpt lat="50.551178" lon="5.215371">
        <ele>82.398819</ele>
        <time>2026-06-29T02:37:52.036Z</time>
      </trkpt>
      <trkpt lat="50.551514" lon="5.214800">
        <ele>81.862127</ele>
        <time>2026-06-29T02:37:57.753Z</time>
      </trkpt>
      <trkpt lat="50.552657" lon="5.212817">
        <ele>79.443338</ele>
        <time>2026-06-29T02:38:16.794Z</time>
      </trkpt>
      <trkpt lat="50.554202" lon="5.210140">
        <ele>77.860053</ele>
        <time>2026-06-29T02:38:46.646Z</time>
      </trkpt>
      <trkpt lat="50.554390" lon="5.209739">
        <ele>77.738497</ele>
        <time>2026-06-29T02:38:51.081Z</time>
      </trkpt>
      <trkpt lat="50.554472" lon="5.209421">
        <ele>77.654788</ele>
        <time>2026-06-29T02:38:54.136Z</time>
      </trkpt>
      <trkpt lat="50.554493" lon="5.209241">
        <ele>77.610149</ele>
        <time>2026-06-29T02:38:55.762Z</time>
      </trkpt>
      <trkpt lat="50.554597" lon="5.207175">
        <ele>77.681288</ele>
        <time>2026-06-29T02:39:14.546Z</time>
      </trkpt>
      <trkpt lat="50.554525" lon="5.206601">
        <ele>77.786636</ele>
        <time>2026-06-29T02:39:20.388Z</time>
      </trkpt>
      <trkpt lat="50.553344" lon="5.202260">
        <ele>80.058675</ele>
        <time>2026-06-29T02:40:16.282Z</time>
      </trkpt>
      <trkpt lat="50.552989" lon="5.200679">
        <ele>80.823001</ele>
        <time>2026-06-29T02:40:35.083Z</time>
      </trkpt>
      <trkpt lat="50.552634" lon="5.199112">
        <ele>81.190299</ele>
        <time>2026-06-29T02:40:51.031Z</time>
      </trkpt>
      <trkpt lat="50.552574" lon="5.198885">
        <ele>81.238912</ele>
        <time>2026-06-29T02:40:53.310Z</time>
      </trkpt>
      <trkpt lat="50.552458" lon="5.198616">
        <ele>81.303196</ele>
        <time>2026-06-29T02:40:56.366Z</time>
      </trkpt>
      <trkpt lat="50.549828" lon="5.193198">
        <ele>83.855758</ele>
        <time>2026-06-29T02:42:12.426Z</time>
      </trkpt>
      <trkpt lat="50.549641" lon="5.192526">
        <ele>83.925409</ele>
        <time>2026-06-29T02:42:20.354Z</time>
      </trkpt>
      <trkpt lat="50.549593" lon="5.192349">
        <ele>83.943680</ele>
        <time>2026-06-29T02:42:22.325Z</time>
      </trkpt>
      <trkpt lat="50.549527" lon="5.192097">
        <ele>83.969558</ele>
        <time>2026-06-29T02:42:24.925Z</time>
      </trkpt>
      <trkpt lat="50.549495" lon="5.191951">
        <ele>83.984221</ele>
        <time>2026-06-29T02:42:26.348Z</time>
      </trkpt>
      <trkpt lat="50.549475" lon="5.191648">
        <ele>84.013143</ele>
        <time>2026-06-29T02:42:29.108Z</time>
      </trkpt>
      <trkpt lat="50.549508" lon="5.191296">
        <ele>84.046925</ele>
        <time>2026-06-29T02:42:32.228Z</time>
      </trkpt>
      <trkpt lat="50.549796" lon="5.190190">
        <ele>84.171227</ele>
        <time>2026-06-29T02:42:42.417Z</time>
      </trkpt>
      <trkpt lat="50.549915" lon="5.189794">
        <ele>84.218818</ele>
        <time>2026-06-29T02:42:46.258Z</time>
      </trkpt>
      <trkpt lat="50.550012" lon="5.189567">
        <ele>84.248538</ele>
        <time>2026-06-29T02:42:49.044Z</time>
      </trkpt>
      <trkpt lat="50.550333" lon="5.188988">
        <ele>84.332018</ele>
        <time>2026-06-29T02:42:57.659Z</time>
      </trkpt>
      <trkpt lat="50.550389" lon="5.188845">
        <ele>84.350268</ele>
        <time>2026-06-29T02:42:59.562Z</time>
      </trkpt>
      <trkpt lat="50.550428" lon="5.188443">
        <ele>84.391656</ele>
        <time>2026-06-29T02:43:04.292Z</time>
      </trkpt>
      <trkpt lat="50.550577" lon="5.188004">
        <ele>84.345448</ele>
        <time>2026-06-29T02:43:09.734Z</time>
      </trkpt>
      <trkpt lat="50.550797" lon="5.187462">
        <ele>84.285736</ele>
        <time>2026-06-29T02:43:15.883Z</time>
      </trkpt>
      <trkpt lat="50.550975" lon="5.186438">
        <ele>84.187172</ele>
        <time>2026-06-29T02:43:25.052Z</time>
      </trkpt>
      <trkpt lat="50.551096" lon="5.185714">
        <ele>84.204004</ele>
        <time>2026-06-29T02:43:30.860Z</time>
      </trkpt>
      <trkpt lat="50.551157" lon="5.185023">
        <ele>84.588012</ele>
        <time>2026-06-29T02:43:36.699Z</time>
      </trkpt>
      <trkpt lat="50.551262" lon="5.184336">
        <ele>84.976951</ele>
        <time>2026-06-29T02:43:43.147Z</time>
      </trkpt>
      <trkpt lat="50.551205" lon="5.184327">
        <ele>85.026579</ele>
        <time>2026-06-29T02:43:44.037Z</time>
      </trkpt>
      <trkpt lat="50.551191" lon="5.184320">
        <ele>85.039304</ele>
        <time>2026-06-29T02:43:44.302Z</time>
      </trkpt>
      <trkpt lat="50.551082" lon="5.184245">
        <ele>85.142362</ele>
        <time>2026-06-29T02:43:46.295Z</time>
      </trkpt>
      <trkpt lat="50.551050" lon="5.184207">
        <ele>85.177089</ele>
        <time>2026-06-29T02:43:47.059Z</time>
      </trkpt>
      <trkpt lat="50.550891" lon="5.183968">
        <ele>85.367563</ele>
        <time>2026-06-29T02:43:51.401Z</time>
      </trkpt>
      <trkpt lat="50.550610" lon="5.183545">
        <ele>85.796418</ele>
        <time>2026-06-29T02:44:01.115Z</time>
      </trkpt>
      <trkpt lat="50.550543" lon="5.183430">
        <ele>86.372554</ele>
        <time>2026-06-29T02:44:04.163Z</time>
      </trkpt>
      <trkpt lat="50.550500" lon="5.183182">
        <ele>87.321800</ele>
        <time>2026-06-29T02:44:09.704Z</time>
      </trkpt>
      <trkpt lat="50.550358" lon="5.182339">
        <ele>90.542188</ele>
        <time>2026-06-29T02:44:30.754Z</time>
      </trkpt>
      <trkpt lat="50.550336" lon="5.182255">
        <ele>90.877683</ele>
        <time>2026-06-29T02:44:33.075Z</time>
      </trkpt>
      <trkpt lat="50.550253" lon="5.182119">
        <ele>91.574004</ele>
        <time>2026-06-29T02:44:38.080Z</time>
      </trkpt>
      <trkpt lat="50.550122" lon="5.182066">
        <ele>92.360059</ele>
        <time>2026-06-29T02:44:43.864Z</time>
      </trkpt>
      <trkpt lat="50.550024" lon="5.182117">
        <ele>92.959911</ele>
        <time>2026-06-29T02:44:48.445Z</time>
      </trkpt>
      <trkpt lat="50.549480" lon="5.183088">
        <ele>97.346444</ele>
        <time>2026-06-29T02:45:24.677Z</time>
      </trkpt>
      <trkpt lat="50.549318" lon="5.183329">
        <ele>98.322970</ele>
        <time>2026-06-29T02:45:33.800Z</time>
      </trkpt>
      <trkpt lat="50.548690" lon="5.184114">
        <ele>101.836147</ele>
        <time>2026-06-29T02:46:00.415Z</time>
      </trkpt>
      <trkpt lat="50.548183" lon="5.184885">
        <ele>104.575702</ele>
        <time>2026-06-29T02:46:14.953Z</time>
      </trkpt>
      <trkpt lat="50.547998" lon="5.185195">
        <ele>105.302863</ele>
        <time>2026-06-29T02:46:20.166Z</time>
      </trkpt>
      <trkpt lat="50.547793" lon="5.186020">
        <ele>106.817505</ele>
        <time>2026-06-29T02:46:32.579Z</time>
      </trkpt>
      <trkpt lat="50.547764" lon="5.186085">
        <ele>106.953305</ele>
        <time>2026-06-29T02:46:33.849Z</time>
      </trkpt>
      <trkpt lat="50.547697" lon="5.186133">
        <ele>107.151393</ele>
        <time>2026-06-29T02:46:35.657Z</time>
      </trkpt>
      <trkpt lat="50.547609" lon="5.186097">
        <ele>107.396056</ele>
        <time>2026-06-29T02:46:38.027Z</time>
      </trkpt>
      <trkpt lat="50.547153" lon="5.185629">
        <ele>108.861750</ele>
        <time>2026-06-29T02:46:54.080Z</time>
      </trkpt>
      <trkpt lat="50.546383" lon="5.184978">
        <ele>113.166013</ele>
        <time>2026-06-29T02:47:27.610Z</time>
      </trkpt>
      <trkpt lat="50.546255" lon="5.184975">
        <ele>113.796393</ele>
        <time>2026-06-29T02:47:32.529Z</time>
      </trkpt>
      <trkpt lat="50.545613" lon="5.185338">
        <ele>117.155662</ele>
        <time>2026-06-29T02:47:55.988Z</time>
      </trkpt>
      <trkpt lat="50.545421" lon="5.185358">
        <ele>118.007810</ele>
        <time>2026-06-29T02:48:01.744Z</time>
      </trkpt>
      <trkpt lat="50.544999" lon="5.185314">
        <ele>119.575976</ele>
        <time>2026-06-29T02:48:13.928Z</time>
      </trkpt>
      <trkpt lat="50.544737" lon="5.185367">
        <ele>120.555440</ele>
        <time>2026-06-29T02:48:21.656Z</time>
      </trkpt>
      <trkpt lat="50.544548" lon="5.185422">
        <ele>121.268116</ele>
        <time>2026-06-29T02:48:27.343Z</time>
      </trkpt>
      <trkpt lat="50.543753" lon="5.185655">
        <ele>124.266591</ele>
        <time>2026-06-29T02:48:51.139Z</time>
      </trkpt>
      <trkpt lat="50.542915" lon="5.185897">
        <ele>126.126450</ele>
        <time>2026-06-29T02:49:14.743Z</time>
      </trkpt>
      <trkpt lat="50.541880" lon="5.186207">
        <ele>128.196108</ele>
        <time>2026-06-29T02:49:36.268Z</time>
      </trkpt>
      <trkpt lat="50.540948" lon="5.186481">
        <ele>128.088167</ele>
        <time>2026-06-29T02:49:50.074Z</time>
      </trkpt>
      <trkpt lat="50.540596" lon="5.186494">
        <ele>128.048082</ele>
        <time>2026-06-29T02:49:54.681Z</time>
      </trkpt>
      <trkpt lat="50.540404" lon="5.186653">
        <ele>128.023381</ele>
        <time>2026-06-29T02:49:57.489Z</time>
      </trkpt>
      <trkpt lat="50.540080" lon="5.186910">
        <ele>127.888710</ele>
        <time>2026-06-29T02:50:02.178Z</time>
      </trkpt>
      <trkpt lat="50.539028" lon="5.187920">
        <ele>127.011127</ele>
        <time>2026-06-29T02:50:17.831Z</time>
      </trkpt>
      <trkpt lat="50.538559" lon="5.188369">
        <ele>126.625249</ele>
        <time>2026-06-29T02:50:24.838Z</time>
      </trkpt>
      <trkpt lat="50.538297" lon="5.188736">
        <ele>126.388256</ele>
        <time>2026-06-29T02:50:29.365Z</time>
      </trkpt>
      <trkpt lat="50.538203" lon="5.188752">
        <ele>126.324378</ele>
        <time>2026-06-29T02:50:30.591Z</time>
      </trkpt>
      <trkpt lat="50.538033" lon="5.188602">
        <ele>126.192698</ele>
        <time>2026-06-29T02:50:33.112Z</time>
      </trkpt>
      <trkpt lat="50.537869" lon="5.188432">
        <ele>126.060013</ele>
        <time>2026-06-29T02:50:35.668Z</time>
      </trkpt>
      <trkpt lat="50.537775" lon="5.188447">
        <ele>125.996181</ele>
        <time>2026-06-29T02:50:36.887Z</time>
      </trkpt>
      <trkpt lat="50.537728" lon="5.188496">
        <ele>125.958089</ele>
        <time>2026-06-29T02:50:37.633Z</time>
      </trkpt>
      <trkpt lat="50.537604" lon="5.188812">
        <ele>125.798621</ele>
        <time>2026-06-29T02:50:40.704Z</time>
      </trkpt>
      <trkpt lat="50.537409" lon="5.189049">
        <ele>125.632149</ele>
        <time>2026-06-29T02:50:43.938Z</time>
      </trkpt>
      <trkpt lat="50.536119" lon="5.189790">
        <ele>123.868780</ele>
        <time>2026-06-29T02:51:00.997Z</time>
      </trkpt>
      <trkpt lat="50.535776" lon="5.190045">
        <ele>123.344609</ele>
        <time>2026-06-29T02:51:05.199Z</time>
      </trkpt>
      <trkpt lat="50.534269" lon="5.191430">
        <ele>119.473863</ele>
        <time>2026-06-29T02:51:23.376Z</time>
      </trkpt>
      <trkpt lat="50.534125" lon="5.191520">
        <ele>119.109966</ele>
        <time>2026-06-29T02:51:25.080Z</time>
      </trkpt>
      <trkpt lat="50.533473" lon="5.191280">
        <ele>118.608202</ele>
        <time>2026-06-29T02:51:36.406Z</time>
      </trkpt>
      <trkpt lat="50.532309" lon="5.190788">
        <ele>118.188789</ele>
        <time>2026-06-29T02:52:01.626Z</time>
      </trkpt>
      <trkpt lat="50.532079" lon="5.190664">
        <ele>118.199205</ele>
        <time>2026-06-29T02:52:07.011Z</time>
      </trkpt>
      <trkpt lat="50.531839" lon="5.190486">
        <ele>118.243131</ele>
        <time>2026-06-29T02:52:12.831Z</time>
      </trkpt>
      <trkpt lat="50.531624" lon="5.190256">
        <ele>118.286173</ele>
        <time>2026-06-29T02:52:18.443Z</time>
      </trkpt>
      <trkpt lat="50.531435" lon="5.190104">
        <ele>118.321314</ele>
        <time>2026-06-29T02:52:23.010Z</time>
      </trkpt>
      <trkpt lat="50.531319" lon="5.190087">
        <ele>118.340600</ele>
        <time>2026-06-29T02:52:25.483Z</time>
      </trkpt>
      <trkpt lat="50.531247" lon="5.190118">
        <ele>118.352958</ele>
        <time>2026-06-29T02:52:27.060Z</time>
      </trkpt>
      <trkpt lat="50.531134" lon="5.190241">
        <ele>118.375707</ele>
        <time>2026-06-29T02:52:29.939Z</time>
      </trkpt>
      <trkpt lat="50.529791" lon="5.192519">
        <ele>118.066536</ele>
        <time>2026-06-29T02:53:08.641Z</time>
      </trkpt>
      <trkpt lat="50.529721" lon="5.192618">
        <ele>118.040173</ele>
        <time>2026-06-29T02:53:10.391Z</time>
      </trkpt>
      <trkpt lat="50.529694" lon="5.192686">
        <ele>118.025900</ele>
        <time>2026-06-29T02:53:11.054Z</time>
      </trkpt>
      <trkpt lat="50.529311" lon="5.193262">
        <ele>117.607478</ele>
        <time>2026-06-29T02:53:17.891Z</time>
      </trkpt>
      <trkpt lat="50.529176" lon="5.193509">
        <ele>117.365458</ele>
        <time>2026-06-29T02:53:20.530Z</time>
      </trkpt>
      <trkpt lat="50.528983" lon="5.193326">
        <ele>117.102076</ele>
        <time>2026-06-29T02:53:23.396Z</time>
      </trkpt>
      <trkpt lat="50.528838" lon="5.193116">
        <ele>116.871717</ele>
        <time>2026-06-29T02:53:25.880Z</time>
      </trkpt>
      <trkpt lat="50.528532" lon="5.192874">
        <ele>116.471417</ele>
        <time>2026-06-29T02:53:30.160Z</time>
      </trkpt>
      <trkpt lat="50.528074" lon="5.192626">
        <ele>115.905290</ele>
        <time>2026-06-29T02:53:35.899Z</time>
      </trkpt>
      <trkpt lat="50.527357" lon="5.192318">
        <ele>111.588947</ele>
        <time>2026-06-29T02:53:43.330Z</time>
      </trkpt>
      <trkpt lat="50.527237" lon="5.192350">
        <ele>110.851341</ele>
        <time>2026-06-29T02:53:44.460Z</time>
      </trkpt>
      <trkpt lat="50.526871" lon="5.192732">
        <ele>108.189459</ele>
        <time>2026-06-29T02:53:48.420Z</time>
      </trkpt>
      <trkpt lat="50.526646" lon="5.192875">
        <ele>106.718813</ele>
        <time>2026-06-29T02:53:50.549Z</time>
      </trkpt>
      <trkpt lat="50.526424" lon="5.192951">
        <ele>105.341944</ele>
        <time>2026-06-29T02:53:52.521Z</time>
      </trkpt>
      <trkpt lat="50.525972" lon="5.192958">
        <ele>101.161873</ele>
        <time>2026-06-29T02:53:56.381Z</time>
      </trkpt>
      <trkpt lat="50.525650" lon="5.192898">
        <ele>97.995997</ele>
        <time>2026-06-29T02:53:59.149Z</time>
      </trkpt>
      <trkpt lat="50.525201" lon="5.192718">
        <ele>93.471983</ele>
        <time>2026-06-29T02:54:03.130Z</time>
      </trkpt>
      <trkpt lat="50.524771" lon="5.192657">
        <ele>89.256575</ele>
        <time>2026-06-29T02:54:06.864Z</time>
      </trkpt>
      <trkpt lat="50.524674" lon="5.192629">
        <ele>88.293685</ele>
        <time>2026-06-29T02:54:07.722Z</time>
      </trkpt>
      <trkpt lat="50.524351" lon="5.192327">
        <ele>85.504045</ele>
        <time>2026-06-29T02:54:11.003Z</time>
      </trkpt>
      <trkpt lat="50.524086" lon="5.192157">
        <ele>83.595327</ele>
        <time>2026-06-29T02:54:13.516Z</time>
      </trkpt>
      <trkpt lat="50.523819" lon="5.192055">
        <ele>81.762839</ele>
        <time>2026-06-29T02:54:15.975Z</time>
      </trkpt>
      <trkpt lat="50.523451" lon="5.192354">
        <ele>79.000409</ele>
        <time>2026-06-29T02:54:21.398Z</time>
      </trkpt>
      <trkpt lat="50.523435" lon="5.192373">
        <ele>78.866702</ele>
        <time>2026-06-29T02:54:21.584Z</time>
      </trkpt>
      <trkpt lat="50.523266" lon="5.192546">
        <ele>77.521900</ele>
        <time>2026-06-29T02:54:23.443Z</time>
      </trkpt>
      <trkpt lat="50.523101" lon="5.192563">
        <ele>76.419097</ele>
        <time>2026-06-29T02:54:24.990Z</time>
      </trkpt>
      <trkpt lat="50.522996" lon="5.192491">
        <ele>75.655160</ele>
        <time>2026-06-29T02:54:26.078Z</time>
      </trkpt>
      <trkpt lat="50.522267" lon="5.191685">
        <ele>73.094817</ele>
        <time>2026-06-29T02:54:35.104Z</time>
      </trkpt>
      <trkpt lat="50.522089" lon="5.192040">
        <ele>72.317245</ele>
        <time>2026-06-29T02:54:38.335Z</time>
      </trkpt>
      <trkpt lat="50.521864" lon="5.192476">
        <ele>71.351460</ele>
        <time>2026-06-29T02:54:42.371Z</time>
      </trkpt>
      <trkpt lat="50.521813" lon="5.192431">
        <ele>71.193274</ele>
        <time>2026-06-29T02:54:43.031Z</time>
      </trkpt>
      <trkpt lat="50.521687" lon="5.192322">
        <ele>70.804279</ele>
        <time>2026-06-29T02:54:44.644Z</time>
      </trkpt>
      <trkpt lat="50.521518" lon="5.192245">
        <ele>70.417063</ele>
        <time>2026-06-29T02:54:46.617Z</time>
      </trkpt>
      <trkpt lat="50.520913" lon="5.192142">
        <ele>69.469258</ele>
        <time>2026-06-29T02:54:53.359Z</time>
      </trkpt>
      <trkpt lat="50.520596" lon="5.191963">
        <ele>68.944668</ele>
        <time>2026-06-29T02:54:57.226Z</time>
      </trkpt>
      <trkpt lat="50.520123" lon="5.191635">
        <ele>68.139534</ele>
        <time>2026-06-29T02:55:03.190Z</time>
      </trkpt>
      <trkpt lat="50.519616" lon="5.191120">
        <ele>67.529010</ele>
        <time>2026-06-29T02:55:10.295Z</time>
      </trkpt>
      <trkpt lat="50.519514" lon="5.190961">
        <ele>67.442692</ele>
        <time>2026-06-29T02:55:12.039Z</time>
      </trkpt>
      <trkpt lat="50.519155" lon="5.190236">
        <ele>67.091515</ele>
        <time>2026-06-29T02:55:19.516Z</time>
      </trkpt>
      <trkpt lat="50.518964" lon="5.189775">
        <ele>66.881236</ele>
        <time>2026-06-29T02:55:24.303Z</time>
      </trkpt>
      <trkpt lat="50.518862" lon="5.189384">
        <ele>66.719722</ele>
        <time>2026-06-29T02:55:28.226Z</time>
      </trkpt>
      <trkpt lat="50.518627" lon="5.188437">
        <ele>66.942926</ele>
        <time>2026-06-29T02:55:38.663Z</time>
      </trkpt>
      <trkpt lat="50.518540" lon="5.187965">
        <ele>67.109942</ele>
        <time>2026-06-29T02:55:44.295Z</time>
      </trkpt>
      <trkpt lat="50.518216" lon="5.186102">
        <ele>67.660626</ele>
        <time>2026-06-29T02:56:06.273Z</time>
      </trkpt>
      <trkpt lat="50.517285" lon="5.179878">
        <ele>67.966406</ele>
        <time>2026-06-29T02:57:06.389Z</time>
      </trkpt>
      <trkpt lat="50.516954" lon="5.178181">
        <ele>68.138985</ele>
        <time>2026-06-29T02:57:22.886Z</time>
      </trkpt>
      <trkpt lat="50.516723" lon="5.176606">
        <ele>69.165349</ele>
        <time>2026-06-29T02:57:43.078Z</time>
      </trkpt>
      <trkpt lat="50.516647" lon="5.176126">
        <ele>69.479451</ele>
        <time>2026-06-29T02:57:49.791Z</time>
      </trkpt>
      <trkpt lat="50.516601" lon="5.175898">
        <ele>69.631342</ele>
        <time>2026-06-29T02:57:52.925Z</time>
      </trkpt>
      <trkpt lat="50.516476" lon="5.175314">
        <ele>69.878565</ele>
        <time>2026-06-29T02:58:00.690Z</time>
      </trkpt>
      <trkpt lat="50.515693" lon="5.171778">
        <ele>70.040867</ele>
        <time>2026-06-29T02:58:34.809Z</time>
      </trkpt>
      <trkpt lat="50.515180" lon="5.170109">
        <ele>69.921363</ele>
        <time>2026-06-29T02:58:52.290Z</time>
      </trkpt>
      <trkpt lat="50.514954" lon="5.169339">
        <ele>69.739466</ele>
        <time>2026-06-29T02:58:59.943Z</time>
      </trkpt>
      <trkpt lat="50.514831" lon="5.168735">
        <ele>69.603435</ele>
        <time>2026-06-29T02:59:05.312Z</time>
      </trkpt>
      <trkpt lat="50.513983" lon="5.164248">
        <ele>68.665942</ele>
        <time>2026-06-29T02:59:44.895Z</time>
      </trkpt>
      <trkpt lat="50.513532" lon="5.161163">
        <ele>69.103958</ele>
        <time>2026-06-29T03:00:18.981Z</time>
      </trkpt>
      <trkpt lat="50.513329" lon="5.160347">
        <ele>69.220514</ele>
        <time>2026-06-29T03:00:27.724Z</time>
      </trkpt>
      <trkpt lat="50.513189" lon="5.159741">
        <ele>69.306280</ele>
        <time>2026-06-29T03:00:33.663Z</time>
      </trkpt>
      <trkpt lat="50.512588" lon="5.157129">
        <ele>69.082570</ele>
        <time>2026-06-29T03:00:58.645Z</time>
      </trkpt>
      <trkpt lat="50.512329" lon="5.155684">
        <ele>68.621931</ele>
        <time>2026-06-29T03:01:12.082Z</time>
      </trkpt>
      <trkpt lat="50.512251" lon="5.155213">
        <ele>68.446449</ele>
        <time>2026-06-29T03:01:16.176Z</time>
      </trkpt>
      <trkpt lat="50.512153" lon="5.154653">
        <ele>68.237036</ele>
        <time>2026-06-29T03:01:20.817Z</time>
      </trkpt>
      <trkpt lat="50.512042" lon="5.154013">
        <ele>68.014084</ele>
        <time>2026-06-29T03:01:25.869Z</time>
      </trkpt>
      <trkpt lat="50.511835" lon="5.152729">
        <ele>67.773067</ele>
        <time>2026-06-29T03:01:36.619Z</time>
      </trkpt>
      <trkpt lat="50.511735" lon="5.152104">
        <ele>67.655802</ele>
        <time>2026-06-29T03:01:42.963Z</time>
      </trkpt>
      <trkpt lat="50.511660" lon="5.151535">
        <ele>67.550070</ele>
        <time>2026-06-29T03:01:48.738Z</time>
      </trkpt>
      <trkpt lat="50.511490" lon="5.150942">
        <ele>67.578728</ele>
        <time>2026-06-29T03:01:55.434Z</time>
      </trkpt>
      <trkpt lat="50.511181" lon="5.150024">
        <ele>67.719463</ele>
        <time>2026-06-29T03:02:05.783Z</time>
      </trkpt>
      <trkpt lat="50.510844" lon="5.149078">
        <ele>67.866384</ele>
        <time>2026-06-29T03:02:16.646Z</time>
      </trkpt>
      <trkpt lat="50.510566" lon="5.148399">
        <ele>67.880152</ele>
        <time>2026-06-29T03:02:24.608Z</time>
      </trkpt>
      <trkpt lat="50.510317" lon="5.147782">
        <ele>67.855512</ele>
        <time>2026-06-29T03:02:31.522Z</time>
      </trkpt>
      <trkpt lat="50.509710" lon="5.146280">
        <ele>67.883089</ele>
        <time>2026-06-29T03:02:47.387Z</time>
      </trkpt>
      <trkpt lat="50.509350" lon="5.145312">
        <ele>68.242401</ele>
        <time>2026-06-29T03:02:58.006Z</time>
      </trkpt>
      <trkpt lat="50.509033" lon="5.144441">
        <ele>68.563962</ele>
        <time>2026-06-29T03:03:09.382Z</time>
      </trkpt>
      <trkpt lat="50.508964" lon="5.144248">
        <ele>68.634906</ele>
        <time>2026-06-29T03:03:12.115Z</time>
      </trkpt>
      <trkpt lat="50.508127" lon="5.142051">
        <ele>70.685105</ele>
        <time>2026-06-29T03:03:45.910Z</time>
      </trkpt>
      <trkpt lat="50.507930" lon="5.141104">
        <ele>71.444059</ele>
        <time>2026-06-29T03:03:58.293Z</time>
      </trkpt>
      <trkpt lat="50.507828" lon="5.140204">
        <ele>72.059487</ele>
        <time>2026-06-29T03:04:09.145Z</time>
      </trkpt>
      <trkpt lat="50.507629" lon="5.138868">
        <ele>72.983228</ele>
        <time>2026-06-29T03:04:25.501Z</time>
      </trkpt>
      <trkpt lat="50.506912" lon="5.136517">
        <ele>74.140088</ele>
        <time>2026-06-29T03:04:56.450Z</time>
      </trkpt>
      <trkpt lat="50.505408" lon="5.131537">
        <ele>72.561225</ele>
        <time>2026-06-29T03:05:42.040Z</time>
      </trkpt>
      <trkpt lat="50.504997" lon="5.130740">
        <ele>72.419160</ele>
        <time>2026-06-29T03:05:51.167Z</time>
      </trkpt>
      <trkpt lat="50.504790" lon="5.130376">
        <ele>72.414883</ele>
        <time>2026-06-29T03:05:55.762Z</time>
      </trkpt>
      <trkpt lat="50.504641" lon="5.130129">
        <ele>72.411901</ele>
        <time>2026-06-29T03:05:59.031Z</time>
      </trkpt>
      <trkpt lat="50.504509" lon="5.129910">
        <ele>72.409259</ele>
        <time>2026-06-29T03:06:01.951Z</time>
      </trkpt>
      <trkpt lat="50.504363" lon="5.129552">
        <ele>72.405534</ele>
        <time>2026-06-29T03:06:06.122Z</time>
      </trkpt>
      <trkpt lat="50.504206" lon="5.128254">
        <ele>72.419682</ele>
        <time>2026-06-29T03:06:19.189Z</time>
      </trkpt>
      <trkpt lat="50.504125" lon="5.127753">
        <ele>72.435184</ele>
        <time>2026-06-29T03:06:24.151Z</time>
      </trkpt>
      <trkpt lat="50.504039" lon="5.127410">
        <ele>72.446240</ele>
        <time>2026-06-29T03:06:27.623Z</time>
      </trkpt>
      <trkpt lat="50.503697" lon="5.126121">
        <ele>72.488021</ele>
        <time>2026-06-29T03:06:40.529Z</time>
      </trkpt>
      <trkpt lat="50.503247" lon="5.124330">
        <ele>72.544072</ele>
        <time>2026-06-29T03:06:58.664Z</time>
      </trkpt>
      <trkpt lat="50.503090" lon="5.123708">
        <ele>72.563551</ele>
        <time>2026-06-29T03:07:05.321Z</time>
      </trkpt>
      <trkpt lat="50.502884" lon="5.123033">
        <ele>72.634274</ele>
        <time>2026-06-29T03:07:12.921Z</time>
      </trkpt>
      <trkpt lat="50.502360" lon="5.121938">
        <ele>72.779957</ele>
        <time>2026-06-29T03:07:26.653Z</time>
      </trkpt>
      <trkpt lat="50.502206" lon="5.121547">
        <ele>72.828851</ele>
        <time>2026-06-29T03:07:31.053Z</time>
      </trkpt>
      <trkpt lat="50.501661" lon="5.119326">
        <ele>72.695525</ele>
        <time>2026-06-29T03:07:53.103Z</time>
      </trkpt>
      <trkpt lat="50.501097" lon="5.117008">
        <ele>72.367033</ele>
        <time>2026-06-29T03:08:14.934Z</time>
      </trkpt>
      <trkpt lat="50.500651" lon="5.115079">
        <ele>72.152158</ele>
        <time>2026-06-29T03:08:33.542Z</time>
      </trkpt>
      <trkpt lat="50.500457" lon="5.114296">
        <ele>72.119051</ele>
        <time>2026-06-29T03:08:41.149Z</time>
      </trkpt>
      <trkpt lat="50.500249" lon="5.113462">
        <ele>72.083757</ele>
        <time>2026-06-29T03:08:49.430Z</time>
      </trkpt>
      <trkpt lat="50.500023" lon="5.112760">
        <ele>72.231288</ele>
        <time>2026-06-29T03:08:57.201Z</time>
      </trkpt>
      <trkpt lat="50.499693" lon="5.111715">
        <ele>72.538028</ele>
        <time>2026-06-29T03:09:09.374Z</time>
      </trkpt>
      <trkpt lat="50.499343" lon="5.110829">
        <ele>72.812237</ele>
        <time>2026-06-29T03:09:20.961Z</time>
      </trkpt>
      <trkpt lat="50.498746" lon="5.109662">
        <ele>73.163395</ele>
        <time>2026-06-29T03:09:37.571Z</time>
      </trkpt>
      <trkpt lat="50.498036" lon="5.108267">
        <ele>73.415336</ele>
        <time>2026-06-29T03:09:55.141Z</time>
      </trkpt>
      <trkpt lat="50.497376" lon="5.106565">
        <ele>73.110281</ele>
        <time>2026-06-29T03:10:11.965Z</time>
      </trkpt>
      <trkpt lat="50.497307" lon="5.106361">
        <ele>73.074921</ele>
        <time>2026-06-29T03:10:13.981Z</time>
      </trkpt>
      <trkpt lat="50.497270" lon="5.106220">
        <ele>73.051579</ele>
        <time>2026-06-29T03:10:15.364Z</time>
      </trkpt>
      <trkpt lat="50.497232" lon="5.106070">
        <ele>73.069647</ele>
        <time>2026-06-29T03:10:16.839Z</time>
      </trkpt>
      <trkpt lat="50.497208" lon="5.105934">
        <ele>73.091226</ele>
        <time>2026-06-29T03:10:18.138Z</time>
      </trkpt>
      <trkpt lat="50.496772" lon="5.103094">
        <ele>73.523363</ele>
        <time>2026-06-29T03:10:48.645Z</time>
      </trkpt>
      <trkpt lat="50.496533" lon="5.101974">
        <ele>73.658122</ele>
        <time>2026-06-29T03:10:59.888Z</time>
      </trkpt>
      <trkpt lat="50.496392" lon="5.100814">
        <ele>73.792842</ele>
        <time>2026-06-29T03:11:11.047Z</time>
      </trkpt>
      <trkpt lat="50.496304" lon="5.099856">
        <ele>74.190421</ele>
        <time>2026-06-29T03:11:21.178Z</time>
      </trkpt>
      <trkpt lat="50.495951" lon="5.098330">
        <ele>74.906893</ele>
        <time>2026-06-29T03:11:40.246Z</time>
      </trkpt>
      <trkpt lat="50.496029" lon="5.097286">
        <ele>75.331115</ele>
        <time>2026-06-29T03:11:52.451Z</time>
      </trkpt>
      <trkpt lat="50.496007" lon="5.097119">
        <ele>75.397053</ele>
        <time>2026-06-29T03:11:54.442Z</time>
      </trkpt>
      <trkpt lat="50.495924" lon="5.096846">
        <ele>75.514039</ele>
        <time>2026-06-29T03:11:58.212Z</time>
      </trkpt>
      <trkpt lat="50.495778" lon="5.096577">
        <ele>75.650755</ele>
        <time>2026-06-29T03:12:02.654Z</time>
      </trkpt>
      <trkpt lat="50.495368" lon="5.096151">
        <ele>75.949461</ele>
        <time>2026-06-29T03:12:12.089Z</time>
      </trkpt>
      <trkpt lat="50.495305" lon="5.096026">
        <ele>76.011121</ele>
        <time>2026-06-29T03:12:13.898Z</time>
      </trkpt>
      <trkpt lat="50.495269" lon="5.095854">
        <ele>76.081130</ele>
        <time>2026-06-29T03:12:15.818Z</time>
      </trkpt>
      <trkpt lat="50.495281" lon="5.095638">
        <ele>76.099516</ele>
        <time>2026-06-29T03:12:17.919Z</time>
      </trkpt>
      <trkpt lat="50.495358" lon="5.095667">
        <ele>75.997921</ele>
        <time>2026-06-29T03:12:18.931Z</time>
      </trkpt>
      <trkpt lat="50.495435" lon="5.095636">
        <ele>75.895934</ele>
        <time>2026-06-29T03:12:19.877Z</time>
      </trkpt>
      <trkpt lat="50.495494" lon="5.095553">
        <ele>75.794343</ele>
        <time>2026-06-29T03:12:20.759Z</time>
      </trkpt>
      <trkpt lat="50.495520" lon="5.095442">
        <ele>75.697795</ele>
        <time>2026-06-29T03:12:21.561Z</time>
      </trkpt>
      <trkpt lat="50.495512" lon="5.095325">
        <ele>75.601746</ele>
        <time>2026-06-29T03:12:22.331Z</time>
      </trkpt>
      <trkpt lat="50.495476" lon="5.095231">
        <ele>75.512189</ele>
        <time>2026-06-29T03:12:23.029Z</time>
      </trkpt>
      <trkpt lat="50.495419" lon="5.095170">
        <ele>75.423713</ele>
        <time>2026-06-29T03:12:23.763Z</time>
      </trkpt>
      <trkpt lat="50.495342" lon="5.095152">
        <ele>75.323827</ele>
        <time>2026-06-29T03:12:24.550Z</time>
      </trkpt>
      <trkpt lat="50.495229" lon="5.095248">
        <ele>75.159017</ele>
        <time>2026-06-29T03:12:25.913Z</time>
      </trkpt>
      <trkpt lat="50.495194" lon="5.095443">
        <ele>74.993637</ele>
        <time>2026-06-29T03:12:27.300Z</time>
      </trkpt>
      <trkpt lat="50.494962" lon="5.095393">
        <ele>74.693173</ele>
        <time>2026-06-29T03:12:29.824Z</time>
      </trkpt>
      <trkpt lat="50.494782" lon="5.095408">
        <ele>74.461891</ele>
        <time>2026-06-29T03:12:31.779Z</time>
      </trkpt>
      <trkpt lat="50.494540" lon="5.095502">
        <ele>74.142041</ele>
        <time>2026-06-29T03:12:34.508Z</time>
      </trkpt>
      <trkpt lat="50.493372" lon="5.096056">
        <ele>75.039780</ele>
        <time>2026-06-29T03:12:56.034Z</time>
      </trkpt>
      <trkpt lat="50.493215" lon="5.096074">
        <ele>75.232822</ele>
        <time>2026-06-29T03:13:00.614Z</time>
      </trkpt>
      <trkpt lat="50.493165" lon="5.096006">
        <ele>75.313901</ele>
        <time>2026-06-29T03:13:02.461Z</time>
      </trkpt>
      <trkpt lat="50.493066" lon="5.095993">
        <ele>75.435728</ele>
        <time>2026-06-29T03:13:05.187Z</time>
      </trkpt>
      <trkpt lat="50.493021" lon="5.096031">
        <ele>75.498371</ele>
        <time>2026-06-29T03:13:06.532Z</time>
      </trkpt>
      <trkpt lat="50.492992" lon="5.096083">
        <ele>75.552319</ele>
        <time>2026-06-29T03:13:07.660Z</time>
      </trkpt>
      <trkpt lat="50.492752" lon="5.096211">
        <ele>75.863112</ele>
        <time>2026-06-29T03:13:13.914Z</time>
      </trkpt>
      <trkpt lat="50.492622" lon="5.096233">
        <ele>76.023453</ele>
        <time>2026-06-29T03:13:16.864Z</time>
      </trkpt>
      <trkpt lat="50.491784" lon="5.096359">
        <ele>76.461323</ele>
        <time>2026-06-29T03:13:31.452Z</time>
      </trkpt>
      <trkpt lat="50.491419" lon="5.096394">
        <ele>76.646863</ele>
        <time>2026-06-29T03:13:36.389Z</time>
      </trkpt>
      <trkpt lat="50.491271" lon="5.096428">
        <ele>76.722754</ele>
        <time>2026-06-29T03:13:38.416Z</time>
      </trkpt>
      <trkpt lat="50.491134" lon="5.096502">
        <ele>76.796255</ele>
        <time>2026-06-29T03:13:40.530Z</time>
      </trkpt>
      <trkpt lat="50.491110" lon="5.096307">
        <ele>76.860368</ele>
        <time>2026-06-29T03:13:42.490Z</time>
      </trkpt>
      <trkpt lat="50.491132" lon="5.095248">
        <ele>76.916591</ele>
        <time>2026-06-29T03:13:53.622Z</time>
      </trkpt>
      <trkpt lat="50.491145" lon="5.094362">
        <ele>76.873005</ele>
        <time>2026-06-29T03:14:02.908Z</time>
      </trkpt>
      <trkpt lat="50.491148" lon="5.094173">
        <ele>76.863707</ele>
        <time>2026-06-29T03:14:04.749Z</time>
      </trkpt>
      <trkpt lat="50.491203" lon="5.091856">
        <ele>76.114466</ele>
        <time>2026-06-29T03:14:23.523Z</time>
      </trkpt>
      <trkpt lat="50.491231" lon="5.090209">
        <ele>75.302137</ele>
        <time>2026-06-29T03:14:36.250Z</time>
      </trkpt>
      <trkpt lat="50.491233" lon="5.089993">
        <ele>75.261834</ele>
        <time>2026-06-29T03:14:38.049Z</time>
      </trkpt>
      <trkpt lat="50.491236" lon="5.089720">
        <ele>75.210893</ele>
        <time>2026-06-29T03:14:40.380Z</time>
      </trkpt>
      <trkpt lat="50.491259" lon="5.088612">
        <ele>75.004065</ele>
        <time>2026-06-29T03:14:50.239Z</time>
      </trkpt>
      <trkpt lat="50.491274" lon="5.087871">
        <ele>74.865747</ele>
        <time>2026-06-29T03:14:57.253Z</time>
      </trkpt>
      <trkpt lat="50.491278" lon="5.087385">
        <ele>74.803087</ele>
        <time>2026-06-29T03:15:01.904Z</time>
      </trkpt>
      <trkpt lat="50.491324" lon="5.084718">
        <ele>74.792824</ele>
        <time>2026-06-29T03:15:26.806Z</time>
      </trkpt>
      <trkpt lat="50.491344" lon="5.083815">
        <ele>74.838719</ele>
        <time>2026-06-29T03:15:35.321Z</time>
      </trkpt>
      <trkpt lat="50.491395" lon="5.083166">
        <ele>74.872168</ele>
        <time>2026-06-29T03:15:41.397Z</time>
      </trkpt>
      <trkpt lat="50.491411" lon="5.082884">
        <ele>74.886649</ele>
        <time>2026-06-29T03:15:44.157Z</time>
      </trkpt>
      <trkpt lat="50.491497" lon="5.082695">
        <ele>74.898535</ele>
        <time>2026-06-29T03:15:46.512Z</time>
      </trkpt>
      <trkpt lat="50.491607" lon="5.082672">
        <ele>74.907457</ele>
        <time>2026-06-29T03:15:48.336Z</time>
      </trkpt>
      <trkpt lat="50.491665" lon="5.082557">
        <ele>74.914963</ele>
        <time>2026-06-29T03:15:49.873Z</time>
      </trkpt>
      <trkpt lat="50.491672" lon="5.082483">
        <ele>74.918790</ele>
        <time>2026-06-29T03:15:50.657Z</time>
      </trkpt>
      <trkpt lat="50.491643" lon="5.082357">
        <ele>74.925644</ele>
        <time>2026-06-29T03:15:52.052Z</time>
      </trkpt>
      <trkpt lat="50.491538" lon="5.082275">
        <ele>74.935070</ele>
        <time>2026-06-29T03:15:53.972Z</time>
      </trkpt>
      <trkpt lat="50.491445" lon="5.082130">
        <ele>74.937135</ele>
        <time>2026-06-29T03:15:56.054Z</time>
      </trkpt>
      <trkpt lat="50.491417" lon="5.081883">
        <ele>74.936697</ele>
        <time>2026-06-29T03:15:58.547Z</time>
      </trkpt>
      <trkpt lat="50.491427" lon="5.081277">
        <ele>74.935641</ele>
        <time>2026-06-29T03:16:04.425Z</time>
      </trkpt>
      <trkpt lat="50.491399" lon="5.081140">
        <ele>74.935390</ele>
        <time>2026-06-29T03:16:05.849Z</time>
      </trkpt>
      <trkpt lat="50.491440" lon="5.078775">
        <ele>74.868323</ele>
        <time>2026-06-29T03:16:27.307Z</time>
      </trkpt>
      <trkpt lat="50.491442" lon="5.078631">
        <ele>74.855116</ele>
        <time>2026-06-29T03:16:28.520Z</time>
      </trkpt>
      <trkpt lat="50.491460" lon="5.077640">
        <ele>74.764210</ele>
        <time>2026-06-29T03:16:37.096Z</time>
      </trkpt>
      <trkpt lat="50.491513" lon="5.074582">
        <ele>75.000679</ele>
        <time>2026-06-29T03:17:06.747Z</time>
      </trkpt>
      <trkpt lat="50.491585" lon="5.070739">
        <ele>76.490911</ele>
        <time>2026-06-29T03:17:48.881Z</time>
      </trkpt>
      <trkpt lat="50.491604" lon="5.069637">
        <ele>77.215540</ele>
        <time>2026-06-29T03:18:03.429Z</time>
      </trkpt>
      <trkpt lat="50.491624" lon="5.068980">
        <ele>77.647891</ele>
        <time>2026-06-29T03:18:11.857Z</time>
      </trkpt>
      <trkpt lat="50.491638" lon="5.068810">
        <ele>77.760567</ele>
        <time>2026-06-29T03:18:13.982Z</time>
      </trkpt>
      <trkpt lat="50.491779" lon="5.067921">
        <ele>78.273920</ele>
        <time>2026-06-29T03:18:24.215Z</time>
      </trkpt>
      <trkpt lat="50.492352" lon="5.065941">
        <ele>79.008194</ele>
        <time>2026-06-29T03:18:47.005Z</time>
      </trkpt>
      <trkpt lat="50.492796" lon="5.064452">
        <ele>80.308988</ele>
        <time>2026-06-29T03:19:05.715Z</time>
      </trkpt>
      <trkpt lat="50.492981" lon="5.063819">
        <ele>80.953008</ele>
        <time>2026-06-29T03:19:16.159Z</time>
      </trkpt>
      <trkpt lat="50.493158" lon="5.063210">
        <ele>81.572012</ele>
        <time>2026-06-29T03:19:25.098Z</time>
      </trkpt>
      <trkpt lat="50.493230" lon="5.062969">
        <ele>81.857022</ele>
        <time>2026-06-29T03:19:28.714Z</time>
      </trkpt>
      <trkpt lat="50.493410" lon="5.062285">
        <ele>82.922063</ele>
        <time>2026-06-29T03:19:40.251Z</time>
      </trkpt>
      <trkpt lat="50.493433" lon="5.062140">
        <ele>83.137081</ele>
        <time>2026-06-29T03:19:43.209Z</time>
      </trkpt>
      <trkpt lat="50.493447" lon="5.062037">
        <ele>83.288625</ele>
        <time>2026-06-29T03:19:45.256Z</time>
      </trkpt>
      <trkpt lat="50.493689" lon="5.059121">
        <ele>85.129154</ele>
        <time>2026-06-29T03:20:29.341Z</time>
      </trkpt>
      <trkpt lat="50.493894" lon="5.056763">
        <ele>84.837426</ele>
        <time>2026-06-29T03:20:44.551Z</time>
      </trkpt>
      <trkpt lat="50.493910" lon="5.056583">
        <ele>85.000827</ele>
        <time>2026-06-29T03:20:45.816Z</time>
      </trkpt>
      <trkpt lat="50.494436" lon="5.050398">
        <ele>90.951520</ele>
        <time>2026-06-29T03:22:21.906Z</time>
      </trkpt>
      <trkpt lat="50.494515" lon="5.049466">
        <ele>92.009838</ele>
        <time>2026-06-29T03:22:35.921Z</time>
      </trkpt>
      <trkpt lat="50.494406" lon="5.045423">
        <ele>90.530417</ele>
        <time>2026-06-29T03:23:11.743Z</time>
      </trkpt>
      <trkpt lat="50.494349" lon="5.044039">
        <ele>87.951471</ele>
        <time>2026-06-29T03:23:20.204Z</time>
      </trkpt>
      <trkpt lat="50.494309" lon="5.043330">
        <ele>86.690526</ele>
        <time>2026-06-29T03:23:24.564Z</time>
      </trkpt>
      <trkpt lat="50.494209" lon="5.042235">
        <ele>85.280927</ele>
        <time>2026-06-29T03:23:32.077Z</time>
      </trkpt>
      <trkpt lat="50.494113" lon="5.041600">
        <ele>84.449247</ele>
        <time>2026-06-29T03:23:37.163Z</time>
      </trkpt>
      <trkpt lat="50.493891" lon="5.040642">
        <ele>83.192898</ele>
        <time>2026-06-29T03:23:44.756Z</time>
      </trkpt>
      <trkpt lat="50.493795" lon="5.040230">
        <ele>82.957230</ele>
        <time>2026-06-29T03:23:47.972Z</time>
      </trkpt>
      <trkpt lat="50.493763" lon="5.040087">
        <ele>82.875809</ele>
        <time>2026-06-29T03:23:49.053Z</time>
      </trkpt>
      <trkpt lat="50.493675" lon="5.039686">
        <ele>82.647970</ele>
        <time>2026-06-29T03:23:52.186Z</time>
      </trkpt>
      <trkpt lat="50.492819" lon="5.036022">
        <ele>81.098260</ele>
        <time>2026-06-29T03:24:25.466Z</time>
      </trkpt>
      <trkpt lat="50.492553" lon="5.034882">
        <ele>80.808394</ele>
        <time>2026-06-29T03:24:35.686Z</time>
      </trkpt>
      <trkpt lat="50.492513" lon="5.034713">
        <ele>80.775383</ele>
        <time>2026-06-29T03:24:37.203Z</time>
      </trkpt>
      <trkpt lat="50.492310" lon="5.033945">
        <ele>80.623128</ele>
        <time>2026-06-29T03:24:44.622Z</time>
      </trkpt>
      <trkpt lat="50.492093" lon="5.033381">
        <ele>80.502458</ele>
        <time>2026-06-29T03:24:50.590Z</time>
      </trkpt>
      <trkpt lat="50.491884" lon="5.032879">
        <ele>80.392622</ele>
        <time>2026-06-29T03:24:55.865Z</time>
      </trkpt>
      <trkpt lat="50.491642" lon="5.032336">
        <ele>80.247586</ele>
        <time>2026-06-29T03:25:01.783Z</time>
      </trkpt>
      <trkpt lat="50.490680" lon="5.030136">
        <ele>79.867713</ele>
        <time>2026-06-29T03:25:24.776Z</time>
      </trkpt>
      <trkpt lat="50.490148" lon="5.028923">
        <ele>80.173508</ele>
        <time>2026-06-29T03:25:38.677Z</time>
      </trkpt>
      <trkpt lat="50.489803" lon="5.028136">
        <ele>80.461560</ele>
        <time>2026-06-29T03:25:50.087Z</time>
      </trkpt>
      <trkpt lat="50.489621" lon="5.027752">
        <ele>81.056795</ele>
        <time>2026-06-29T03:25:56.450Z</time>
      </trkpt>
      <trkpt lat="50.488119" lon="5.025689">
        <ele>85.040595</ele>
        <time>2026-06-29T03:26:43.646Z</time>
      </trkpt>
      <trkpt lat="50.487786" lon="5.025228">
        <ele>85.976683</ele>
        <time>2026-06-29T03:26:53.988Z</time>
      </trkpt>
      <trkpt lat="50.487323" lon="5.024586">
        <ele>87.279128</ele>
        <time>2026-06-29T03:27:08.867Z</time>
      </trkpt>
      <trkpt lat="50.486938" lon="5.024057">
        <ele>87.964088</ele>
        <time>2026-06-29T03:27:20.292Z</time>
      </trkpt>
      <trkpt lat="50.485961" lon="5.022676">
        <ele>89.166564</ele>
        <time>2026-06-29T03:27:45.159Z</time>
      </trkpt>
      <trkpt lat="50.485538" lon="5.022134">
        <ele>88.835500</ele>
        <time>2026-06-29T03:27:52.022Z</time>
      </trkpt>
      <trkpt lat="50.483919" lon="5.020236">
        <ele>86.193852</ele>
        <time>2026-06-29T03:28:15.153Z</time>
      </trkpt>
      <trkpt lat="50.483658" lon="5.019930">
        <ele>85.694571</ele>
        <time>2026-06-29T03:28:18.819Z</time>
      </trkpt>
      <trkpt lat="50.483736" lon="5.019768">
        <ele>85.496368</ele>
        <time>2026-06-29T03:28:20.260Z</time>
      </trkpt>
      <trkpt lat="50.483774" lon="5.019698">
        <ele>85.406596</ele>
        <time>2026-06-29T03:28:21.116Z</time>
      </trkpt>
      <trkpt lat="50.483736" lon="5.019768">
        <ele>85.316824</ele>
        <time>2026-06-29T03:28:22.169Z</time>
      </trkpt>
      <trkpt lat="50.483658" lon="5.019930">
        <ele>85.118622</ele>
        <time>2026-06-29T03:28:23.590Z</time>
      </trkpt>
      <trkpt lat="50.483453" lon="5.019699">
        <ele>84.731848</ele>
        <time>2026-06-29T03:28:26.295Z</time>
      </trkpt>
      <trkpt lat="50.483124" lon="5.019327">
        <ele>84.492305</ele>
        <time>2026-06-29T03:28:30.903Z</time>
      </trkpt>
      <trkpt lat="50.482455" lon="5.018675">
        <ele>85.031664</ele>
        <time>2026-06-29T03:28:45.061Z</time>
      </trkpt>
      <trkpt lat="50.481348" lon="5.017741">
        <ele>86.182928</ele>
        <time>2026-06-29T03:29:11.217Z</time>
      </trkpt>
      <trkpt lat="50.480626" lon="5.017141">
        <ele>87.311068</ele>
        <time>2026-06-29T03:29:30.061Z</time>
      </trkpt>
      <trkpt lat="50.480511" lon="5.017047">
        <ele>87.490118</ele>
        <time>2026-06-29T03:29:32.263Z</time>
      </trkpt>
      <trkpt lat="50.480058" lon="5.016676">
        <ele>88.058874</ele>
        <time>2026-06-29T03:29:40.495Z</time>
      </trkpt>
      <trkpt lat="50.479799" lon="5.016464">
        <ele>87.934374</ele>
        <time>2026-06-29T03:29:45.882Z</time>
      </trkpt>
      <trkpt lat="50.478887" lon="5.015717">
        <ele>87.495917</ele>
        <time>2026-06-29T03:30:02.332Z</time>
      </trkpt>
      <trkpt lat="50.477721" lon="5.014743">
        <ele>85.189213</ele>
        <time>2026-06-29T03:30:15.961Z</time>
      </trkpt>
      <trkpt lat="50.477347" lon="5.014457">
        <ele>84.221861</ele>
        <time>2026-06-29T03:30:20.384Z</time>
      </trkpt>
      <trkpt lat="50.476966" lon="5.014131">
        <ele>83.212909</ele>
        <time>2026-06-29T03:30:25.161Z</time>
      </trkpt>
      <trkpt lat="50.476737" lon="5.013935">
        <ele>82.917361</ele>
        <time>2026-06-29T03:30:28.104Z</time>
      </trkpt>
      <trkpt lat="50.476647" lon="5.013858">
        <ele>82.817608</ele>
        <time>2026-06-29T03:30:29.282Z</time>
      </trkpt>
      <trkpt lat="50.475796" lon="5.013131">
        <ele>81.874704</ele>
        <time>2026-06-29T03:30:41.640Z</time>
      </trkpt>
      <trkpt lat="50.475561" lon="5.012878">
        <ele>81.597404</ele>
        <time>2026-06-29T03:30:44.985Z</time>
      </trkpt>
      <trkpt lat="50.474755" lon="5.011868">
        <ele>82.946311</ele>
        <time>2026-06-29T03:30:59.284Z</time>
      </trkpt>
      <trkpt lat="50.474637" lon="5.011675">
        <ele>83.270232</ele>
        <time>2026-06-29T03:31:03.139Z</time>
      </trkpt>
      <trkpt lat="50.473681" lon="5.010495">
        <ele>86.044920</ele>
        <time>2026-06-29T03:31:41.326Z</time>
      </trkpt>
      <trkpt lat="50.473516" lon="5.010276">
        <ele>86.702112</ele>
        <time>2026-06-29T03:31:49.205Z</time>
      </trkpt>
      <trkpt lat="50.473417" lon="5.010146">
        <ele>87.094684</ele>
        <time>2026-06-29T03:31:53.608Z</time>
      </trkpt>
      <trkpt lat="50.473319" lon="5.010017">
        <ele>87.483681</ele>
        <time>2026-06-29T03:31:57.451Z</time>
      </trkpt>
      <trkpt lat="50.473175" lon="5.009826">
        <ele>88.057073</ele>
        <time>2026-06-29T03:32:02.572Z</time>
      </trkpt>
      <trkpt lat="50.472626" lon="5.009010">
        <ele>90.336506</ele>
        <time>2026-06-29T03:32:15.369Z</time>
      </trkpt>
      <trkpt lat="50.472200" lon="5.008379">
        <ele>91.628736</ele>
        <time>2026-06-29T03:32:32.161Z</time>
      </trkpt>
      <trkpt lat="50.471931" lon="5.007978">
        <ele>92.447188</ele>
        <time>2026-06-29T03:32:42.685Z</time>
      </trkpt>
      <trkpt lat="50.471808" lon="5.007793">
        <ele>92.823017</ele>
        <time>2026-06-29T03:32:47.260Z</time>
      </trkpt>
      <trkpt lat="50.471540" lon="5.007388">
        <ele>93.643758</ele>
        <time>2026-06-29T03:32:57.592Z</time>
      </trkpt>
      <trkpt lat="50.469367" lon="5.004121">
        <ele>95.304652</ele>
        <time>2026-06-29T03:33:39.395Z</time>
      </trkpt>
      <trkpt lat="50.469099" lon="5.003594">
        <ele>95.837092</ele>
        <time>2026-06-29T03:33:48.698Z</time>
      </trkpt>
      <trkpt lat="50.468404" lon="5.001585">
        <ele>100.464172</ele>
        <time>2026-06-29T03:34:32.347Z</time>
      </trkpt>
      <trkpt lat="50.467865" lon="5.000024">
        <ele>104.742680</ele>
        <time>2026-06-29T03:35:09.611Z</time>
      </trkpt>
      <trkpt lat="50.467567" lon="4.999160">
        <ele>106.796463</ele>
        <time>2026-06-29T03:35:29.149Z</time>
      </trkpt>
      <trkpt lat="50.467383" lon="4.998501">
        <ele>108.300432</ele>
        <time>2026-06-29T03:35:43.318Z</time>
      </trkpt>
      <trkpt lat="50.467170" lon="4.997455">
        <ele>107.521879</ele>
        <time>2026-06-29T03:35:58.357Z</time>
      </trkpt>
      <trkpt lat="50.466975" lon="4.996435">
        <ele>103.516401</ele>
        <time>2026-06-29T03:36:04.771Z</time>
      </trkpt>
      <trkpt lat="50.466895" lon="4.996002">
        <ele>101.820683</ele>
        <time>2026-06-29T03:36:07.270Z</time>
      </trkpt>
      <trkpt lat="50.466907" lon="4.995839">
        <ele>101.203556</ele>
        <time>2026-06-29T03:36:08.166Z</time>
      </trkpt>
      <trkpt lat="50.466870" lon="4.995420">
        <ele>99.612612</ele>
        <time>2026-06-29T03:36:10.451Z</time>
      </trkpt>
      <trkpt lat="50.466845" lon="4.994937">
        <ele>97.919730</ele>
        <time>2026-06-29T03:36:13.041Z</time>
      </trkpt>
      <trkpt lat="50.466856" lon="4.994526">
        <ele>96.558331</ele>
        <time>2026-06-29T03:36:15.237Z</time>
      </trkpt>
      <trkpt lat="50.466895" lon="4.994023">
        <ele>94.881357</ele>
        <time>2026-06-29T03:36:18.001Z</time>
      </trkpt>
      <trkpt lat="50.466939" lon="4.993647">
        <ele>93.616138</ele>
        <time>2026-06-29T03:36:20.222Z</time>
      </trkpt>
      <trkpt lat="50.466949" lon="4.993563">
        <ele>93.333322</ele>
        <time>2026-06-29T03:36:20.735Z</time>
      </trkpt>
      <trkpt lat="50.467003" lon="4.993087">
        <ele>91.733187</ele>
        <time>2026-06-29T03:36:24.015Z</time>
      </trkpt>
      <trkpt lat="50.467055" lon="4.992621">
        <ele>90.167454</ele>
        <time>2026-06-29T03:36:29.860Z</time>
      </trkpt>
      <trkpt lat="50.467070" lon="4.992481">
        <ele>89.697611</ele>
        <time>2026-06-29T03:36:32.400Z</time>
      </trkpt>
      <trkpt lat="50.467102" lon="4.992195">
        <ele>90.258241</ele>
        <time>2026-06-29T03:36:38.239Z</time>
      </trkpt>
      <trkpt lat="50.467118" lon="4.992058">
        <ele>90.694333</ele>
        <time>2026-06-29T03:36:42.112Z</time>
      </trkpt>
      <trkpt lat="50.467174" lon="4.991566">
        <ele>92.259164</ele>
        <time>2026-06-29T03:36:55.557Z</time>
      </trkpt>
      <trkpt lat="50.467247" lon="4.990913">
        <ele>94.334923</ele>
        <time>2026-06-29T03:37:16.711Z</time>
      </trkpt>
      <trkpt lat="50.467309" lon="4.990553">
        <ele>95.502568</ele>
        <time>2026-06-29T03:37:28.367Z</time>
      </trkpt>
      <trkpt lat="50.467302" lon="4.990377">
        <ele>96.054677</ele>
        <time>2026-06-29T03:37:33.143Z</time>
      </trkpt>
      <trkpt lat="50.467425" lon="4.989906">
        <ele>97.648604</ele>
        <time>2026-06-29T03:37:42.540Z</time>
      </trkpt>
      <trkpt lat="50.467663" lon="4.989238">
        <ele>97.225692</ele>
        <time>2026-06-29T03:37:50.329Z</time>
      </trkpt>
      <trkpt lat="50.467959" lon="4.988652">
        <ele>95.636270</ele>
        <time>2026-06-29T03:37:55.236Z</time>
      </trkpt>
      <trkpt lat="50.468272" lon="4.988049">
        <ele>93.983143</ele>
        <time>2026-06-29T03:37:59.822Z</time>
      </trkpt>
      <trkpt lat="50.468788" lon="4.987052">
        <ele>91.772475</ele>
        <time>2026-06-29T03:38:07.215Z</time>
      </trkpt>
      <trkpt lat="50.469116" lon="4.986418">
        <ele>90.849769</ele>
        <time>2026-06-29T03:38:12.717Z</time>
      </trkpt>
      <trkpt lat="50.469387" lon="4.985896">
        <ele>90.089011</ele>
        <time>2026-06-29T03:38:18.472Z</time>
      </trkpt>
      <trkpt lat="50.469428" lon="4.985817">
        <ele>89.973892</ele>
        <time>2026-06-29T03:38:19.456Z</time>
      </trkpt>
      <trkpt lat="50.469614" lon="4.985457">
        <ele>89.450237</ele>
        <time>2026-06-29T03:38:25.026Z</time>
      </trkpt>
      <trkpt lat="50.469761" lon="4.985173">
        <ele>89.178430</ele>
        <time>2026-06-29T03:38:30.670Z</time>
      </trkpt>
      <trkpt lat="50.470235" lon="4.984335">
        <ele>89.253622</ele>
        <time>2026-06-29T03:38:46.536Z</time>
      </trkpt>
      <trkpt lat="50.470567" lon="4.983818">
        <ele>89.302880</ele>
        <time>2026-06-29T03:38:53.194Z</time>
      </trkpt>
      <trkpt lat="50.470623" lon="4.983746">
        <ele>89.310505</ele>
        <time>2026-06-29T03:38:54.042Z</time>
      </trkpt>
      <trkpt lat="50.471187" lon="4.982938">
        <ele>88.571082</ele>
        <time>2026-06-29T03:39:02.761Z</time>
      </trkpt>
      <trkpt lat="50.473008" lon="4.980325">
        <ele>83.211259</ele>
        <time>2026-06-29T03:39:27.946Z</time>
      </trkpt>
      <trkpt lat="50.474343" lon="4.978419">
        <ele>83.062714</ele>
        <time>2026-06-29T03:39:58.685Z</time>
      </trkpt>
      <trkpt lat="50.475145" lon="4.977268">
        <ele>84.254949</ele>
        <time>2026-06-29T03:40:21.591Z</time>
      </trkpt>
      <trkpt lat="50.475417" lon="4.976822">
        <ele>84.774457</ele>
        <time>2026-06-29T03:40:30.095Z</time>
      </trkpt>
      <trkpt lat="50.475619" lon="4.976429">
        <ele>85.199303</ele>
        <time>2026-06-29T03:40:36.644Z</time>
      </trkpt>
      <trkpt lat="50.475835" lon="4.975932">
        <ele>85.705442</ele>
        <time>2026-06-29T03:40:43.974Z</time>
      </trkpt>
      <trkpt lat="50.476347" lon="4.974628">
        <ele>86.613811</ele>
        <time>2026-06-29T03:41:02.632Z</time>
      </trkpt>
      <trkpt lat="50.476543" lon="4.974128">
        <ele>86.838345</ele>
        <time>2026-06-29T03:41:09.657Z</time>
      </trkpt>
      <trkpt lat="50.476710" lon="4.973674">
        <ele>87.038844</ele>
        <time>2026-06-29T03:41:15.478Z</time>
      </trkpt>
      <trkpt lat="50.477008" lon="4.972847">
        <ele>87.386479</ele>
        <time>2026-06-29T03:41:24.779Z</time>
      </trkpt>
      <trkpt lat="50.477365" lon="4.971604">
        <ele>87.576117</ele>
        <time>2026-06-29T03:41:36.339Z</time>
      </trkpt>
      <trkpt lat="50.478271" lon="4.968358">
        <ele>90.260918</ele>
        <time>2026-06-29T03:42:16.311Z</time>
      </trkpt>
      <trkpt lat="50.478456" lon="4.967394">
        <ele>91.732901</ele>
        <time>2026-06-29T03:42:37.507Z</time>
      </trkpt>
      <trkpt lat="50.478541" lon="4.966566">
        <ele>93.485111</ele>
        <time>2026-06-29T03:42:56.387Z</time>
      </trkpt>
      <trkpt lat="50.478611" lon="4.965580">
        <ele>95.557824</ele>
        <time>2026-06-29T03:43:15.506Z</time>
      </trkpt>
      <trkpt lat="50.478897" lon="4.961029">
        <ele>98.285331</ele>
        <time>2026-06-29T03:44:05.986Z</time>
      </trkpt>
      <trkpt lat="50.479139" lon="4.956898">
        <ele>97.403021</ele>
        <time>2026-06-29T03:44:42.190Z</time>
      </trkpt>
      <trkpt lat="50.479222" lon="4.955430">
        <ele>95.578575</ele>
        <time>2026-06-29T03:44:52.957Z</time>
      </trkpt>
      <trkpt lat="50.479349" lon="4.953081">
        <ele>92.555040</ele>
        <time>2026-06-29T03:45:08.020Z</time>
      </trkpt>
      <trkpt lat="50.479351" lon="4.952279">
        <ele>92.275228</ele>
        <time>2026-06-29T03:45:14.371Z</time>
      </trkpt>
      <trkpt lat="50.479135" lon="4.950349">
        <ele>91.652034</ele>
        <time>2026-06-29T03:45:38.642Z</time>
      </trkpt>
      <trkpt lat="50.478932" lon="4.948468">
        <ele>91.211116</ele>
        <time>2026-06-29T03:45:54.261Z</time>
      </trkpt>
      <trkpt lat="50.478801" lon="4.947365">
        <ele>90.959047</ele>
        <time>2026-06-29T03:46:02.579Z</time>
      </trkpt>
      <trkpt lat="50.478599" lon="4.946095">
        <ele>90.669734</ele>
        <time>2026-06-29T03:46:14.066Z</time>
      </trkpt>
      <trkpt lat="50.478380" lon="4.945173">
        <ele>90.491072</ele>
        <time>2026-06-29T03:46:24.565Z</time>
      </trkpt>
      <trkpt lat="50.477712" lon="4.942625">
        <ele>90.526810</ele>
        <time>2026-06-29T03:46:50.539Z</time>
      </trkpt>
      <trkpt lat="50.477541" lon="4.942107">
        <ele>90.843972</ele>
        <time>2026-06-29T03:46:55.304Z</time>
      </trkpt>
      <trkpt lat="50.477328" lon="4.941595">
        <ele>91.176433</ele>
        <time>2026-06-29T03:47:00.415Z</time>
      </trkpt>
      <trkpt lat="50.473277" lon="4.934523">
        <ele>96.794564</ele>
        <time>2026-06-29T03:48:56.720Z</time>
      </trkpt>
      <trkpt lat="50.472889" lon="4.933895">
        <ele>97.215795</ele>
        <time>2026-06-29T03:49:09.090Z</time>
      </trkpt>
      <trkpt lat="50.470124" lon="4.929964">
        <ele>95.584288</ele>
        <time>2026-06-29T03:50:03.179Z</time>
      </trkpt>
      <trkpt lat="50.468477" lon="4.927558">
        <ele>86.033498</ele>
        <time>2026-06-29T03:50:24.260Z</time>
      </trkpt>
      <trkpt lat="50.467647" lon="4.926347">
        <ele>81.088031</ele>
        <time>2026-06-29T03:50:34.873Z</time>
      </trkpt>
      <trkpt lat="50.466817" lon="4.925135">
        <ele>79.503597</ele>
        <time>2026-06-29T03:50:47.931Z</time>
      </trkpt>
      <trkpt lat="50.466615" lon="4.924807">
        <ele>79.097399</ele>
        <time>2026-06-29T03:50:53.007Z</time>
      </trkpt>
      <trkpt lat="50.466304" lon="4.924321">
        <ele>79.409781</ele>
        <time>2026-06-29T03:51:01.055Z</time>
      </trkpt>
      <trkpt lat="50.466039" lon="4.923889">
        <ele>80.411789</ele>
        <time>2026-06-29T03:51:09.138Z</time>
      </trkpt>
      <trkpt lat="50.465974" lon="4.923787">
        <ele>80.652844</ele>
        <time>2026-06-29T03:51:11.178Z</time>
      </trkpt>
      <trkpt lat="50.465880" lon="4.923631">
        <ele>81.011611</ele>
        <time>2026-06-29T03:51:14.158Z</time>
      </trkpt>
      <trkpt lat="50.465719" lon="4.923363">
        <ele>81.627076</ele>
        <time>2026-06-29T03:51:19.445Z</time>
      </trkpt>
      <trkpt lat="50.465522" lon="4.922864">
        <ele>82.607765</ele>
        <time>2026-06-29T03:51:30.007Z</time>
      </trkpt>
      <trkpt lat="50.465279" lon="4.922094">
        <ele>84.408586</ele>
        <time>2026-06-29T03:51:49.063Z</time>
      </trkpt>
      <trkpt lat="50.465181" lon="4.921749">
        <ele>85.484683</ele>
        <time>2026-06-29T03:51:58.808Z</time>
      </trkpt>
      <trkpt lat="50.464712" lon="4.919981">
        <ele>90.940437</ele>
        <time>2026-06-29T03:52:43.281Z</time>
      </trkpt>
      <trkpt lat="50.463846" lon="4.916484">
        <ele>93.106966</ele>
        <time>2026-06-29T03:53:20.056Z</time>
      </trkpt>
      <trkpt lat="50.463710" lon="4.915716">
        <ele>93.563648</ele>
        <time>2026-06-29T03:53:29.811Z</time>
      </trkpt>
      <trkpt lat="50.463580" lon="4.914601">
        <ele>94.213041</ele>
        <time>2026-06-29T03:53:45.908Z</time>
      </trkpt>
      <trkpt lat="50.463541" lon="4.913419">
        <ele>92.817848</ele>
        <time>2026-06-29T03:53:58.314Z</time>
      </trkpt>
      <trkpt lat="50.463738" lon="4.908487">
        <ele>83.321296</ele>
        <time>2026-06-29T03:54:28.837Z</time>
      </trkpt>
      <trkpt lat="50.463767" lon="4.907507">
        <ele>83.731191</ele>
        <time>2026-06-29T03:54:38.934Z</time>
      </trkpt>
      <trkpt lat="50.463777" lon="4.906920">
        <ele>83.976532</ele>
        <time>2026-06-29T03:54:48.784Z</time>
      </trkpt>
      <trkpt lat="50.463809" lon="4.905527">
        <ele>84.550172</ele>
        <time>2026-06-29T03:55:10.156Z</time>
      </trkpt>
      <trkpt lat="50.463852" lon="4.904379">
        <ele>85.006724</ele>
        <time>2026-06-29T03:55:24.631Z</time>
      </trkpt>
      <trkpt lat="50.463886" lon="4.903545">
        <ele>85.338505</ele>
        <time>2026-06-29T03:55:31.320Z</time>
      </trkpt>
      <trkpt lat="50.463982" lon="4.901396">
        <ele>85.422347</ele>
        <time>2026-06-29T03:55:49.499Z</time>
      </trkpt>
      <trkpt lat="50.464061" lon="4.900355">
        <ele>85.372398</ele>
        <time>2026-06-29T03:56:01.198Z</time>
      </trkpt>
      <trkpt lat="50.464101" lon="4.899800">
        <ele>85.572210</ele>
        <time>2026-06-29T03:56:06.427Z</time>
      </trkpt>
      <trkpt lat="50.464154" lon="4.898682">
        <ele>86.010489</ele>
        <time>2026-06-29T03:56:20.536Z</time>
      </trkpt>
      <trkpt lat="50.464168" lon="4.898559">
        <ele>86.059336</ele>
        <time>2026-06-29T03:56:22.448Z</time>
      </trkpt>
      <trkpt lat="50.464254" lon="4.898358">
        <ele>86.154015</ele>
        <time>2026-06-29T03:56:25.497Z</time>
      </trkpt>
      <trkpt lat="50.464284" lon="4.898343">
        <ele>86.173350</ele>
        <time>2026-06-29T03:56:25.877Z</time>
      </trkpt>
      <trkpt lat="50.464343" lon="4.898242">
        <ele>86.226941</ele>
        <time>2026-06-29T03:56:27.532Z</time>
      </trkpt>
      <trkpt lat="50.464332" lon="4.898079">
        <ele>86.291020</ele>
        <time>2026-06-29T03:56:29.131Z</time>
      </trkpt>
      <trkpt lat="50.464278" lon="4.898009">
        <ele>86.334017</ele>
        <time>2026-06-29T03:56:30.351Z</time>
      </trkpt>
      <trkpt lat="50.464227" lon="4.897768">
        <ele>86.433302</ele>
        <time>2026-06-29T03:56:33.481Z</time>
      </trkpt>
      <trkpt lat="50.464219" lon="4.897600">
        <ele>86.496937</ele>
        <time>2026-06-29T03:56:35.336Z</time>
      </trkpt>
      <trkpt lat="50.464209" lon="4.897313">
        <ele>86.598954</ele>
        <time>2026-06-29T03:56:38.584Z</time>
      </trkpt>
      <trkpt lat="50.464234" lon="4.896598">
        <ele>86.853110</ele>
        <time>2026-06-29T03:56:46.956Z</time>
      </trkpt>
      <trkpt lat="50.464244" lon="4.896385">
        <ele>86.928915</ele>
        <time>2026-06-29T03:56:49.741Z</time>
      </trkpt>
      <trkpt lat="50.464293" lon="4.895353">
        <ele>87.296218</ele>
        <time>2026-06-29T03:57:02.305Z</time>
      </trkpt>
      <trkpt lat="50.464317" lon="4.894400">
        <ele>87.213905</ele>
        <time>2026-06-29T03:57:14.622Z</time>
      </trkpt>
      <trkpt lat="50.464299" lon="4.893686">
        <ele>86.787094</ele>
        <time>2026-06-29T03:57:22.341Z</time>
      </trkpt>
      <trkpt lat="50.464285" lon="4.893353">
        <ele>86.587758</ele>
        <time>2026-06-29T03:57:25.519Z</time>
      </trkpt>
      <trkpt lat="50.464225" lon="4.891907">
        <ele>85.610399</ele>
        <time>2026-06-29T03:57:35.194Z</time>
      </trkpt>
      <trkpt lat="50.464130" lon="4.889936">
        <ele>82.486036</ele>
        <time>2026-06-29T03:57:47.890Z</time>
      </trkpt>
      <trkpt lat="50.464012" lon="4.888443">
        <ele>81.177325</ele>
        <time>2026-06-29T03:57:59.625Z</time>
      </trkpt>
      <trkpt lat="50.463944" lon="4.887627">
        <ele>81.020478</ele>
        <time>2026-06-29T03:58:07.535Z</time>
      </trkpt>
      <trkpt lat="50.463929" lon="4.887453">
        <ele>80.987013</ele>
        <time>2026-06-29T03:58:09.294Z</time>
      </trkpt>
      <trkpt lat="50.463914" lon="4.887288">
        <ele>80.955247</ele>
        <time>2026-06-29T03:58:10.991Z</time>
      </trkpt>
      <trkpt lat="50.463900" lon="4.887102">
        <ele>80.919551</ele>
        <time>2026-06-29T03:58:12.896Z</time>
      </trkpt>
      <trkpt lat="50.463828" lon="4.886437">
        <ele>80.790990</ele>
        <time>2026-06-29T03:58:19.680Z</time>
      </trkpt>
      <trkpt lat="50.463719" lon="4.885241">
        <ele>80.542215</ele>
        <time>2026-06-29T03:58:30.383Z</time>
      </trkpt>
      <trkpt lat="50.463654" lon="4.884539">
        <ele>80.395878</ele>
        <time>2026-06-29T03:58:36.369Z</time>
      </trkpt>
      <trkpt lat="50.463555" lon="4.883443">
        <ele>80.205684</ele>
        <time>2026-06-29T03:58:45.565Z</time>
      </trkpt>
      <trkpt lat="50.463460" lon="4.882779">
        <ele>80.218243</ele>
        <time>2026-06-29T03:58:51.522Z</time>
      </trkpt>
      <trkpt lat="50.463431" lon="4.882637">
        <ele>80.220994</ele>
        <time>2026-06-29T03:58:52.990Z</time>
      </trkpt>
      <trkpt lat="50.463290" lon="4.882039">
        <ele>80.232762</ele>
        <time>2026-06-29T03:58:59.744Z</time>
      </trkpt>
      <trkpt lat="50.463117" lon="4.881567">
        <ele>80.242813</ele>
        <time>2026-06-29T03:59:05.846Z</time>
      </trkpt>
      <trkpt lat="50.462760" lon="4.880734">
        <ele>80.209108</ele>
        <time>2026-06-29T03:59:15.225Z</time>
      </trkpt>
      <trkpt lat="50.462518" lon="4.880283">
        <ele>80.134531</ele>
        <time>2026-06-29T03:59:20.282Z</time>
      </trkpt>
      <trkpt lat="50.461968" lon="4.879148">
        <ele>79.954179</ele>
        <time>2026-06-29T03:59:32.617Z</time>
      </trkpt>
      <trkpt lat="50.461543" lon="4.878235">
        <ele>79.899297</ele>
        <time>2026-06-29T03:59:42.929Z</time>
      </trkpt>
      <trkpt lat="50.461127" lon="4.877373">
        <ele>79.902222</ele>
        <time>2026-06-29T03:59:53.891Z</time>
      </trkpt>
      <trkpt lat="50.461093" lon="4.877241">
        <ele>79.902607</ele>
        <time>2026-06-29T03:59:55.348Z</time>
      </trkpt>
      <trkpt lat="50.461054" lon="4.877041">
        <ele>79.903173</ele>
        <time>2026-06-29T03:59:57.346Z</time>
      </trkpt>
      <trkpt lat="50.461073" lon="4.876894">
        <ele>79.903578</ele>
        <time>2026-06-29T03:59:58.731Z</time>
      </trkpt>
      <trkpt lat="50.461059" lon="4.876759">
        <ele>79.903948</ele>
        <time>2026-06-29T04:00:00.041Z</time>
      </trkpt>
      <trkpt lat="50.461015" lon="4.876640">
        <ele>79.904320</ele>
        <time>2026-06-29T04:00:01.272Z</time>
      </trkpt>
      <trkpt lat="50.460948" lon="4.876552">
        <ele>79.904691</ele>
        <time>2026-06-29T04:00:02.528Z</time>
      </trkpt>
      <trkpt lat="50.460811" lon="4.876501">
        <ele>79.919439</ele>
        <time>2026-06-29T04:00:04.557Z</time>
      </trkpt>
      <trkpt lat="50.460742" lon="4.876524">
        <ele>79.941211</ele>
        <time>2026-06-29T04:00:05.558Z</time>
      </trkpt>
      <trkpt lat="50.460495" lon="4.876456">
        <ele>80.018614</ele>
        <time>2026-06-29T04:00:09.068Z</time>
      </trkpt>
      <trkpt lat="50.460437" lon="4.876437">
        <ele>80.036902</ele>
        <time>2026-06-29T04:00:09.893Z</time>
      </trkpt>
      <trkpt lat="50.459771" lon="4.875710">
        <ele>80.287238</ele>
        <time>2026-06-29T04:00:21.997Z</time>
      </trkpt>
      <trkpt lat="50.459683" lon="4.875617">
        <ele>80.319976</ele>
        <time>2026-06-29T04:00:23.816Z</time>
      </trkpt>
      <trkpt lat="50.458298" lon="4.874026">
        <ele>81.650513</ele>
        <time>2026-06-29T04:00:56.906Z</time>
      </trkpt>
      <trkpt lat="50.457616" lon="4.873287">
        <ele>82.174963</ele>
        <time>2026-06-29T04:01:11.862Z</time>
      </trkpt>
      <trkpt lat="50.457434" lon="4.873081">
        <ele>82.188377</ele>
        <time>2026-06-29T04:01:15.355Z</time>
      </trkpt>
      <trkpt lat="50.456922" lon="4.872515">
        <ele>82.225816</ele>
        <time>2026-06-29T04:01:24.334Z</time>
      </trkpt>
      <trkpt lat="50.456336" lon="4.871888">
        <ele>82.260704</ele>
        <time>2026-06-29T04:01:33.928Z</time>
      </trkpt>
      <trkpt lat="50.456103" lon="4.871636">
        <ele>82.236794</ele>
        <time>2026-06-29T04:01:37.903Z</time>
      </trkpt>
      <trkpt lat="50.455844" lon="4.871411">
        <ele>82.211779</ele>
        <time>2026-06-29T04:01:42.253Z</time>
      </trkpt>
      <trkpt lat="50.455481" lon="4.871087">
        <ele>82.176492</ele>
        <time>2026-06-29T04:01:48.931Z</time>
      </trkpt>
      <trkpt lat="50.454652" lon="4.870521">
        <ele>82.026266</ele>
        <time>2026-06-29T04:02:02.358Z</time>
      </trkpt>
      <trkpt lat="50.454141" lon="4.870172">
        <ele>81.711575</ele>
        <time>2026-06-29T04:02:09.604Z</time>
      </trkpt>
      <trkpt lat="50.453535" lon="4.869787">
        <ele>81.342398</ele>
        <time>2026-06-29T04:02:17.884Z</time>
      </trkpt>
      <trkpt lat="50.452728" lon="4.869258">
        <ele>81.035532</ele>
        <time>2026-06-29T04:02:28.865Z</time>
      </trkpt>
      <trkpt lat="50.452353" lon="4.869060">
        <ele>80.980052</ele>
        <time>2026-06-29T04:02:34.626Z</time>
      </trkpt>
      <trkpt lat="50.451936" lon="4.868827">
        <ele>80.917982</ele>
        <time>2026-06-29T04:02:41.227Z</time>
      </trkpt>
      <trkpt lat="50.451414" lon="4.868531">
        <ele>80.859036</ele>
        <time>2026-06-29T04:02:49.687Z</time>
      </trkpt>
      <trkpt lat="50.451151" lon="4.868377">
        <ele>80.970885</ele>
        <time>2026-06-29T04:02:54.350Z</time>
      </trkpt>
      <trkpt lat="50.451090" lon="4.868339">
        <ele>80.997035</ele>
        <time>2026-06-29T04:02:55.484Z</time>
      </trkpt>
      <trkpt lat="50.450656" lon="4.868109">
        <ele>81.179559</ele>
        <time>2026-06-29T04:03:03.712Z</time>
      </trkpt>
      <trkpt lat="50.450027" lon="4.867977">
        <ele>81.432435</ele>
        <time>2026-06-29T04:03:14.258Z</time>
      </trkpt>
      <trkpt lat="50.449878" lon="4.867980">
        <ele>81.491815</ele>
        <time>2026-06-29T04:03:16.625Z</time>
      </trkpt>
      <trkpt lat="50.448683" lon="4.867866">
        <ele>81.640097</ele>
        <time>2026-06-29T04:03:34.892Z</time>
      </trkpt>
      <trkpt lat="50.447727" lon="4.867752">
        <ele>81.694898</ele>
        <time>2026-06-29T04:03:48.928Z</time>
      </trkpt>
      <trkpt lat="50.447289" lon="4.867665">
        <ele>81.683345</ele>
        <time>2026-06-29T04:03:55.503Z</time>
      </trkpt>
      <trkpt lat="50.446489" lon="4.867499">
        <ele>81.662228</ele>
        <time>2026-06-29T04:04:07.657Z</time>
      </trkpt>
      <trkpt lat="50.445659" lon="4.867484">
        <ele>81.593969</ele>
        <time>2026-06-29T04:04:19.349Z</time>
      </trkpt>
      <trkpt lat="50.444822" lon="4.867473">
        <ele>81.487663</ele>
        <time>2026-06-29T04:04:31.859Z</time>
      </trkpt>
      <trkpt lat="50.444052" lon="4.867452">
        <ele>81.371848</ele>
        <time>2026-06-29T04:04:42.489Z</time>
      </trkpt>
      <trkpt lat="50.443733" lon="4.867443">
        <ele>81.310049</ele>
        <time>2026-06-29T04:04:46.905Z</time>
      </trkpt>
      <trkpt lat="50.443333" lon="4.867387">
        <ele>81.232264</ele>
        <time>2026-06-29T04:04:52.661Z</time>
      </trkpt>
      <trkpt lat="50.443163" lon="4.867539">
        <ele>81.194372</ele>
        <time>2026-06-29T04:04:55.504Z</time>
      </trkpt>
      <trkpt lat="50.442917" lon="4.867640">
        <ele>81.145122</ele>
        <time>2026-06-29T04:04:59.123Z</time>
      </trkpt>
      <trkpt lat="50.442867" lon="4.867655">
        <ele>81.135262</ele>
        <time>2026-06-29T04:04:59.866Z</time>
      </trkpt>
      <trkpt lat="50.442496" lon="4.867482">
        <ele>81.073899</ele>
        <time>2026-06-29T04:05:05.198Z</time>
      </trkpt>
      <trkpt lat="50.442000" lon="4.867370">
        <ele>81.062196</ele>
        <time>2026-06-29T04:05:12.375Z</time>
      </trkpt>
      <trkpt lat="50.441197" lon="4.867357">
        <ele>81.043440</ele>
        <time>2026-06-29T04:05:24.417Z</time>
      </trkpt>
      <trkpt lat="50.439781" lon="4.867155">
        <ele>82.293064</ele>
        <time>2026-06-29T04:05:46.098Z</time>
      </trkpt>
      <trkpt lat="50.439497" lon="4.867142">
        <ele>82.648311</ele>
        <time>2026-06-29T04:05:51.948Z</time>
      </trkpt>
      <trkpt lat="50.439093" lon="4.867192">
        <ele>83.155015</ele>
        <time>2026-06-29T04:06:02.150Z</time>
      </trkpt>
      <trkpt lat="50.438646" lon="4.867377">
        <ele>84.536257</ele>
        <time>2026-06-29T04:06:15.979Z</time>
      </trkpt>
      <trkpt lat="50.438367" lon="4.867544">
        <ele>85.575493</ele>
        <time>2026-06-29T04:06:25.523Z</time>
      </trkpt>
      <trkpt lat="50.438005" lon="4.867691">
        <ele>86.876897</ele>
        <time>2026-06-29T04:06:37.802Z</time>
      </trkpt>
      <trkpt lat="50.437490" lon="4.867636">
        <ele>88.673504</ele>
        <time>2026-06-29T04:06:53.516Z</time>
      </trkpt>
      <trkpt lat="50.437075" lon="4.867590">
        <ele>89.658117</ele>
        <time>2026-06-29T04:07:04.227Z</time>
      </trkpt>
      <trkpt lat="50.435638" lon="4.867645">
        <ele>90.654555</ele>
        <time>2026-06-29T04:07:28.459Z</time>
      </trkpt>
      <trkpt lat="50.435299" lon="4.867663">
        <ele>90.548439</ele>
        <time>2026-06-29T04:07:32.984Z</time>
      </trkpt>
      <trkpt lat="50.434179" lon="4.867746">
        <ele>88.672812</ele>
        <time>2026-06-29T04:07:45.866Z</time>
      </trkpt>
      <trkpt lat="50.433025" lon="4.867905">
        <ele>86.738161</ele>
        <time>2026-06-29T04:07:57.863Z</time>
      </trkpt>
      <trkpt lat="50.432851" lon="4.867940">
        <ele>86.445607</ele>
        <time>2026-06-29T04:07:59.708Z</time>
      </trkpt>
      <trkpt lat="50.432569" lon="4.867996">
        <ele>85.971566</ele>
        <time>2026-06-29T04:08:02.813Z</time>
      </trkpt>
      <trkpt lat="50.432232" lon="4.868083">
        <ele>85.401999</ele>
        <time>2026-06-29T04:08:06.818Z</time>
      </trkpt>
      <trkpt lat="50.431570" lon="4.868326">
        <ele>84.923568</ele>
        <time>2026-06-29T04:08:16.616Z</time>
      </trkpt>
      <trkpt lat="50.430876" lon="4.868672">
        <ele>85.260230</ele>
        <time>2026-06-29T04:08:31.373Z</time>
      </trkpt>
      <trkpt lat="50.430700" lon="4.868794">
        <ele>85.349183</ele>
        <time>2026-06-29T04:08:34.545Z</time>
      </trkpt>
      <trkpt lat="50.430166" lon="4.869350">
        <ele>85.590734</ele>
        <time>2026-06-29T04:08:44.559Z</time>
      </trkpt>
      <trkpt lat="50.429978" lon="4.869507">
        <ele>85.523615</ele>
        <time>2026-06-29T04:08:47.737Z</time>
      </trkpt>
      <trkpt lat="50.429881" lon="4.869562">
        <ele>85.491108</ele>
        <time>2026-06-29T04:08:49.183Z</time>
      </trkpt>
      <trkpt lat="50.429426" lon="4.869785">
        <ele>85.340869</ele>
        <time>2026-06-29T04:08:55.667Z</time>
      </trkpt>
      <trkpt lat="50.429016" lon="4.870070">
        <ele>85.199538</ele>
        <time>2026-06-29T04:09:01.140Z</time>
      </trkpt>
      <trkpt lat="50.428783" lon="4.870298">
        <ele>85.112998</ele>
        <time>2026-06-29T04:09:04.791Z</time>
      </trkpt>
      <trkpt lat="50.428190" lon="4.871018">
        <ele>85.213092</ele>
        <time>2026-06-29T04:09:16.202Z</time>
      </trkpt>
      <trkpt lat="50.427617" lon="4.871560">
        <ele>85.421215</ele>
        <time>2026-06-29T04:09:27.919Z</time>
      </trkpt>
      <trkpt lat="50.427197" lon="4.871963">
        <ele>85.574354</ele>
        <time>2026-06-29T04:09:35.780Z</time>
      </trkpt>
      <trkpt lat="50.426964" lon="4.872268">
        <ele>85.743938</ele>
        <time>2026-06-29T04:09:40.552Z</time>
      </trkpt>
      <trkpt lat="50.426714" lon="4.872669">
        <ele>85.987485</ele>
        <time>2026-06-29T04:09:46.619Z</time>
      </trkpt>
      <trkpt lat="50.426470" lon="4.873128">
        <ele>86.246982</ele>
        <time>2026-06-29T04:09:53.415Z</time>
      </trkpt>
      <trkpt lat="50.426157" lon="4.873805">
        <ele>86.610087</ele>
        <time>2026-06-29T04:10:02.643Z</time>
      </trkpt>
      <trkpt lat="50.425723" lon="4.874930">
        <ele>86.970627</ele>
        <time>2026-06-29T04:10:18.681Z</time>
      </trkpt>
      <trkpt lat="50.424067" lon="4.879238">
        <ele>87.343977</ele>
        <time>2026-06-29T04:11:05.779Z</time>
      </trkpt>
      <trkpt lat="50.423586" lon="4.880414">
        <ele>87.712535</ele>
        <time>2026-06-29T04:11:20.380Z</time>
      </trkpt>
      <trkpt lat="50.423173" lon="4.881169">
        <ele>87.974976</ele>
        <time>2026-06-29T04:11:31.501Z</time>
      </trkpt>
      <trkpt lat="50.422578" lon="4.882012">
        <ele>87.845895</ele>
        <time>2026-06-29T04:11:45.036Z</time>
      </trkpt>
      <trkpt lat="50.421965" lon="4.882643">
        <ele>87.628713</ele>
        <time>2026-06-29T04:11:54.672Z</time>
      </trkpt>
      <trkpt lat="50.421157" lon="4.883246">
        <ele>86.764957</ele>
        <time>2026-06-29T04:12:05.506Z</time>
      </trkpt>
      <trkpt lat="50.420711" lon="4.883454">
        <ele>86.044431</ele>
        <time>2026-06-29T04:12:10.627Z</time>
      </trkpt>
      <trkpt lat="50.419683" lon="4.883931">
        <ele>84.603459</ele>
        <time>2026-06-29T04:12:22.553Z</time>
      </trkpt>
      <trkpt lat="50.419503" lon="4.884075">
        <ele>84.494898</ele>
        <time>2026-06-29T04:12:24.945Z</time>
      </trkpt>
      <trkpt lat="50.419354" lon="4.884206">
        <ele>84.403129</ele>
        <time>2026-06-29T04:12:27.036Z</time>
      </trkpt>
      <trkpt lat="50.418706" lon="4.884803">
        <ele>83.999375</ele>
        <time>2026-06-29T04:12:37.596Z</time>
      </trkpt>
      <trkpt lat="50.418555" lon="4.884942">
        <ele>83.905311</ele>
        <time>2026-06-29T04:12:40.539Z</time>
      </trkpt>
      <trkpt lat="50.416567" lon="4.886666">
        <ele>84.191427</ele>
        <time>2026-06-29T04:13:15.711Z</time>
      </trkpt>
      <trkpt lat="50.416285" lon="4.886913">
        <ele>84.406049</ele>
        <time>2026-06-29T04:13:20.685Z</time>
      </trkpt>
      <trkpt lat="50.416149" lon="4.887043">
        <ele>84.511877</ele>
        <time>2026-06-29T04:13:23.191Z</time>
      </trkpt>
      <trkpt lat="50.415519" lon="4.887497">
        <ele>84.972589</ele>
        <time>2026-06-29T04:13:34.801Z</time>
      </trkpt>
      <trkpt lat="50.415321" lon="4.887596">
        <ele>85.110692</ele>
        <time>2026-06-29T04:13:38.661Z</time>
      </trkpt>
      <trkpt lat="50.415166" lon="4.887666">
        <ele>85.217881</ele>
        <time>2026-06-29T04:13:41.859Z</time>
      </trkpt>
      <trkpt lat="50.414771" lon="4.887773">
        <ele>86.385687</ele>
        <time>2026-06-29T04:13:50.572Z</time>
      </trkpt>
      <trkpt lat="50.414353" lon="4.887866">
        <ele>87.796487</ele>
        <time>2026-06-29T04:14:01.389Z</time>
      </trkpt>
      <trkpt lat="50.413756" lon="4.887935">
        <ele>89.796887</ele>
        <time>2026-06-29T04:14:19.814Z</time>
      </trkpt>
      <trkpt lat="50.413121" lon="4.887886">
        <ele>91.776284</ele>
        <time>2026-06-29T04:14:42.004Z</time>
      </trkpt>
      <trkpt lat="50.412805" lon="4.887822">
        <ele>92.603407</ele>
        <time>2026-06-29T04:14:52.496Z</time>
      </trkpt>
      <trkpt lat="50.412554" lon="4.887711">
        <ele>93.280369</ele>
        <time>2026-06-29T04:15:00.752Z</time>
      </trkpt>
      <trkpt lat="50.410650" lon="4.886876">
        <ele>95.347606</ele>
        <time>2026-06-29T04:15:38.956Z</time>
      </trkpt>
      <trkpt lat="50.409338" lon="4.886151">
        <ele>93.850477</ele>
        <time>2026-06-29T04:15:53.559Z</time>
      </trkpt>
      <trkpt lat="50.409030" lon="4.886015">
        <ele>93.280366</ele>
        <time>2026-06-29T04:15:56.994Z</time>
      </trkpt>
      <trkpt lat="50.408847" lon="4.885953">
        <ele>92.946782</ele>
        <time>2026-06-29T04:15:59.084Z</time>
      </trkpt>
      <trkpt lat="50.406965" lon="4.885581">
        <ele>90.195686</ele>
        <time>2026-06-29T04:16:22.164Z</time>
      </trkpt>
      <trkpt lat="50.406280" lon="4.885368">
        <ele>89.348160</ele>
        <time>2026-06-29T04:16:30.103Z</time>
      </trkpt>
      <trkpt lat="50.406070" lon="4.885300">
        <ele>89.147824</ele>
        <time>2026-06-29T04:16:32.519Z</time>
      </trkpt>
      <trkpt lat="50.405014" lon="4.885015">
        <ele>88.146718</ele>
        <time>2026-06-29T04:16:45.375Z</time>
      </trkpt>
      <trkpt lat="50.402738" lon="4.884643">
        <ele>87.444124</ele>
        <time>2026-06-29T04:17:18.562Z</time>
      </trkpt>
      <trkpt lat="50.400868" lon="4.884336">
        <ele>86.738925</ele>
        <time>2026-06-29T04:17:44.527Z</time>
      </trkpt>
      <trkpt lat="50.400462" lon="4.884199">
        <ele>86.364622</ele>
        <time>2026-06-29T04:17:49.726Z</time>
      </trkpt>
      <trkpt lat="50.399939" lon="4.883892">
        <ele>85.861317</ele>
        <time>2026-06-29T04:17:56.257Z</time>
      </trkpt>
      <trkpt lat="50.399274" lon="4.883499">
        <ele>85.220824</ele>
        <time>2026-06-29T04:18:04.923Z</time>
      </trkpt>
      <trkpt lat="50.398556" lon="4.883277">
        <ele>85.648581</ele>
        <time>2026-06-29T04:18:14.707Z</time>
      </trkpt>
      <trkpt lat="50.397437" lon="4.883172">
        <ele>86.335139</ele>
        <time>2026-06-29T04:18:37.974Z</time>
      </trkpt>
      <trkpt lat="50.397190" lon="4.883152">
        <ele>86.572592</ele>
        <time>2026-06-29T04:18:42.991Z</time>
      </trkpt>
      <trkpt lat="50.397062" lon="4.883142">
        <ele>86.695633</ele>
        <time>2026-06-29T04:18:45.500Z</time>
      </trkpt>
      <trkpt lat="50.396886" lon="4.883123">
        <ele>86.865005</ele>
        <time>2026-06-29T04:18:48.975Z</time>
      </trkpt>
      <trkpt lat="50.396581" lon="4.883072">
        <ele>87.159485</ele>
        <time>2026-06-29T04:18:54.861Z</time>
      </trkpt>
      <trkpt lat="50.396347" lon="4.883025">
        <ele>87.385975</ele>
        <time>2026-06-29T04:18:59.197Z</time>
      </trkpt>
      <trkpt lat="50.391907" lon="4.882011">
        <ele>88.633798</ele>
        <time>2026-06-29T04:20:14.860Z</time>
      </trkpt>
      <trkpt lat="50.391143" lon="4.881964">
        <ele>86.591333</ele>
        <time>2026-06-29T04:20:22.350Z</time>
      </trkpt>
      <trkpt lat="50.390766" lon="4.881867">
        <ele>85.570782</ele>
        <time>2026-06-29T04:20:26.010Z</time>
      </trkpt>
      <trkpt lat="50.390488" lon="4.881750">
        <ele>84.801883</ele>
        <time>2026-06-29T04:20:28.860Z</time>
      </trkpt>
      <trkpt lat="50.390369" lon="4.881695">
        <ele>84.470481</ele>
        <time>2026-06-29T04:20:30.164Z</time>
      </trkpt>
      <trkpt lat="50.390392" lon="4.881602">
        <ele>84.517897</ele>
        <time>2026-06-29T04:20:32.054Z</time>
      </trkpt>
      <trkpt lat="50.390369" lon="4.881695">
        <ele>84.590302</ele>
        <time>2026-06-29T04:20:34.145Z</time>
      </trkpt>
      <trkpt lat="50.390061" lon="4.881588">
        <ele>84.949453</ele>
        <time>2026-06-29T04:20:37.888Z</time>
      </trkpt>
      <trkpt lat="50.389564" lon="4.881427">
        <ele>85.527222</ele>
        <time>2026-06-29T04:20:47.112Z</time>
      </trkpt>
      <trkpt lat="50.388632" lon="4.881131">
        <ele>86.513998</ele>
        <time>2026-06-29T04:21:14.624Z</time>
      </trkpt>
      <trkpt lat="50.388060" lon="4.881061">
        <ele>86.593656</ele>
        <time>2026-06-29T04:21:30.017Z</time>
      </trkpt>
      <trkpt lat="50.387449" lon="4.880858">
        <ele>86.680370</ele>
        <time>2026-06-29T04:21:38.683Z</time>
      </trkpt>
      <trkpt lat="50.387113" lon="4.880749">
        <ele>86.728008</ele>
        <time>2026-06-29T04:21:42.284Z</time>
      </trkpt>
      <trkpt lat="50.386614" lon="4.880650">
        <ele>86.182755</ele>
        <time>2026-06-29T04:21:47.261Z</time>
      </trkpt>
      <trkpt lat="50.386058" lon="4.880498">
        <ele>85.244894</ele>
        <time>2026-06-29T04:21:52.796Z</time>
      </trkpt>
      <trkpt lat="50.385562" lon="4.880283">
        <ele>84.389767</ele>
        <time>2026-06-29T04:21:58.822Z</time>
      </trkpt>
      <trkpt lat="50.385341" lon="4.880153">
        <ele>83.997539</ele>
        <time>2026-06-29T04:22:02.739Z</time>
      </trkpt>
      <trkpt lat="50.384681" lon="4.879649">
        <ele>85.708911</ele>
        <time>2026-06-29T04:22:20.244Z</time>
      </trkpt>
      <trkpt lat="50.384270" lon="4.879202">
        <ele>87.354032</ele>
        <time>2026-06-29T04:22:34.790Z</time>
      </trkpt>
      <trkpt lat="50.383884" lon="4.878721">
        <ele>88.975656</ele>
        <time>2026-06-29T04:22:50.161Z</time>
      </trkpt>
      <trkpt lat="50.383311" lon="4.878074">
        <ele>92.747750</ele>
        <time>2026-06-29T04:23:14.945Z</time>
      </trkpt>
      <trkpt lat="50.383149" lon="4.877908">
        <ele>93.953708</ele>
        <time>2026-06-29T04:23:22.264Z</time>
      </trkpt>
      <trkpt lat="50.382090" lon="4.876882">
        <ele>101.194507</ele>
        <time>2026-06-29T04:24:17.740Z</time>
      </trkpt>
      <trkpt lat="50.381816" lon="4.876731">
        <ele>101.870594</ele>
        <time>2026-06-29T04:24:28.051Z</time>
      </trkpt>
      <trkpt lat="50.381354" lon="4.876585">
        <ele>102.967711</ele>
        <time>2026-06-29T04:24:42.676Z</time>
      </trkpt>
      <trkpt lat="50.381307" lon="4.876524">
        <ele>103.109734</ele>
        <time>2026-06-29T04:24:44.351Z</time>
      </trkpt>
      <trkpt lat="50.381265" lon="4.876379">
        <ele>103.346145</ele>
        <time>2026-06-29T04:24:46.847Z</time>
      </trkpt>
      <trkpt lat="50.381285" lon="4.876186">
        <ele>103.636403</ele>
        <time>2026-06-29T04:24:49.767Z</time>
      </trkpt>
      <trkpt lat="50.381248" lon="4.876058">
        <ele>103.845024</ele>
        <time>2026-06-29T04:24:51.976Z</time>
      </trkpt>
      <trkpt lat="50.381094" lon="4.875884">
        <ele>104.286882</ele>
        <time>2026-06-29T04:24:55.860Z</time>
      </trkpt>
      <trkpt lat="50.380524" lon="4.875332">
        <ele>103.289926</ele>
        <time>2026-06-29T04:25:02.585Z</time>
      </trkpt>
      <trkpt lat="50.380202" lon="4.875119">
        <ele>101.412326</ele>
        <time>2026-06-29T04:25:05.787Z</time>
      </trkpt>
      <trkpt lat="50.380008" lon="4.875028">
        <ele>100.324407</ele>
        <time>2026-06-29T04:25:07.600Z</time>
      </trkpt>
      <trkpt lat="50.379740" lon="4.874957">
        <ele>98.864142</ele>
        <time>2026-06-29T04:25:10.057Z</time>
      </trkpt>
      <trkpt lat="50.379554" lon="4.874813">
        <ele>97.749682</ele>
        <time>2026-06-29T04:25:11.939Z</time>
      </trkpt>
      <trkpt lat="50.379493" lon="4.874820">
        <ele>97.421076</ele>
        <time>2026-06-29T04:25:12.497Z</time>
      </trkpt>
      <trkpt lat="50.379339" lon="4.874879">
        <ele>96.569357</ele>
        <time>2026-06-29T04:25:13.953Z</time>
      </trkpt>
      <trkpt lat="50.379127" lon="4.874862">
        <ele>95.428873</ele>
        <time>2026-06-29T04:25:15.883Z</time>
      </trkpt>
      <trkpt lat="50.378998" lon="4.874956">
        <ele>95.055078</ele>
        <time>2026-06-29T04:25:17.189Z</time>
      </trkpt>
      <trkpt lat="50.378894" lon="4.875192">
        <ele>94.586972</ele>
        <time>2026-06-29T04:25:18.873Z</time>
      </trkpt>
      <trkpt lat="50.378598" lon="4.876092">
        <ele>92.934546</ele>
        <time>2026-06-29T04:25:25.005Z</time>
      </trkpt>
      <trkpt lat="50.378476" lon="4.876355">
        <ele>92.403851</ele>
        <time>2026-06-29T04:25:27.249Z</time>
      </trkpt>
      <trkpt lat="50.377882" lon="4.877628">
        <ele>91.531438</ele>
        <time>2026-06-29T04:25:48.154Z</time>
      </trkpt>
      <trkpt lat="50.377713" lon="4.878192">
        <ele>92.284055</ele>
        <time>2026-06-29T04:25:56.417Z</time>
      </trkpt>
      <trkpt lat="50.377516" lon="4.878441">
        <ele>92.763256</ele>
        <time>2026-06-29T04:26:01.745Z</time>
      </trkpt>
      <trkpt lat="50.376965" lon="4.879006">
        <ele>94.010077</ele>
        <time>2026-06-29T04:26:18.717Z</time>
      </trkpt>
      <trkpt lat="50.376735" lon="4.879195">
        <ele>94.626073</ele>
        <time>2026-06-29T04:26:24.357Z</time>
      </trkpt>
      <trkpt lat="50.376149" lon="4.879612">
        <ele>96.370875</ele>
        <time>2026-06-29T04:26:40.102Z</time>
      </trkpt>
      <trkpt lat="50.375814" lon="4.879797">
        <ele>97.333857</ele>
        <time>2026-06-29T04:26:50.636Z</time>
      </trkpt>
      <trkpt lat="50.375300" lon="4.879995">
        <ele>98.768924</ele>
        <time>2026-06-29T04:27:06.230Z</time>
      </trkpt>
      <trkpt lat="50.375075" lon="4.880044">
        <ele>98.925568</ele>
        <time>2026-06-29T04:27:12.078Z</time>
      </trkpt>
      <trkpt lat="50.374550" lon="4.880085">
        <ele>98.124714</ele>
        <time>2026-06-29T04:27:21.678Z</time>
      </trkpt>
      <trkpt lat="50.374025" lon="4.880059">
        <ele>97.324452</ele>
        <time>2026-06-29T04:27:27.237Z</time>
      </trkpt>
      <trkpt lat="50.373510" lon="4.879911">
        <ele>96.526755</ele>
        <time>2026-06-29T04:27:32.230Z</time>
      </trkpt>
      <trkpt lat="50.372737" lon="4.879468">
        <ele>94.773946</ele>
        <time>2026-06-29T04:27:40.321Z</time>
      </trkpt>
      <trkpt lat="50.372174" lon="4.879118">
        <ele>93.424036</ele>
        <time>2026-06-29T04:27:47.072Z</time>
      </trkpt>
      <trkpt lat="50.371907" lon="4.878952">
        <ele>92.783840</ele>
        <time>2026-06-29T04:27:50.660Z</time>
      </trkpt>
      <trkpt lat="50.369890" lon="4.877758">
        <ele>92.729815</ele>
        <time>2026-06-29T04:28:24.171Z</time>
      </trkpt>
      <trkpt lat="50.369786" lon="4.877732">
        <ele>92.830643</ele>
        <time>2026-06-29T04:28:25.880Z</time>
      </trkpt>
      <trkpt lat="50.369207" lon="4.877726">
        <ele>93.384990</ele>
        <time>2026-06-29T04:28:36.505Z</time>
      </trkpt>
      <trkpt lat="50.368832" lon="4.877608">
        <ele>93.751176</ele>
        <time>2026-06-29T04:28:44.259Z</time>
      </trkpt>
      <trkpt lat="50.368730" lon="4.877556">
        <ele>93.853864</ele>
        <time>2026-06-29T04:28:46.487Z</time>
      </trkpt>
      <trkpt lat="50.367394" lon="4.876769">
        <ele>94.944142</ele>
        <time>2026-06-29T04:29:14.128Z</time>
      </trkpt>
      <trkpt lat="50.367098" lon="4.876496">
        <ele>95.174311</ele>
        <time>2026-06-29T04:29:19.479Z</time>
      </trkpt>
      <trkpt lat="50.366648" lon="4.876002">
        <ele>95.528494</ele>
        <time>2026-06-29T04:29:27.459Z</time>
      </trkpt>
      <trkpt lat="50.366360" lon="4.875736">
        <ele>95.668355</ele>
        <time>2026-06-29T04:29:32.648Z</time>
      </trkpt>
      <trkpt lat="50.366293" lon="4.875689">
        <ele>95.699068</ele>
        <time>2026-06-29T04:29:33.913Z</time>
      </trkpt>
      <trkpt lat="50.366207" lon="4.875623">
        <ele>95.739131</ele>
        <time>2026-06-29T04:29:35.603Z</time>
      </trkpt>
      <trkpt lat="50.366126" lon="4.875560">
        <ele>95.776965</ele>
        <time>2026-06-29T04:29:37.286Z</time>
      </trkpt>
      <trkpt lat="50.365706" lon="4.875305">
        <ele>95.965417</ele>
        <time>2026-06-29T04:29:47.380Z</time>
      </trkpt>
      <trkpt lat="50.365442" lon="4.875198">
        <ele>96.079510</ele>
        <time>2026-06-29T04:29:53.363Z</time>
      </trkpt>
      <trkpt lat="50.364693" lon="4.874980">
        <ele>95.125294</ele>
        <time>2026-06-29T04:30:02.878Z</time>
      </trkpt>
      <trkpt lat="50.364512" lon="4.874929">
        <ele>94.504895</ele>
        <time>2026-06-29T04:30:04.856Z</time>
      </trkpt>
      <trkpt lat="50.364561" lon="4.874677">
        <ele>93.937957</ele>
        <time>2026-06-29T04:30:06.550Z</time>
      </trkpt>
      <trkpt lat="50.364935" lon="4.873321">
        <ele>90.758775</ele>
        <time>2026-06-29T04:30:15.218Z</time>
      </trkpt>
      <trkpt lat="50.365392" lon="4.871650">
        <ele>90.393880</ele>
        <time>2026-06-29T04:30:28.447Z</time>
      </trkpt>
      <trkpt lat="50.365440" lon="4.871649">
        <ele>90.403756</ele>
        <time>2026-06-29T04:30:29.339Z</time>
      </trkpt>
      <trkpt lat="50.365460" lon="4.871628">
        <ele>90.408709</ele>
        <time>2026-06-29T04:30:29.890Z</time>
      </trkpt>
      <trkpt lat="50.365480" lon="4.871569">
        <ele>90.417477</ele>
        <time>2026-06-29T04:30:30.854Z</time>
      </trkpt>
      <trkpt lat="50.365472" lon="4.871503">
        <ele>90.426294</ele>
        <time>2026-06-29T04:30:32.184Z</time>
      </trkpt>
      <trkpt lat="50.365435" lon="4.871457">
        <ele>90.436010</ele>
        <time>2026-06-29T04:30:33.097Z</time>
      </trkpt>
      <trkpt lat="50.365369" lon="4.871482">
        <ele>90.449979</ele>
        <time>2026-06-29T04:30:34.603Z</time>
      </trkpt>
      <trkpt lat="50.365064" lon="4.871249">
        <ele>90.519784</ele>
        <time>2026-06-29T04:30:43.704Z</time>
      </trkpt>
      <trkpt lat="50.364607" lon="4.870967">
        <ele>90.937737</ele>
        <time>2026-06-29T04:31:00.248Z</time>
      </trkpt>
      <trkpt lat="50.364205" lon="4.870727">
        <ele>91.487429</ele>
        <time>2026-06-29T04:31:12.386Z</time>
      </trkpt>
      <trkpt lat="50.363612" lon="4.870469">
        <ele>92.273844</ele>
        <time>2026-06-29T04:31:24.126Z</time>
      </trkpt>
      <trkpt lat="50.363191" lon="4.870385">
        <ele>92.816163</ele>
        <time>2026-06-29T04:31:29.005Z</time>
      </trkpt>
      <trkpt lat="50.362487" lon="4.870474">
        <ele>92.138248</ele>
        <time>2026-06-29T04:31:36.503Z</time>
      </trkpt>
      <trkpt lat="50.362376" lon="4.870477">
        <ele>92.019485</ele>
        <time>2026-06-29T04:31:37.588Z</time>
      </trkpt>
      <trkpt lat="50.361952" lon="4.870345">
        <ele>91.557043</ele>
        <time>2026-06-29T04:31:41.937Z</time>
      </trkpt>
      <trkpt lat="50.361641" lon="4.870242">
        <ele>91.216999</ele>
        <time>2026-06-29T04:31:45.856Z</time>
      </trkpt>
      <trkpt lat="50.361184" lon="4.870131">
        <ele>91.748434</ele>
        <time>2026-06-29T04:31:57.908Z</time>
      </trkpt>
      <trkpt lat="50.361089" lon="4.870152">
        <ele>92.142558</ele>
        <time>2026-06-29T04:32:01.102Z</time>
      </trkpt>
      <trkpt lat="50.360783" lon="4.870272">
        <ele>93.438356</ele>
        <time>2026-06-29T04:32:12.137Z</time>
      </trkpt>
      <trkpt lat="50.360720" lon="4.870307">
        <ele>93.712936</ele>
        <time>2026-06-29T04:32:14.542Z</time>
      </trkpt>
      <trkpt lat="50.360536" lon="4.870425">
        <ele>94.529626</ele>
        <time>2026-06-29T04:32:22.693Z</time>
      </trkpt>
      <trkpt lat="50.359646" lon="4.871206">
        <ele>98.324256</ele>
        <time>2026-06-29T04:32:58.354Z</time>
      </trkpt>
      <trkpt lat="50.359512" lon="4.871307">
        <ele>98.325932</ele>
        <time>2026-06-29T04:33:01.855Z</time>
      </trkpt>
      <trkpt lat="50.359295" lon="4.871471">
        <ele>98.328646</ele>
        <time>2026-06-29T04:33:06.460Z</time>
      </trkpt>
      <trkpt lat="50.358805" lon="4.871806">
        <ele>98.334669</ele>
        <time>2026-06-29T04:33:14.108Z</time>
      </trkpt>
      <trkpt lat="50.358379" lon="4.872052">
        <ele>98.339784</ele>
        <time>2026-06-29T04:33:18.764Z</time>
      </trkpt>
      <trkpt lat="50.358103" lon="4.872214">
        <ele>98.343104</ele>
        <time>2026-06-29T04:33:22.114Z</time>
      </trkpt>
      <trkpt lat="50.357958" lon="4.872359">
        <ele>98.165714</ele>
        <time>2026-06-29T04:33:24.172Z</time>
      </trkpt>
      <trkpt lat="50.357652" lon="4.872767">
        <ele>97.665613</ele>
        <time>2026-06-29T04:33:29.022Z</time>
      </trkpt>
      <trkpt lat="50.357461" lon="4.873034">
        <ele>97.347024</ele>
        <time>2026-06-29T04:33:32.113Z</time>
      </trkpt>
      <trkpt lat="50.356783" lon="4.874026">
        <ele>96.192438</ele>
        <time>2026-06-29T04:33:43.082Z</time>
      </trkpt>
      <trkpt lat="50.356527" lon="4.874587">
        <ele>95.644120</ele>
        <time>2026-06-29T04:33:48.725Z</time>
      </trkpt>
      <trkpt lat="50.356232" lon="4.875341">
        <ele>94.940844</ele>
        <time>2026-06-29T04:33:55.409Z</time>
      </trkpt>
      <trkpt lat="50.356046" lon="4.875731">
        <ele>94.553679</ele>
        <time>2026-06-29T04:33:58.991Z</time>
      </trkpt>
      <trkpt lat="50.355934" lon="4.875894">
        <ele>94.363203</ele>
        <time>2026-06-29T04:34:00.765Z</time>
      </trkpt>
      <trkpt lat="50.355672" lon="4.876157">
        <ele>93.975456</ele>
        <time>2026-06-29T04:34:04.401Z</time>
      </trkpt>
      <trkpt lat="50.355384" lon="4.876337">
        <ele>93.549764</ele>
        <time>2026-06-29T04:34:08.037Z</time>
      </trkpt>
      <trkpt lat="50.355061" lon="4.876408">
        <ele>93.084953</ele>
        <time>2026-06-29T04:34:11.841Z</time>
      </trkpt>
      <trkpt lat="50.354737" lon="4.876350">
        <ele>92.620220</ele>
        <time>2026-06-29T04:34:15.594Z</time>
      </trkpt>
      <trkpt lat="50.354416" lon="4.876171">
        <ele>92.134672</ele>
        <time>2026-06-29T04:34:19.515Z</time>
      </trkpt>
      <trkpt lat="50.354277" lon="4.876045">
        <ele>91.905839</ele>
        <time>2026-06-29T04:34:21.403Z</time>
      </trkpt>
      <trkpt lat="50.354021" lon="4.875683">
        <ele>91.414473</ele>
        <time>2026-06-29T04:34:25.447Z</time>
      </trkpt>
      <trkpt lat="50.353817" lon="4.875243">
        <ele>91.097251</ele>
        <time>2026-06-29T04:34:29.475Z</time>
      </trkpt>
      <trkpt lat="50.353704" lon="4.874755">
        <ele>90.845691</ele>
        <time>2026-06-29T04:34:33.289Z</time>
      </trkpt>
      <trkpt lat="50.352932" lon="4.870905">
        <ele>90.624969</ele>
        <time>2026-06-29T04:35:08.046Z</time>
      </trkpt>
      <trkpt lat="50.352573" lon="4.869116">
        <ele>91.530043</ele>
        <time>2026-06-29T04:35:39.705Z</time>
      </trkpt>
      <trkpt lat="50.352324" lon="4.867887">
        <ele>92.266947</ele>
        <time>2026-06-29T04:35:53.764Z</time>
      </trkpt>
      <trkpt lat="50.352084" lon="4.866751">
        <ele>91.299982</ele>
        <time>2026-06-29T04:36:01.958Z</time>
      </trkpt>
      <trkpt lat="50.351979" lon="4.866038">
        <ele>90.340742</ele>
        <time>2026-06-29T04:36:06.670Z</time>
      </trkpt>
      <trkpt lat="50.351895" lon="4.864402">
        <ele>88.538971</ele>
        <time>2026-06-29T04:36:18.357Z</time>
      </trkpt>
      <trkpt lat="50.351868" lon="4.863623">
        <ele>88.149229</ele>
        <time>2026-06-29T04:36:24.196Z</time>
      </trkpt>
      <trkpt lat="50.351860" lon="4.862206">
        <ele>87.441303</ele>
        <time>2026-06-29T04:36:36.737Z</time>
      </trkpt>
      <trkpt lat="50.351899" lon="4.861427">
        <ele>87.541786</ele>
        <time>2026-06-29T04:36:44.506Z</time>
      </trkpt>
      <trkpt lat="50.351909" lon="4.861294">
        <ele>87.586135</ele>
        <time>2026-06-29T04:36:45.876Z</time>
      </trkpt>
      <trkpt lat="50.351957" lon="4.860095">
        <ele>87.983977</ele>
        <time>2026-06-29T04:36:58.379Z</time>
      </trkpt>
      <trkpt lat="50.351880" lon="4.858184">
        <ele>89.126413</ele>
        <time>2026-06-29T04:37:21.592Z</time>
      </trkpt>
      <trkpt lat="50.351705" lon="4.856808">
        <ele>90.288876</ele>
        <time>2026-06-29T04:37:38.793Z</time>
      </trkpt>
      <trkpt lat="50.351472" lon="4.855224">
        <ele>92.015661</ele>
        <time>2026-06-29T04:38:03.601Z</time>
      </trkpt>
      <trkpt lat="50.351372" lon="4.854760">
        <ele>92.572511</ele>
        <time>2026-06-29T04:38:09.138Z</time>
      </trkpt>
      <trkpt lat="50.351204" lon="4.854158">
        <ele>93.319592</ele>
        <time>2026-06-29T04:38:17.074Z</time>
      </trkpt>
      <trkpt lat="50.351070" lon="4.853740">
        <ele>93.868775</ele>
        <time>2026-06-29T04:38:23.707Z</time>
      </trkpt>
      <trkpt lat="50.350866" lon="4.853283">
        <ele>94.853162</ele>
        <time>2026-06-29T04:38:33.320Z</time>
      </trkpt>
      <trkpt lat="50.350614" lon="4.852854">
        <ele>95.882342</ele>
        <time>2026-06-29T04:38:43.788Z</time>
      </trkpt>
      <trkpt lat="50.350535" lon="4.852800">
        <ele>96.120744</ele>
        <time>2026-06-29T04:38:45.908Z</time>
      </trkpt>
      <trkpt lat="50.350017" lon="4.852132">
        <ele>97.976308</ele>
        <time>2026-06-29T04:39:05.854Z</time>
      </trkpt>
      <trkpt lat="50.349777" lon="4.851870">
        <ele>98.785356</ele>
        <time>2026-06-29T04:39:12.960Z</time>
      </trkpt>
      <trkpt lat="50.349461" lon="4.851644">
        <ele>98.315098</ele>
        <time>2026-06-29T04:39:21.061Z</time>
      </trkpt>
      <trkpt lat="50.349143" lon="4.851531">
        <ele>97.859545</ele>
        <time>2026-06-29T04:39:26.110Z</time>
      </trkpt>
      <trkpt lat="50.349042" lon="4.851533">
        <ele>97.718427</ele>
        <time>2026-06-29T04:39:27.194Z</time>
      </trkpt>
      <trkpt lat="50.348896" lon="4.851618">
        <ele>97.500830</ele>
        <time>2026-06-29T04:39:28.800Z</time>
      </trkpt>
      <trkpt lat="50.348813" lon="4.851493">
        <ele>97.340005</ele>
        <time>2026-06-29T04:39:29.945Z</time>
      </trkpt>
      <trkpt lat="50.348735" lon="4.851491">
        <ele>97.231017</ele>
        <time>2026-06-29T04:39:30.733Z</time>
      </trkpt>
      <trkpt lat="50.348670" lon="4.851558">
        <ele>97.122323</ele>
        <time>2026-06-29T04:39:31.462Z</time>
      </trkpt>
      <trkpt lat="50.348477" lon="4.851518">
        <ele>96.850336</ele>
        <time>2026-06-29T04:39:33.347Z</time>
      </trkpt>
      <trkpt lat="50.348399" lon="4.851538">
        <ele>96.739914</ele>
        <time>2026-06-29T04:39:34.124Z</time>
      </trkpt>
      <trkpt lat="50.348298" lon="4.851606">
        <ele>96.586336</ele>
        <time>2026-06-29T04:39:35.195Z</time>
      </trkpt>
      <trkpt lat="50.347958" lon="4.852045">
        <ele>96.289396</ele>
        <time>2026-06-29T04:39:39.630Z</time>
      </trkpt>
      <trkpt lat="50.347665" lon="4.852203">
        <ele>96.299025</ele>
        <time>2026-06-29T04:39:43.222Z</time>
      </trkpt>
      <trkpt lat="50.347267" lon="4.852363">
        <ele>96.311792</ele>
        <time>2026-06-29T04:39:48.161Z</time>
      </trkpt>
      <trkpt lat="50.347221" lon="4.852382">
        <ele>96.313270</ele>
        <time>2026-06-29T04:39:48.854Z</time>
      </trkpt>
      <trkpt lat="50.346813" lon="4.852577">
        <ele>96.326524</ele>
        <time>2026-06-29T04:39:57.466Z</time>
      </trkpt>
      <trkpt lat="50.346488" lon="4.852795">
        <ele>96.337509</ele>
        <time>2026-06-29T04:40:07.856Z</time>
      </trkpt>
      <trkpt lat="50.345880" lon="4.853265">
        <ele>97.434930</ele>
        <time>2026-06-29T04:40:27.328Z</time>
      </trkpt>
      <trkpt lat="50.345742" lon="4.853405">
        <ele>97.711954</ele>
        <time>2026-06-29T04:40:31.375Z</time>
      </trkpt>
      <trkpt lat="50.345492" lon="4.853724">
        <ele>98.255231</ele>
        <time>2026-06-29T04:40:38.856Z</time>
      </trkpt>
      <trkpt lat="50.344812" lon="4.854730">
        <ele>99.084878</ele>
        <time>2026-06-29T04:40:53.019Z</time>
      </trkpt>
      <trkpt lat="50.344559" lon="4.855059">
        <ele>98.743744</ele>
        <time>2026-06-29T04:40:56.671Z</time>
      </trkpt>
      <trkpt lat="50.344044" lon="4.855624">
        <ele>98.091427</ele>
        <time>2026-06-29T04:41:03.682Z</time>
      </trkpt>
      <trkpt lat="50.343984" lon="4.855686">
        <ele>98.016853</ele>
        <time>2026-06-29T04:41:04.575Z</time>
      </trkpt>
      <trkpt lat="50.342421" lon="4.857361">
        <ele>96.279178</ele>
        <time>2026-06-29T04:41:28.755Z</time>
      </trkpt>
      <trkpt lat="50.340512" lon="4.859901">
        <ele>94.810189</ele>
        <time>2026-06-29T04:41:58.274Z</time>
      </trkpt>
      <trkpt lat="50.340275" lon="4.860145">
        <ele>95.648573</ele>
        <time>2026-06-29T04:42:04.036Z</time>
      </trkpt>
      <trkpt lat="50.340038" lon="4.860297">
        <ele>96.405663</ele>
        <time>2026-06-29T04:42:10.404Z</time>
      </trkpt>
      <trkpt lat="50.338932" lon="4.860877">
        <ele>100.443077</ele>
        <time>2026-06-29T04:42:50.743Z</time>
      </trkpt>
      <trkpt lat="50.338797" lon="4.860965">
        <ele>101.280324</ele>
        <time>2026-06-29T04:42:57.040Z</time>
      </trkpt>
      <trkpt lat="50.338521" lon="4.861265">
        <ele>103.203782</ele>
        <time>2026-06-29T04:43:11.443Z</time>
      </trkpt>
      <trkpt lat="50.337492" lon="4.863028">
        <ele>109.515625</ele>
        <time>2026-06-29T04:44:09.426Z</time>
      </trkpt>
      <trkpt lat="50.337281" lon="4.863481">
        <ele>109.508754</ele>
        <time>2026-06-29T04:44:17.980Z</time>
      </trkpt>
      <trkpt lat="50.336825" lon="4.865294">
        <ele>108.306604</ele>
        <time>2026-06-29T04:44:30.684Z</time>
      </trkpt>
      <trkpt lat="50.336410" lon="4.866528">
        <ele>103.610045</ele>
        <time>2026-06-29T04:44:38.810Z</time>
      </trkpt>
      <trkpt lat="50.336314" lon="4.866898">
        <ele>102.265188</ele>
        <time>2026-06-29T04:44:41.129Z</time>
      </trkpt>
      <trkpt lat="50.336283" lon="4.867209">
        <ele>101.205301</ele>
        <time>2026-06-29T04:44:42.962Z</time>
      </trkpt>
      <trkpt lat="50.336290" lon="4.867769">
        <ele>99.697666</ele>
        <time>2026-06-29T04:44:46.301Z</time>
      </trkpt>
      <trkpt lat="50.336308" lon="4.868759">
        <ele>98.214766</ele>
        <time>2026-06-29T04:44:52.555Z</time>
      </trkpt>
      <trkpt lat="50.336311" lon="4.868882">
        <ele>98.030467</ele>
        <time>2026-06-29T04:44:53.367Z</time>
      </trkpt>
      <trkpt lat="50.336290" lon="4.869530">
        <ele>97.058985</ele>
        <time>2026-06-29T04:44:58.008Z</time>
      </trkpt>
      <trkpt lat="50.336239" lon="4.869822">
        <ele>96.605709</ele>
        <time>2026-06-29T04:45:00.472Z</time>
      </trkpt>
      <trkpt lat="50.336103" lon="4.870213">
        <ele>95.938991</ele>
        <time>2026-06-29T04:45:04.777Z</time>
      </trkpt>
      <trkpt lat="50.336016" lon="4.870382">
        <ele>95.700883</ele>
        <time>2026-06-29T04:45:07.218Z</time>
      </trkpt>
      <trkpt lat="50.335842" lon="4.870607">
        <ele>95.446504</ele>
        <time>2026-06-29T04:45:11.438Z</time>
      </trkpt>
      <trkpt lat="50.335741" lon="4.870701">
        <ele>95.314048</ele>
        <time>2026-06-29T04:45:13.634Z</time>
      </trkpt>
      <trkpt lat="50.335356" lon="4.871054">
        <ele>94.811084</ele>
        <time>2026-06-29T04:45:20.987Z</time>
      </trkpt>
      <trkpt lat="50.335262" lon="4.871129">
        <ele>94.692146</ele>
        <time>2026-06-29T04:45:22.373Z</time>
      </trkpt>
      <trkpt lat="50.334661" lon="4.871626">
        <ele>93.925908</ele>
        <time>2026-06-29T04:45:29.434Z</time>
      </trkpt>
      <trkpt lat="50.333811" lon="4.871846">
        <ele>94.348167</ele>
        <time>2026-06-29T04:45:38.302Z</time>
      </trkpt>
      <trkpt lat="50.333670" lon="4.871835">
        <ele>94.466677</ele>
        <time>2026-06-29T04:45:40.013Z</time>
      </trkpt>
      <trkpt lat="50.333134" lon="4.871703">
        <ele>94.922148</ele>
        <time>2026-06-29T04:45:52.103Z</time>
      </trkpt>
      <trkpt lat="50.332603" lon="4.871537">
        <ele>95.731578</ele>
        <time>2026-06-29T04:46:12.937Z</time>
      </trkpt>
      <trkpt lat="50.332280" lon="4.871396">
        <ele>96.893837</ele>
        <time>2026-06-29T04:46:27.042Z</time>
      </trkpt>
      <trkpt lat="50.332067" lon="4.871353">
        <ele>97.638257</ele>
        <time>2026-06-29T04:46:35.285Z</time>
      </trkpt>
      <trkpt lat="50.331420" lon="4.871340">
        <ele>99.881116</ele>
        <time>2026-06-29T04:46:55.478Z</time>
      </trkpt>
      <trkpt lat="50.330075" lon="4.871300">
        <ele>101.015698</ele>
        <time>2026-06-29T04:47:13.881Z</time>
      </trkpt>
      <trkpt lat="50.329166" lon="4.871014">
        <ele>100.505403</ele>
        <time>2026-06-29T04:47:24.827Z</time>
      </trkpt>
      <trkpt lat="50.328620" lon="4.870901">
        <ele>100.080887</ele>
        <time>2026-06-29T04:47:32.472Z</time>
      </trkpt>
      <trkpt lat="50.328240" lon="4.870871">
        <ele>99.787610</ele>
        <time>2026-06-29T04:47:38.530Z</time>
      </trkpt>
      <trkpt lat="50.327700" lon="4.870935">
        <ele>99.370186</ele>
        <time>2026-06-29T04:47:46.607Z</time>
      </trkpt>
      <trkpt lat="50.327253" lon="4.871028">
        <ele>98.738323</ele>
        <time>2026-06-29T04:47:51.677Z</time>
      </trkpt>
      <trkpt lat="50.326623" lon="4.871229">
        <ele>96.862104</ele>
        <time>2026-06-29T04:47:57.945Z</time>
      </trkpt>
      <trkpt lat="50.326162" lon="4.871461">
        <ele>95.449081</ele>
        <time>2026-06-29T04:48:02.541Z</time>
      </trkpt>
      <trkpt lat="50.325528" lon="4.871787">
        <ele>94.141655</ele>
        <time>2026-06-29T04:48:09.434Z</time>
      </trkpt>
      <trkpt lat="50.324461" lon="4.872279">
        <ele>96.448345</ele>
        <time>2026-06-29T04:48:35.964Z</time>
      </trkpt>
      <trkpt lat="50.323861" lon="4.872569">
        <ele>97.795106</ele>
        <time>2026-06-29T04:48:57.085Z</time>
      </trkpt>
      <trkpt lat="50.323191" lon="4.872934">
        <ele>99.719543</ele>
        <time>2026-06-29T04:49:17.498Z</time>
      </trkpt>
      <trkpt lat="50.322952" lon="4.873055">
        <ele>100.400953</ele>
        <time>2026-06-29T04:49:24.109Z</time>
      </trkpt>
      <trkpt lat="50.321230" lon="4.873907">
        <ele>102.902970</ele>
        <time>2026-06-29T04:50:02.173Z</time>
      </trkpt>
      <trkpt lat="50.320525" lon="4.874358">
        <ele>103.208378</ele>
        <time>2026-06-29T04:50:11.594Z</time>
      </trkpt>
      <trkpt lat="50.320373" lon="4.874466">
        <ele>102.839351</ele>
        <time>2026-06-29T04:50:13.602Z</time>
      </trkpt>
      <trkpt lat="50.320283" lon="4.874533">
        <ele>102.619032</ele>
        <time>2026-06-29T04:50:14.744Z</time>
      </trkpt>
      <trkpt lat="50.320131" lon="4.874644">
        <ele>102.248235</ele>
        <time>2026-06-29T04:50:16.596Z</time>
      </trkpt>
      <trkpt lat="50.320021" lon="4.874735">
        <ele>101.973190</ele>
        <time>2026-06-29T04:50:17.941Z</time>
      </trkpt>
      <trkpt lat="50.319871" lon="4.874855">
        <ele>101.600790</ele>
        <time>2026-06-29T04:50:19.720Z</time>
      </trkpt>
      <trkpt lat="50.319805" lon="4.874908">
        <ele>101.436805</ele>
        <time>2026-06-29T04:50:20.511Z</time>
      </trkpt>
      <trkpt lat="50.319765" lon="4.874942">
        <ele>101.336183</ele>
        <time>2026-06-29T04:50:20.989Z</time>
      </trkpt>
      <trkpt lat="50.319704" lon="4.874997">
        <ele>101.180563</ele>
        <time>2026-06-29T04:50:21.703Z</time>
      </trkpt>
      <trkpt lat="50.319646" lon="4.875047">
        <ele>101.034187</ele>
        <time>2026-06-29T04:50:22.413Z</time>
      </trkpt>
      <trkpt lat="50.319530" lon="4.875149">
        <ele>100.740062</ele>
        <time>2026-06-29T04:50:23.788Z</time>
      </trkpt>
      <trkpt lat="50.318858" lon="4.875692">
        <ele>99.003868</ele>
        <time>2026-06-29T04:50:31.771Z</time>
      </trkpt>
      <trkpt lat="50.318459" lon="4.875904">
        <ele>97.707580</ele>
        <time>2026-06-29T04:50:36.192Z</time>
      </trkpt>
      <trkpt lat="50.318174" lon="4.875937">
        <ele>96.828355</ele>
        <time>2026-06-29T04:50:39.057Z</time>
      </trkpt>
      <trkpt lat="50.316523" lon="4.876175">
        <ele>92.080872</ele>
        <time>2026-06-29T04:50:55.808Z</time>
      </trkpt>
      <trkpt lat="50.316111" lon="4.876301">
        <ele>91.020922</ele>
        <time>2026-06-29T04:51:00.223Z</time>
      </trkpt>
      <trkpt lat="50.315771" lon="4.876322">
        <ele>90.161754</ele>
        <time>2026-06-29T04:51:03.924Z</time>
      </trkpt>
      <trkpt lat="50.315723" lon="4.876278">
        <ele>90.021318</ele>
        <time>2026-06-29T04:51:04.528Z</time>
      </trkpt>
      <trkpt lat="50.315615" lon="4.876280">
        <ele>89.748599</ele>
        <time>2026-06-29T04:51:05.723Z</time>
      </trkpt>
      <trkpt lat="50.315556" lon="4.876347">
        <ele>89.564578</ele>
        <time>2026-06-29T04:51:06.542Z</time>
      </trkpt>
      <trkpt lat="50.315520" lon="4.876509">
        <ele>89.288011</ele>
        <time>2026-06-29T04:51:07.768Z</time>
      </trkpt>
      <trkpt lat="50.315567" lon="4.876672">
        <ele>89.058435</ele>
        <time>2026-06-29T04:51:09.066Z</time>
      </trkpt>
      <trkpt lat="50.315556" lon="4.876880">
        <ele>88.847405</ele>
        <time>2026-06-29T04:51:10.585Z</time>
      </trkpt>
      <trkpt lat="50.315386" lon="4.877590">
        <ele>88.080711</ele>
        <time>2026-06-29T04:51:16.170Z</time>
      </trkpt>
      <trkpt lat="50.315294" lon="4.877989">
        <ele>87.651783</ele>
        <time>2026-06-29T04:51:19.260Z</time>
      </trkpt>
      <trkpt lat="50.315182" lon="4.878448">
        <ele>87.154952</ele>
        <time>2026-06-29T04:51:22.798Z</time>
      </trkpt>
      <trkpt lat="50.315146" lon="4.878614">
        <ele>86.977692</ele>
        <time>2026-06-29T04:51:24.045Z</time>
      </trkpt>
      <trkpt lat="50.315053" lon="4.878830">
        <ele>86.714284</ele>
        <time>2026-06-29T04:51:25.924Z</time>
      </trkpt>
      <trkpt lat="50.314862" lon="4.879095">
        <ele>86.310228</ele>
        <time>2026-06-29T04:51:28.833Z</time>
      </trkpt>
      <trkpt lat="50.314301" lon="4.879685">
        <ele>85.812623</ele>
        <time>2026-06-29T04:51:36.861Z</time>
      </trkpt>
      <trkpt lat="50.313897" lon="4.880103">
        <ele>85.456428</ele>
        <time>2026-06-29T04:51:43.114Z</time>
      </trkpt>
      <trkpt lat="50.313830" lon="4.880208">
        <ele>85.386701</ele>
        <time>2026-06-29T04:51:44.383Z</time>
      </trkpt>
      <trkpt lat="50.313307" lon="4.880790">
        <ele>84.998040</ele>
        <time>2026-06-29T04:51:53.605Z</time>
      </trkpt>
      <trkpt lat="50.312905" lon="4.881324">
        <ele>85.062323</ele>
        <time>2026-06-29T04:52:01.734Z</time>
      </trkpt>
      <trkpt lat="50.312430" lon="4.882058">
        <ele>85.143700</ele>
        <time>2026-06-29T04:52:11.914Z</time>
      </trkpt>
      <trkpt lat="50.311728" lon="4.883324">
        <ele>85.396650</ele>
        <time>2026-06-29T04:52:28.808Z</time>
      </trkpt>
      <trkpt lat="50.310917" lon="4.884803">
        <ele>85.813381</ele>
        <time>2026-06-29T04:52:49.701Z</time>
      </trkpt>
      <trkpt lat="50.310471" lon="4.885651">
        <ele>85.675073</ele>
        <time>2026-06-29T04:53:00.421Z</time>
      </trkpt>
      <trkpt lat="50.310171" lon="4.886305">
        <ele>85.573694</ele>
        <time>2026-06-29T04:53:07.197Z</time>
      </trkpt>
      <trkpt lat="50.309450" lon="4.887705">
        <ele>85.343261</ele>
        <time>2026-06-29T04:53:22.312Z</time>
      </trkpt>
      <trkpt lat="50.309360" lon="4.887880">
        <ele>85.313976</ele>
        <time>2026-06-29T04:53:24.191Z</time>
      </trkpt>
      <trkpt lat="50.308924" lon="4.888700">
        <ele>85.174905</ele>
        <time>2026-06-29T04:53:33.965Z</time>
      </trkpt>
      <trkpt lat="50.308759" lon="4.888983">
        <ele>85.124960</ele>
        <time>2026-06-29T04:53:37.781Z</time>
      </trkpt>
      <trkpt lat="50.308249" lon="4.889864">
        <ele>85.221875</ele>
        <time>2026-06-29T04:53:49.729Z</time>
      </trkpt>
      <trkpt lat="50.307818" lon="4.890412">
        <ele>85.339297</ele>
        <time>2026-06-29T04:53:58.748Z</time>
      </trkpt>
      <trkpt lat="50.307288" lon="4.891166">
        <ele>85.461512</ele>
        <time>2026-06-29T04:54:10.057Z</time>
      </trkpt>
      <trkpt lat="50.307214" lon="4.891248">
        <ele>85.447048</ele>
        <time>2026-06-29T04:54:11.337Z</time>
      </trkpt>
      <trkpt lat="50.306824" lon="4.891722">
        <ele>85.368277</ele>
        <time>2026-06-29T04:54:18.525Z</time>
      </trkpt>
      <trkpt lat="50.306641" lon="4.891917">
        <ele>85.332959</ele>
        <time>2026-06-29T04:54:21.598Z</time>
      </trkpt>
      <trkpt lat="50.305816" lon="4.892975">
        <ele>85.189949</ele>
        <time>2026-06-29T04:54:36.284Z</time>
      </trkpt>
      <trkpt lat="50.305400" lon="4.893745">
        <ele>85.201961</ele>
        <time>2026-06-29T04:54:45.831Z</time>
      </trkpt>
      <trkpt lat="50.304838" lon="4.894920">
        <ele>85.219444</ele>
        <time>2026-06-29T04:55:00.573Z</time>
      </trkpt>
      <trkpt lat="50.304620" lon="4.895269">
        <ele>85.162803</ele>
        <time>2026-06-29T04:55:05.223Z</time>
      </trkpt>
      <trkpt lat="50.304141" lon="4.895890">
        <ele>85.017239</ele>
        <time>2026-06-29T04:55:13.746Z</time>
      </trkpt>
      <trkpt lat="50.303682" lon="4.896342">
        <ele>84.890321</ele>
        <time>2026-06-29T04:55:21.074Z</time>
      </trkpt>
      <trkpt lat="50.303424" lon="4.896553">
        <ele>84.822190</ele>
        <time>2026-06-29T04:55:24.950Z</time>
      </trkpt>
      <trkpt lat="50.303163" lon="4.896772">
        <ele>84.823170</ele>
        <time>2026-06-29T04:55:28.882Z</time>
      </trkpt>
      <trkpt lat="50.301693" lon="4.898359">
        <ele>85.119051</ele>
        <time>2026-06-29T04:55:56.991Z</time>
      </trkpt>
      <trkpt lat="50.301109" lon="4.898863">
        <ele>85.503730</ele>
        <time>2026-06-29T04:56:08.512Z</time>
      </trkpt>
      <trkpt lat="50.300637" lon="4.899214">
        <ele>85.805163</ele>
        <time>2026-06-29T04:56:17.635Z</time>
      </trkpt>
      <trkpt lat="50.300155" lon="4.899432">
        <ele>86.089770</ele>
        <time>2026-06-29T04:56:26.311Z</time>
      </trkpt>
      <trkpt lat="50.299868" lon="4.899524">
        <ele>86.240996</ele>
        <time>2026-06-29T04:56:31.318Z</time>
      </trkpt>
      <trkpt lat="50.299341" lon="4.899610">
        <ele>86.514512</ele>
        <time>2026-06-29T04:56:40.373Z</time>
      </trkpt>
      <trkpt lat="50.298615" lon="4.899553">
        <ele>86.889750</ele>
        <time>2026-06-29T04:56:52.565Z</time>
      </trkpt>
      <trkpt lat="50.298312" lon="4.899478">
        <ele>87.072546</ele>
        <time>2026-06-29T04:56:57.619Z</time>
      </trkpt>
      <trkpt lat="50.297599" lon="4.899175">
        <ele>87.585605</ele>
        <time>2026-06-29T04:57:10.136Z</time>
      </trkpt>
      <trkpt lat="50.296818" lon="4.898752">
        <ele>88.159510</ele>
        <time>2026-06-29T04:57:25.294Z</time>
      </trkpt>
      <trkpt lat="50.296316" lon="4.898519">
        <ele>88.359939</ele>
        <time>2026-06-29T04:57:34.913Z</time>
      </trkpt>
      <trkpt lat="50.295849" lon="4.898214">
        <ele>88.518102</ele>
        <time>2026-06-29T04:57:43.364Z</time>
      </trkpt>
      <trkpt lat="50.294663" lon="4.897285">
        <ele>89.418899</ele>
        <time>2026-06-29T04:58:02.313Z</time>
      </trkpt>
      <trkpt lat="50.294221" lon="4.897012">
        <ele>90.068747</ele>
        <time>2026-06-29T04:58:10.019Z</time>
      </trkpt>
      <trkpt lat="50.293852" lon="4.896796">
        <ele>90.607534</ele>
        <time>2026-06-29T04:58:18.182Z</time>
      </trkpt>
      <trkpt lat="50.293596" lon="4.896689">
        <ele>90.969914</ele>
        <time>2026-06-29T04:58:25.031Z</time>
      </trkpt>
      <trkpt lat="50.293220" lon="4.896635">
        <ele>91.956668</ele>
        <time>2026-06-29T04:58:36.728Z</time>
      </trkpt>
      <trkpt lat="50.292855" lon="4.896664">
        <ele>93.444912</ele>
        <time>2026-06-29T04:58:48.634Z</time>
      </trkpt>
      <trkpt lat="50.292122" lon="4.896879">
        <ele>96.481745</ele>
        <time>2026-06-29T04:59:12.281Z</time>
      </trkpt>
      <trkpt lat="50.291543" lon="4.896965">
        <ele>98.856627</ele>
        <time>2026-06-29T04:59:31.453Z</time>
      </trkpt>
      <trkpt lat="50.291453" lon="4.896968">
        <ele>99.231822</ele>
        <time>2026-06-29T04:59:34.218Z</time>
      </trkpt>
      <trkpt lat="50.290703" lon="4.896986">
        <ele>102.358105</ele>
        <time>2026-06-29T04:59:55.621Z</time>
      </trkpt>
      <trkpt lat="50.289978" lon="4.896988">
        <ele>105.379828</ele>
        <time>2026-06-29T05:00:20.574Z</time>
      </trkpt>
      <trkpt lat="50.289352" lon="4.896988">
        <ele>106.556354</ele>
        <time>2026-06-29T05:00:40.758Z</time>
      </trkpt>
      <trkpt lat="50.289066" lon="4.896957">
        <ele>106.859514</ele>
        <time>2026-06-29T05:00:47.855Z</time>
      </trkpt>
      <trkpt lat="50.288699" lon="4.896834">
        <ele>107.256402</ele>
        <time>2026-06-29T05:00:55.182Z</time>
      </trkpt>
      <trkpt lat="50.287574" lon="4.896382">
        <ele>107.476696</ele>
        <time>2026-06-29T05:01:07.894Z</time>
      </trkpt>
      <trkpt lat="50.287191" lon="4.896356">
        <ele>107.086059</ele>
        <time>2026-06-29T05:01:12.123Z</time>
      </trkpt>
      <trkpt lat="50.286843" lon="4.896398">
        <ele>106.730401</ele>
        <time>2026-06-29T05:01:16.423Z</time>
      </trkpt>
      <trkpt lat="50.286344" lon="4.896543">
        <ele>106.213239</ele>
        <time>2026-06-29T05:01:24.142Z</time>
      </trkpt>
      <trkpt lat="50.283585" lon="4.896705">
        <ele>107.085078</ele>
        <time>2026-06-29T05:02:09.781Z</time>
      </trkpt>
      <trkpt lat="50.281920" lon="4.896767">
        <ele>107.226320</ele>
        <time>2026-06-29T05:02:35.623Z</time>
      </trkpt>
      <trkpt lat="50.281791" lon="4.896761">
        <ele>107.203006</ele>
        <time>2026-06-29T05:02:37.797Z</time>
      </trkpt>
      <trkpt lat="50.281145" lon="4.896850">
        <ele>107.085853</ele>
        <time>2026-06-29T05:02:48.862Z</time>
      </trkpt>
      <trkpt lat="50.281065" lon="4.896847">
        <ele>107.071397</ele>
        <time>2026-06-29T05:02:49.898Z</time>
      </trkpt>
      <trkpt lat="50.280314" lon="4.896950">
        <ele>105.050013</ele>
        <time>2026-06-29T05:02:58.097Z</time>
      </trkpt>
      <trkpt lat="50.280221" lon="4.896966">
        <ele>104.722926</ele>
        <time>2026-06-29T05:02:59.006Z</time>
      </trkpt>
      <trkpt lat="50.279046" lon="4.897100">
        <ele>100.623502</ele>
        <time>2026-06-29T05:03:10.159Z</time>
      </trkpt>
      <trkpt lat="50.277545" lon="4.897551">
        <ele>95.986829</ele>
        <time>2026-06-29T05:03:26.024Z</time>
      </trkpt>
      <trkpt lat="50.276910" lon="4.897612">
        <ele>94.388266</ele>
        <time>2026-06-29T05:03:32.675Z</time>
      </trkpt>
      <trkpt lat="50.276520" lon="4.897744">
        <ele>93.502206</ele>
        <time>2026-06-29T05:03:36.807Z</time>
      </trkpt>
      <trkpt lat="50.276082" lon="4.897985">
        <ele>92.471204</ele>
        <time>2026-06-29T05:03:41.731Z</time>
      </trkpt>
      <trkpt lat="50.275553" lon="4.898450">
        <ele>91.233039</ele>
        <time>2026-06-29T05:03:48.704Z</time>
      </trkpt>
      <trkpt lat="50.274983" lon="4.899030">
        <ele>90.662333</ele>
        <time>2026-06-29T05:03:57.271Z</time>
      </trkpt>
      <trkpt lat="50.274121" lon="4.900042">
        <ele>89.783863</ele>
        <time>2026-06-29T05:04:10.938Z</time>
      </trkpt>
      <trkpt lat="50.273639" lon="4.900662">
        <ele>89.688295</ele>
        <time>2026-06-29T05:04:19.373Z</time>
      </trkpt>
      <trkpt lat="50.273453" lon="4.900981">
        <ele>89.646026</ele>
        <time>2026-06-29T05:04:23.385Z</time>
      </trkpt>
      <trkpt lat="50.272965" lon="4.901561">
        <ele>89.552165</ele>
        <time>2026-06-29T05:04:32.858Z</time>
      </trkpt>
      <trkpt lat="50.272067" lon="4.902486">
        <ele>89.397472</ele>
        <time>2026-06-29T05:04:49.099Z</time>
      </trkpt>
      <trkpt lat="50.269565" lon="4.904655">
        <ele>88.703455</ele>
        <time>2026-06-29T05:05:28.316Z</time>
      </trkpt>
      <trkpt lat="50.269233" lon="4.904939">
        <ele>88.779002</ele>
        <time>2026-06-29T05:05:33.644Z</time>
      </trkpt>
      <trkpt lat="50.269111" lon="4.905054">
        <ele>88.807439</ele>
        <time>2026-06-29T05:05:35.816Z</time>
      </trkpt>
      <trkpt lat="50.268689" lon="4.905451">
        <ele>88.905754</ele>
        <time>2026-06-29T05:05:43.707Z</time>
      </trkpt>
      <trkpt lat="50.268554" lon="4.905562">
        <ele>88.936203</ele>
        <time>2026-06-29T05:05:46.205Z</time>
      </trkpt>
      <trkpt lat="50.268476" lon="4.905624">
        <ele>88.953671</ele>
        <time>2026-06-29T05:05:47.610Z</time>
      </trkpt>
      <trkpt lat="50.268286" lon="4.905791">
        <ele>88.997182</ele>
        <time>2026-06-29T05:05:51.256Z</time>
      </trkpt>
      <trkpt lat="50.268206" lon="4.905849">
        <ele>89.014787</ele>
        <time>2026-06-29T05:05:52.755Z</time>
      </trkpt>
      <trkpt lat="50.267870" lon="4.906080">
        <ele>89.090181</ele>
        <time>2026-06-29T05:05:59.173Z</time>
      </trkpt>
      <trkpt lat="50.267621" lon="4.906244">
        <ele>89.146745</ele>
        <time>2026-06-29T05:06:03.591Z</time>
      </trkpt>
      <trkpt lat="50.267550" lon="4.906278">
        <ele>89.162291</ele>
        <time>2026-06-29T05:06:04.819Z</time>
      </trkpt>
      <trkpt lat="50.267463" lon="4.906314">
        <ele>89.181133</ele>
        <time>2026-06-29T05:06:06.315Z</time>
      </trkpt>
      <trkpt lat="50.266786" lon="4.906591">
        <ele>89.327642</ele>
        <time>2026-06-29T05:06:17.130Z</time>
      </trkpt>
      <trkpt lat="50.266750" lon="4.906612">
        <ele>89.335686</ele>
        <time>2026-06-29T05:06:17.690Z</time>
      </trkpt>
      <trkpt lat="50.266608" lon="4.906676">
        <ele>89.366625</ele>
        <time>2026-06-29T05:06:19.862Z</time>
      </trkpt>
      <trkpt lat="50.265605" lon="4.907142">
        <ele>89.307835</ele>
        <time>2026-06-29T05:06:34.757Z</time>
      </trkpt>
      <trkpt lat="50.265110" lon="4.907343">
        <ele>89.234158</ele>
        <time>2026-06-29T05:06:42.233Z</time>
      </trkpt>
      <trkpt lat="50.264586" lon="4.907616">
        <ele>89.149410</ele>
        <time>2026-06-29T05:06:50.312Z</time>
      </trkpt>
      <trkpt lat="50.264175" lon="4.907850">
        <ele>89.042144</ele>
        <time>2026-06-29T05:06:56.032Z</time>
      </trkpt>
      <trkpt lat="50.264026" lon="4.907899">
        <ele>89.004803</ele>
        <time>2026-06-29T05:06:58.193Z</time>
      </trkpt>
      <trkpt lat="50.263709" lon="4.908071">
        <ele>88.922516</ele>
        <time>2026-06-29T05:07:03.002Z</time>
      </trkpt>
      <trkpt lat="50.263558" lon="4.908202">
        <ele>88.880169</ele>
        <time>2026-06-29T05:07:05.556Z</time>
      </trkpt>
      <trkpt lat="50.263496" lon="4.908255">
        <ele>88.862842</ele>
        <time>2026-06-29T05:07:06.474Z</time>
      </trkpt>
      <trkpt lat="50.262871" lon="4.908798">
        <ele>88.705996</ele>
        <time>2026-06-29T05:07:16.492Z</time>
      </trkpt>
      <trkpt lat="50.262787" lon="4.908886">
        <ele>88.694949</ele>
        <time>2026-06-29T05:07:17.798Z</time>
      </trkpt>
      <trkpt lat="50.262657" lon="4.909039">
        <ele>88.677173</ele>
        <time>2026-06-29T05:07:19.928Z</time>
      </trkpt>
      <trkpt lat="50.262339" lon="4.909528">
        <ele>88.628448</ele>
        <time>2026-06-29T05:07:26.242Z</time>
      </trkpt>
      <trkpt lat="50.262281" lon="4.909575">
        <ele>88.621310</ele>
        <time>2026-06-29T05:07:27.248Z</time>
      </trkpt>
      <trkpt lat="50.262198" lon="4.909733">
        <ele>88.607025</ele>
        <time>2026-06-29T05:07:29.108Z</time>
      </trkpt>
      <trkpt lat="50.261792" lon="4.910468">
        <ele>88.539172</ele>
        <time>2026-06-29T05:07:37.844Z</time>
      </trkpt>
      <trkpt lat="50.261500" lon="4.910900">
        <ele>88.615003</ele>
        <time>2026-06-29T05:07:44.581Z</time>
      </trkpt>
      <trkpt lat="50.260861" lon="4.911714">
        <ele>88.895984</ele>
        <time>2026-06-29T05:07:59.153Z</time>
      </trkpt>
      <trkpt lat="50.260588" lon="4.911960">
        <ele>89.003407</ele>
        <time>2026-06-29T05:08:04.131Z</time>
      </trkpt>
      <trkpt lat="50.260423" lon="4.912060">
        <ele>89.063741</ele>
        <time>2026-06-29T05:08:06.801Z</time>
      </trkpt>
      <trkpt lat="50.259591" lon="4.912398">
        <ele>89.181675</ele>
        <time>2026-06-29T05:08:19.254Z</time>
      </trkpt>
      <trkpt lat="50.258864" lon="4.912638">
        <ele>89.232620</ele>
        <time>2026-06-29T05:08:30.420Z</time>
      </trkpt>
      <trkpt lat="50.258404" lon="4.912841">
        <ele>89.276185</ele>
        <time>2026-06-29T05:08:37.988Z</time>
      </trkpt>
      <trkpt lat="50.258347" lon="4.912869">
        <ele>89.290149</ele>
        <time>2026-06-29T05:08:38.961Z</time>
      </trkpt>
      <trkpt lat="50.257888" lon="4.913028">
        <ele>89.400031</ele>
        <time>2026-06-29T05:08:46.065Z</time>
      </trkpt>
      <trkpt lat="50.257390" lon="4.913185">
        <ele>89.518770</ele>
        <time>2026-06-29T05:08:54.206Z</time>
      </trkpt>
      <trkpt lat="50.257342" lon="4.913201">
        <ele>89.530241</ele>
        <time>2026-06-29T05:08:54.954Z</time>
      </trkpt>
      <trkpt lat="50.257213" lon="4.913245">
        <ele>89.561101</ele>
        <time>2026-06-29T05:08:57.007Z</time>
      </trkpt>
      <trkpt lat="50.257083" lon="4.913284">
        <ele>89.592039</ele>
        <time>2026-06-29T05:08:58.987Z</time>
      </trkpt>
      <trkpt lat="50.256984" lon="4.913316">
        <ele>89.615668</ele>
        <time>2026-06-29T05:09:00.498Z</time>
      </trkpt>
      <trkpt lat="50.256654" lon="4.913422">
        <ele>89.726097</ele>
        <time>2026-06-29T05:09:05.284Z</time>
      </trkpt>
      <trkpt lat="50.256424" lon="4.913501">
        <ele>89.914268</ele>
        <time>2026-06-29T05:09:09.289Z</time>
      </trkpt>
      <trkpt lat="50.256218" lon="4.913657">
        <ele>90.097162</ele>
        <time>2026-06-29T05:09:13.904Z</time>
      </trkpt>
      <trkpt lat="50.255667" lon="4.914608">
        <ele>90.752860</ele>
        <time>2026-06-29T05:09:31.395Z</time>
      </trkpt>
      <trkpt lat="50.255454" lon="4.914867">
        <ele>90.968454</ele>
        <time>2026-06-29T05:09:36.238Z</time>
      </trkpt>
      <trkpt lat="50.255322" lon="4.914894">
        <ele>91.074833</ele>
        <time>2026-06-29T05:09:38.346Z</time>
      </trkpt>
      <trkpt lat="50.254988" lon="4.914956">
        <ele>91.118597</ele>
        <time>2026-06-29T05:09:42.794Z</time>
      </trkpt>
      <trkpt lat="50.254650" lon="4.915063">
        <ele>91.118597</ele>
        <time>2026-06-29T05:09:47.088Z</time>
      </trkpt>
      <trkpt lat="50.254285" lon="4.915282">
        <ele>91.118597</ele>
        <time>2026-06-29T05:09:51.726Z</time>
      </trkpt>
      <trkpt lat="50.254002" lon="4.915532">
        <ele>91.118597</ele>
        <time>2026-06-29T05:09:55.493Z</time>
      </trkpt>
      <trkpt lat="50.253905" lon="4.915640">
        <ele>91.118597</ele>
        <time>2026-06-29T05:09:56.865Z</time>
      </trkpt>
    </trkseg>
  </trk>
</gpx>