<?xml version='1.0' encoding='UTF-8'?>
<gpx version="1.1" creator="https://www.komoot.de" xmlns="http://www.topografix.com/GPX/1/1" xmlns:xsi="http://www.w3.org/2001/XMLSchema-instance" xsi:schemaLocation="http://www.topografix.com/GPX/1/1 http://www.topografix.com/GPX/1/1/gpx.xsd">
  <metadata>
    <name>2026 Rynkeby Day1 Lübeck-Walsrode Mari edition v2</name>
    <author>
      <link href="https://www.komoot.de">
        <text>komoot</text>
        <type>text/html</type>
      </link>
    </author>
  </metadata>
  <wpt lat="53.733794" lon="10.532666">
    <name>Bio</name>
    <sym>Picnic Area</sym>
  </wpt>
  <wpt lat="53.542342" lon="10.534644">
    <name>Välihuolto</name>
    <sym>Restaurant</sym>
  </wpt>
  <wpt lat="53.431448" lon="10.362894">
    <name>Tietyö</name>
    <desc>Saattaa olla taka-autolle ajokielto, kiertää korttelin pohjoisen (oikean) kautta</desc>
    <sym>Flag, Blue</sym>
  </wpt>
  <wpt lat="53.432949" lon="10.338469">
    <name>Pyörätielle</name>
    <sym>Flag, Blue</sym>
  </wpt>
  <wpt lat="53.431234" lon="10.335222">
    <name>Bio</name>
    <sym>Picnic Area</sym>
  </wpt>
  <wpt lat="53.419069" lon="10.336495">
    <name>Taka-auto liittyy</name>
    <sym>Flag, Blue</sym>
  </wpt>
  <wpt lat="53.294173" lon="10.144296">
    <name>Lounas</name>
    <sym>Restaurant</sym>
  </wpt>
  <wpt lat="53.173324" lon="10.058745">
    <name>Bio</name>
    <sym>Picnic Area</sym>
  </wpt>
  <wpt lat="53.057387" lon="9.951679">
    <name>Välihuolto</name>
    <sym>Restaurant</sym>
  </wpt>
  <wpt lat="52.966770" lon="9.800687">
    <name>Bio</name>
    <sym>Picnic Area</sym>
  </wpt>
  <trk>
    <name>2026 Rynkeby Day1 Lübeck-Walsrode Mari edition v2</name>
    <type>racebike</type>
    <trkseg>
      <trkpt lat="53.866360" lon="10.671426">
        <ele>9.718608</ele>
        <time>2026-06-27T18:29:35.297Z</time>
      </trkpt>
      <trkpt lat="53.866416" lon="10.671602">
        <ele>9.718608</ele>
        <time>2026-06-27T18:29:43.528Z</time>
      </trkpt>
      <trkpt lat="53.866405" lon="10.671801">
        <ele>9.718608</ele>
        <time>2026-06-27T18:29:51.718Z</time>
      </trkpt>
      <trkpt lat="53.866358" lon="10.671933">
        <ele>9.718608</ele>
        <time>2026-06-27T18:29:58.049Z</time>
      </trkpt>
      <trkpt lat="53.866282" lon="10.672024">
        <ele>9.718608</ele>
        <time>2026-06-27T18:30:04.491Z</time>
      </trkpt>
      <trkpt lat="53.866250" lon="10.671940">
        <ele>9.718608</ele>
        <time>2026-06-27T18:30:08.629Z</time>
      </trkpt>
      <trkpt lat="53.866218" lon="10.671978">
        <ele>9.718608</ele>
        <time>2026-06-27T18:30:09.425Z</time>
      </trkpt>
      <trkpt lat="53.866140" lon="10.672120">
        <ele>9.718608</ele>
        <time>2026-06-27T18:30:12.364Z</time>
      </trkpt>
      <trkpt lat="53.866105" lon="10.672185">
        <ele>9.718608</ele>
        <time>2026-06-27T18:30:13.726Z</time>
      </trkpt>
      <trkpt lat="53.866042" lon="10.672060">
        <ele>9.718608</ele>
        <time>2026-06-27T18:30:15.749Z</time>
      </trkpt>
      <trkpt lat="53.865318" lon="10.670615">
        <ele>10.807156</ele>
        <time>2026-06-27T18:30:39.077Z</time>
      </trkpt>
      <trkpt lat="53.865180" lon="10.670328">
        <ele>11.044888</ele>
        <time>2026-06-27T18:30:43.264Z</time>
      </trkpt>
      <trkpt lat="53.865100" lon="10.670169">
        <ele>11.179067</ele>
        <time>2026-06-27T18:30:45.533Z</time>
      </trkpt>
      <trkpt lat="53.865028" lon="10.670017">
        <ele>11.304230</ele>
        <time>2026-06-27T18:30:47.536Z</time>
      </trkpt>
      <trkpt lat="53.864796" lon="10.669552">
        <ele>11.672453</ele>
        <time>2026-06-27T18:30:53.746Z</time>
      </trkpt>
      <trkpt lat="53.863883" lon="10.667708">
        <ele>11.317253</ele>
        <time>2026-06-27T18:31:14.330Z</time>
      </trkpt>
      <trkpt lat="53.863814" lon="10.667564">
        <ele>11.289881</ele>
        <time>2026-06-27T18:31:15.682Z</time>
      </trkpt>
      <trkpt lat="53.863880" lon="10.667471">
        <ele>11.268414</ele>
        <time>2026-06-27T18:31:16.721Z</time>
      </trkpt>
      <trkpt lat="53.864310" lon="10.666872">
        <ele>10.888862</ele>
        <time>2026-06-27T18:31:23.423Z</time>
      </trkpt>
      <trkpt lat="53.864468" lon="10.666696">
        <ele>10.725064</ele>
        <time>2026-06-27T18:31:25.647Z</time>
      </trkpt>
      <trkpt lat="53.864502" lon="10.666659">
        <ele>10.690060</ele>
        <time>2026-06-27T18:31:26.120Z</time>
      </trkpt>
      <trkpt lat="53.864684" lon="10.666463">
        <ele>10.503250</ele>
        <time>2026-06-27T18:31:28.640Z</time>
      </trkpt>
      <trkpt lat="53.864994" lon="10.666150">
        <ele>10.190637</ele>
        <time>2026-06-27T18:31:32.801Z</time>
      </trkpt>
      <trkpt lat="53.866297" lon="10.664838">
        <ele>10.160001</ele>
        <time>2026-06-27T18:31:53.780Z</time>
      </trkpt>
      <trkpt lat="53.866342" lon="10.664791">
        <ele>10.188479</ele>
        <time>2026-06-27T18:31:54.796Z</time>
      </trkpt>
      <trkpt lat="53.866372" lon="10.664754">
        <ele>10.208468</ele>
        <time>2026-06-27T18:31:55.499Z</time>
      </trkpt>
      <trkpt lat="53.866383" lon="10.664743">
        <ele>10.215349</ele>
        <time>2026-06-27T18:31:55.726Z</time>
      </trkpt>
      <trkpt lat="53.866793" lon="10.664387">
        <ele>10.463555</ele>
        <time>2026-06-27T18:32:04.959Z</time>
      </trkpt>
      <trkpt lat="53.867011" lon="10.664256">
        <ele>10.588182</ele>
        <time>2026-06-27T18:32:10.061Z</time>
      </trkpt>
      <trkpt lat="53.867394" lon="10.664026">
        <ele>10.952174</ele>
        <time>2026-06-27T18:32:19.513Z</time>
      </trkpt>
      <trkpt lat="53.868273" lon="10.663510">
        <ele>11.882009</ele>
        <time>2026-06-27T18:32:35.515Z</time>
      </trkpt>
      <trkpt lat="53.868142" lon="10.662861">
        <ele>12.286345</ele>
        <time>2026-06-27T18:32:42.947Z</time>
      </trkpt>
      <trkpt lat="53.868142" lon="10.662721">
        <ele>12.368866</ele>
        <time>2026-06-27T18:32:44.642Z</time>
      </trkpt>
      <trkpt lat="53.868144" lon="10.662579">
        <ele>12.458026</ele>
        <time>2026-06-27T18:32:46.288Z</time>
      </trkpt>
      <trkpt lat="53.868143" lon="10.662373">
        <ele>12.618066</ele>
        <time>2026-06-27T18:32:48.638Z</time>
      </trkpt>
      <trkpt lat="53.868144" lon="10.662274">
        <ele>12.694987</ele>
        <time>2026-06-27T18:32:49.655Z</time>
      </trkpt>
      <trkpt lat="53.868158" lon="10.661608">
        <ele>13.212708</ele>
        <time>2026-06-27T18:32:56.888Z</time>
      </trkpt>
      <trkpt lat="53.868171" lon="10.661238">
        <ele>13.500657</ele>
        <time>2026-06-27T18:33:01.092Z</time>
      </trkpt>
      <trkpt lat="53.868184" lon="10.660805">
        <ele>13.837475</ele>
        <time>2026-06-27T18:33:06.809Z</time>
      </trkpt>
      <trkpt lat="53.868354" lon="10.660627">
        <ele>14.100701</ele>
        <time>2026-06-27T18:33:11.457Z</time>
      </trkpt>
      <trkpt lat="53.868412" lon="10.660536">
        <ele>14.204802</ele>
        <time>2026-06-27T18:33:13.328Z</time>
      </trkpt>
      <trkpt lat="53.868216" lon="10.660093">
        <ele>14.635061</ele>
        <time>2026-06-27T18:33:20.266Z</time>
      </trkpt>
      <trkpt lat="53.868025" lon="10.659662">
        <ele>14.915865</ele>
        <time>2026-06-27T18:33:26.443Z</time>
      </trkpt>
      <trkpt lat="53.867679" lon="10.658877">
        <ele>15.254608</ele>
        <time>2026-06-27T18:33:36.717Z</time>
      </trkpt>
      <trkpt lat="53.867633" lon="10.658765">
        <ele>15.301783</ele>
        <time>2026-06-27T18:33:38.078Z</time>
      </trkpt>
      <trkpt lat="53.867250" lon="10.657779">
        <ele>15.709877</ele>
        <time>2026-06-27T18:33:49.223Z</time>
      </trkpt>
      <trkpt lat="53.867209" lon="10.657682">
        <ele>15.751127</ele>
        <time>2026-06-27T18:33:50.238Z</time>
      </trkpt>
      <trkpt lat="53.867160" lon="10.657557">
        <ele>15.803007</ele>
        <time>2026-06-27T18:33:51.652Z</time>
      </trkpt>
      <trkpt lat="53.866888" lon="10.656873">
        <ele>15.781641</ele>
        <time>2026-06-27T18:33:58.960Z</time>
      </trkpt>
      <trkpt lat="53.866757" lon="10.656538">
        <ele>15.734318</ele>
        <time>2026-06-27T18:34:02.402Z</time>
      </trkpt>
      <trkpt lat="53.866543" lon="10.656232">
        <ele>15.678433</ele>
        <time>2026-06-27T18:34:06.363Z</time>
      </trkpt>
      <trkpt lat="53.866503" lon="10.656178">
        <ele>15.668226</ele>
        <time>2026-06-27T18:34:07.088Z</time>
      </trkpt>
      <trkpt lat="53.866454" lon="10.656122">
        <ele>15.656429</ele>
        <time>2026-06-27T18:34:07.898Z</time>
      </trkpt>
      <trkpt lat="53.866362" lon="10.656042">
        <ele>15.635787</ele>
        <time>2026-06-27T18:34:09.282Z</time>
      </trkpt>
      <trkpt lat="53.866146" lon="10.655948">
        <ele>15.591265</ele>
        <time>2026-06-27T18:34:12.256Z</time>
      </trkpt>
      <trkpt lat="53.866045" lon="10.655932">
        <ele>15.571013</ele>
        <time>2026-06-27T18:34:13.643Z</time>
      </trkpt>
      <trkpt lat="53.865811" lon="10.655896">
        <ele>15.524103</ele>
        <time>2026-06-27T18:34:16.784Z</time>
      </trkpt>
      <trkpt lat="53.865687" lon="10.655891">
        <ele>15.498680</ele>
        <time>2026-06-27T18:34:18.481Z</time>
      </trkpt>
      <trkpt lat="53.865611" lon="10.655888">
        <ele>15.474235</ele>
        <time>2026-06-27T18:34:19.508Z</time>
      </trkpt>
      <trkpt lat="53.865134" lon="10.655843">
        <ele>15.320613</ele>
        <time>2026-06-27T18:34:25.973Z</time>
      </trkpt>
      <trkpt lat="53.864948" lon="10.655743">
        <ele>15.257868</ele>
        <time>2026-06-27T18:34:28.611Z</time>
      </trkpt>
      <trkpt lat="53.864835" lon="10.655641">
        <ele>15.216705</ele>
        <time>2026-06-27T18:34:30.249Z</time>
      </trkpt>
      <trkpt lat="53.864772" lon="10.655570">
        <ele>15.192381</ele>
        <time>2026-06-27T18:34:31.171Z</time>
      </trkpt>
      <trkpt lat="53.864755" lon="10.655543">
        <ele>15.184891</ele>
        <time>2026-06-27T18:34:31.446Z</time>
      </trkpt>
      <trkpt lat="53.864597" lon="10.655280">
        <ele>15.113698</ele>
        <time>2026-06-27T18:34:34.349Z</time>
      </trkpt>
      <trkpt lat="53.864486" lon="10.655050">
        <ele>15.057340</ele>
        <time>2026-06-27T18:34:36.716Z</time>
      </trkpt>
      <trkpt lat="53.864272" lon="10.654617">
        <ele>14.950209</ele>
        <time>2026-06-27T18:34:41.601Z</time>
      </trkpt>
      <trkpt lat="53.864027" lon="10.654128">
        <ele>14.966179</ele>
        <time>2026-06-27T18:34:47.471Z</time>
      </trkpt>
      <trkpt lat="53.863886" lon="10.653849">
        <ele>14.999066</ele>
        <time>2026-06-27T18:34:51.214Z</time>
      </trkpt>
      <trkpt lat="53.863825" lon="10.653731">
        <ele>15.013111</ele>
        <time>2026-06-27T18:34:52.690Z</time>
      </trkpt>
      <trkpt lat="53.863762" lon="10.653612">
        <ele>15.027424</ele>
        <time>2026-06-27T18:34:54.343Z</time>
      </trkpt>
      <trkpt lat="53.863702" lon="10.653508">
        <ele>15.040446</ele>
        <time>2026-06-27T18:34:55.824Z</time>
      </trkpt>
      <trkpt lat="53.863579" lon="10.653278">
        <ele>15.068236</ele>
        <time>2026-06-27T18:34:58.648Z</time>
      </trkpt>
      <trkpt lat="53.863297" lon="10.652735">
        <ele>15.132996</ele>
        <time>2026-06-27T18:35:04.585Z</time>
      </trkpt>
      <trkpt lat="53.863143" lon="10.652440">
        <ele>15.168259</ele>
        <time>2026-06-27T18:35:08.503Z</time>
      </trkpt>
      <trkpt lat="53.862978" lon="10.652124">
        <ele>15.194266</ele>
        <time>2026-06-27T18:35:12.585Z</time>
      </trkpt>
      <trkpt lat="53.862760" lon="10.651700">
        <ele>15.190762</ele>
        <time>2026-06-27T18:35:17.521Z</time>
      </trkpt>
      <trkpt lat="53.862585" lon="10.651399">
        <ele>15.188128</ele>
        <time>2026-06-27T18:35:21.141Z</time>
      </trkpt>
      <trkpt lat="53.862466" lon="10.651194">
        <ele>15.186336</ele>
        <time>2026-06-27T18:35:23.578Z</time>
      </trkpt>
      <trkpt lat="53.862372" lon="10.651030">
        <ele>15.184912</ele>
        <time>2026-06-27T18:35:25.436Z</time>
      </trkpt>
      <trkpt lat="53.862291" lon="10.650891">
        <ele>15.183694</ele>
        <time>2026-06-27T18:35:26.982Z</time>
      </trkpt>
      <trkpt lat="53.862217" lon="10.650761">
        <ele>15.182569</ele>
        <time>2026-06-27T18:35:28.385Z</time>
      </trkpt>
      <trkpt lat="53.862182" lon="10.650701">
        <ele>15.182043</ele>
        <time>2026-06-27T18:35:29.033Z</time>
      </trkpt>
      <trkpt lat="53.862099" lon="10.650581">
        <ele>15.180891</ele>
        <time>2026-06-27T18:35:30.482Z</time>
      </trkpt>
      <trkpt lat="53.861848" lon="10.650125">
        <ele>15.177005</ele>
        <time>2026-06-27T18:35:36.142Z</time>
      </trkpt>
      <trkpt lat="53.861681" lon="10.649820">
        <ele>15.256650</ele>
        <time>2026-06-27T18:35:40.224Z</time>
      </trkpt>
      <trkpt lat="53.861473" lon="10.649456">
        <ele>15.413851</ele>
        <time>2026-06-27T18:35:45.082Z</time>
      </trkpt>
      <trkpt lat="53.861279" lon="10.649116">
        <ele>15.560582</ele>
        <time>2026-06-27T18:35:49.849Z</time>
      </trkpt>
      <trkpt lat="53.861259" lon="10.649083">
        <ele>15.575259</ele>
        <time>2026-06-27T18:35:50.363Z</time>
      </trkpt>
      <trkpt lat="53.861126" lon="10.648850">
        <ele>15.675833</ele>
        <time>2026-06-27T18:35:53.676Z</time>
      </trkpt>
      <trkpt lat="53.860738" lon="10.648172">
        <ele>15.968852</ele>
        <time>2026-06-27T18:36:03.268Z</time>
      </trkpt>
      <trkpt lat="53.860636" lon="10.647995">
        <ele>16.045608</ele>
        <time>2026-06-27T18:36:05.854Z</time>
      </trkpt>
      <trkpt lat="53.860360" lon="10.647532">
        <ele>16.132853</ele>
        <time>2026-06-27T18:36:12.898Z</time>
      </trkpt>
      <trkpt lat="53.860203" lon="10.647257">
        <ele>16.142957</ele>
        <time>2026-06-27T18:36:16.857Z</time>
      </trkpt>
      <trkpt lat="53.859970" lon="10.646850">
        <ele>16.157931</ele>
        <time>2026-06-27T18:36:22.178Z</time>
      </trkpt>
      <trkpt lat="53.859836" lon="10.646615">
        <ele>16.166561</ele>
        <time>2026-06-27T18:36:24.947Z</time>
      </trkpt>
      <trkpt lat="53.859689" lon="10.646363">
        <ele>16.175918</ele>
        <time>2026-06-27T18:36:27.813Z</time>
      </trkpt>
      <trkpt lat="53.859547" lon="10.646117">
        <ele>16.185005</ele>
        <time>2026-06-27T18:36:30.554Z</time>
      </trkpt>
      <trkpt lat="53.859378" lon="10.645827">
        <ele>16.195768</ele>
        <time>2026-06-27T18:36:33.771Z</time>
      </trkpt>
      <trkpt lat="53.859003" lon="10.645184">
        <ele>16.127087</ele>
        <time>2026-06-27T18:36:40.852Z</time>
      </trkpt>
      <trkpt lat="53.858813" lon="10.644839">
        <ele>16.072316</ele>
        <time>2026-06-27T18:36:44.567Z</time>
      </trkpt>
      <trkpt lat="53.858594" lon="10.644453">
        <ele>16.010168</ele>
        <time>2026-06-27T18:36:48.843Z</time>
      </trkpt>
      <trkpt lat="53.858271" lon="10.643904">
        <ele>15.920189</ele>
        <time>2026-06-27T18:36:55.497Z</time>
      </trkpt>
      <trkpt lat="53.858181" lon="10.643751">
        <ele>15.895116</ele>
        <time>2026-06-27T18:36:57.475Z</time>
      </trkpt>
      <trkpt lat="53.857803" lon="10.643063">
        <ele>15.848423</ele>
        <time>2026-06-27T18:37:06.237Z</time>
      </trkpt>
      <trkpt lat="53.857417" lon="10.642363">
        <ele>15.848068</ele>
        <time>2026-06-27T18:37:15.207Z</time>
      </trkpt>
      <trkpt lat="53.857214" lon="10.641983">
        <ele>15.847879</ele>
        <time>2026-06-27T18:37:19.780Z</time>
      </trkpt>
      <trkpt lat="53.857086" lon="10.641744">
        <ele>15.847759</ele>
        <time>2026-06-27T18:37:22.448Z</time>
      </trkpt>
      <trkpt lat="53.857004" lon="10.641592">
        <ele>15.847683</ele>
        <time>2026-06-27T18:37:24.105Z</time>
      </trkpt>
      <trkpt lat="53.856653" lon="10.640966">
        <ele>15.705839</ele>
        <time>2026-06-27T18:37:30.966Z</time>
      </trkpt>
      <trkpt lat="53.856209" lon="10.640162">
        <ele>15.264525</ele>
        <time>2026-06-27T18:37:39.769Z</time>
      </trkpt>
      <trkpt lat="53.856138" lon="10.640041">
        <ele>15.196136</ele>
        <time>2026-06-27T18:37:41.089Z</time>
      </trkpt>
      <trkpt lat="53.855948" lon="10.639749">
        <ele>15.021926</ele>
        <time>2026-06-27T18:37:44.202Z</time>
      </trkpt>
      <trkpt lat="53.855897" lon="10.639672">
        <ele>14.975533</ele>
        <time>2026-06-27T18:37:45.027Z</time>
      </trkpt>
      <trkpt lat="53.855829" lon="10.639579">
        <ele>14.916182</ele>
        <time>2026-06-27T18:37:46.014Z</time>
      </trkpt>
      <trkpt lat="53.855505" lon="10.639158">
        <ele>14.638868</ele>
        <time>2026-06-27T18:37:50.941Z</time>
      </trkpt>
      <trkpt lat="53.855418" lon="10.638968">
        <ele>14.521726</ele>
        <time>2026-06-27T18:37:52.826Z</time>
      </trkpt>
      <trkpt lat="53.855295" lon="10.638787">
        <ele>14.383446</ele>
        <time>2026-06-27T18:37:54.980Z</time>
      </trkpt>
      <trkpt lat="53.855253" lon="10.638733">
        <ele>14.338692</ele>
        <time>2026-06-27T18:37:55.647Z</time>
      </trkpt>
      <trkpt lat="53.854926" lon="10.638310">
        <ele>13.989476</ele>
        <time>2026-06-27T18:38:00.801Z</time>
      </trkpt>
      <trkpt lat="53.854847" lon="10.638202">
        <ele>13.903313</ele>
        <time>2026-06-27T18:38:02.078Z</time>
      </trkpt>
      <trkpt lat="53.854756" lon="10.638092">
        <ele>13.808424</ele>
        <time>2026-06-27T18:38:03.437Z</time>
      </trkpt>
      <trkpt lat="53.854694" lon="10.638212">
        <ele>13.728535</ele>
        <time>2026-06-27T18:38:04.550Z</time>
      </trkpt>
      <trkpt lat="53.854633" lon="10.638352">
        <ele>13.641370</ele>
        <time>2026-06-27T18:38:05.771Z</time>
      </trkpt>
      <trkpt lat="53.854516" lon="10.638584">
        <ele>13.488510</ele>
        <time>2026-06-27T18:38:07.878Z</time>
      </trkpt>
      <trkpt lat="53.854453" lon="10.638769">
        <ele>13.381532</ele>
        <time>2026-06-27T18:38:09.428Z</time>
      </trkpt>
      <trkpt lat="53.854266" lon="10.638982">
        <ele>13.190258</ele>
        <time>2026-06-27T18:38:12.349Z</time>
      </trkpt>
      <trkpt lat="53.853559" lon="10.639642">
        <ele>12.750745</ele>
        <time>2026-06-27T18:38:23.386Z</time>
      </trkpt>
      <trkpt lat="53.853281" lon="10.639906">
        <ele>12.592223</ele>
        <time>2026-06-27T18:38:27.545Z</time>
      </trkpt>
      <trkpt lat="53.853165" lon="10.640011">
        <ele>12.526804</ele>
        <time>2026-06-27T18:38:29.267Z</time>
      </trkpt>
      <trkpt lat="53.853061" lon="10.640112">
        <ele>12.467177</ele>
        <time>2026-06-27T18:38:30.842Z</time>
      </trkpt>
      <trkpt lat="53.852715" lon="10.640431">
        <ele>12.271237</ele>
        <time>2026-06-27T18:38:35.949Z</time>
      </trkpt>
      <trkpt lat="53.852260" lon="10.640850">
        <ele>12.168374</ele>
        <time>2026-06-27T18:38:43.085Z</time>
      </trkpt>
      <trkpt lat="53.852229" lon="10.640879">
        <ele>12.165100</ele>
        <time>2026-06-27T18:38:43.577Z</time>
      </trkpt>
      <trkpt lat="53.851967" lon="10.641120">
        <ele>12.137540</ele>
        <time>2026-06-27T18:38:47.736Z</time>
      </trkpt>
      <trkpt lat="53.851683" lon="10.641382">
        <ele>12.107646</ele>
        <time>2026-06-27T18:38:52.481Z</time>
      </trkpt>
      <trkpt lat="53.851320" lon="10.641717">
        <ele>12.069434</ele>
        <time>2026-06-27T18:38:58.847Z</time>
      </trkpt>
      <trkpt lat="53.851274" lon="10.641759">
        <ele>12.064603</ele>
        <time>2026-06-27T18:38:59.677Z</time>
      </trkpt>
      <trkpt lat="53.850932" lon="10.642078">
        <ele>11.870000</ele>
        <time>2026-06-27T18:39:05.822Z</time>
      </trkpt>
      <trkpt lat="53.850753" lon="10.642262">
        <ele>11.505356</ele>
        <time>2026-06-27T18:39:09.276Z</time>
      </trkpt>
      <trkpt lat="53.850710" lon="10.642304">
        <ele>11.418911</ele>
        <time>2026-06-27T18:39:10.073Z</time>
      </trkpt>
      <trkpt lat="53.850542" lon="10.642410">
        <ele>11.106659</ele>
        <time>2026-06-27T18:39:12.630Z</time>
      </trkpt>
      <trkpt lat="53.850210" lon="10.642710">
        <ele>10.451320</ele>
        <time>2026-06-27T18:39:17.234Z</time>
      </trkpt>
      <trkpt lat="53.850104" lon="10.642726">
        <ele>10.265948</ele>
        <time>2026-06-27T18:39:18.437Z</time>
      </trkpt>
      <trkpt lat="53.850014" lon="10.642714">
        <ele>10.108693</ele>
        <time>2026-06-27T18:39:19.428Z</time>
      </trkpt>
      <trkpt lat="53.849911" lon="10.642679">
        <ele>9.925708</ele>
        <time>2026-06-27T18:39:20.549Z</time>
      </trkpt>
      <trkpt lat="53.849742" lon="10.642596">
        <ele>9.619221</ele>
        <time>2026-06-27T18:39:22.388Z</time>
      </trkpt>
      <trkpt lat="53.849708" lon="10.642580">
        <ele>9.557757</ele>
        <time>2026-06-27T18:39:22.747Z</time>
      </trkpt>
      <trkpt lat="53.849539" lon="10.642538">
        <ele>9.260229</ele>
        <time>2026-06-27T18:39:24.450Z</time>
      </trkpt>
      <trkpt lat="53.849451" lon="10.642485">
        <ele>9.097555</ele>
        <time>2026-06-27T18:39:25.359Z</time>
      </trkpt>
      <trkpt lat="53.848144" lon="10.641671">
        <ele>5.526667</ele>
        <time>2026-06-27T18:39:38.716Z</time>
      </trkpt>
      <trkpt lat="53.847785" lon="10.641501">
        <ele>4.544216</ele>
        <time>2026-06-27T18:39:43.458Z</time>
      </trkpt>
      <trkpt lat="53.847540" lon="10.641471">
        <ele>4.454482</ele>
        <time>2026-06-27T18:39:48.590Z</time>
      </trkpt>
      <trkpt lat="53.847342" lon="10.641490">
        <ele>5.024256</ele>
        <time>2026-06-27T18:39:53.441Z</time>
      </trkpt>
      <trkpt lat="53.846926" lon="10.641552">
        <ele>6.224056</ele>
        <time>2026-06-27T18:40:06.096Z</time>
      </trkpt>
      <trkpt lat="53.846636" lon="10.641604">
        <ele>7.061890</ele>
        <time>2026-06-27T18:40:15.721Z</time>
      </trkpt>
      <trkpt lat="53.846561" lon="10.641618">
        <ele>7.278671</ele>
        <time>2026-06-27T18:40:18.159Z</time>
      </trkpt>
      <trkpt lat="53.845705" lon="10.641789">
        <ele>9.360152</ele>
        <time>2026-06-27T18:40:43.365Z</time>
      </trkpt>
      <trkpt lat="53.845377" lon="10.641887">
        <ele>9.425497</ele>
        <time>2026-06-27T18:40:49.227Z</time>
      </trkpt>
      <trkpt lat="53.845202" lon="10.641945">
        <ele>9.460482</ele>
        <time>2026-06-27T18:40:51.662Z</time>
      </trkpt>
      <trkpt lat="53.845161" lon="10.641956">
        <ele>9.468627</ele>
        <time>2026-06-27T18:40:52.232Z</time>
      </trkpt>
      <trkpt lat="53.844999" lon="10.642001">
        <ele>9.500835</ele>
        <time>2026-06-27T18:40:54.349Z</time>
      </trkpt>
      <trkpt lat="53.844950" lon="10.642014">
        <ele>9.510565</ele>
        <time>2026-06-27T18:40:55.005Z</time>
      </trkpt>
      <trkpt lat="53.844682" lon="10.641953">
        <ele>9.563618</ele>
        <time>2026-06-27T18:40:58.319Z</time>
      </trkpt>
      <trkpt lat="53.844573" lon="10.641891">
        <ele>9.586176</ele>
        <time>2026-06-27T18:40:59.705Z</time>
      </trkpt>
      <trkpt lat="53.844404" lon="10.641775">
        <ele>9.621949</ele>
        <time>2026-06-27T18:41:01.927Z</time>
      </trkpt>
      <trkpt lat="53.844242" lon="10.641657">
        <ele>9.656544</ele>
        <time>2026-06-27T18:41:04.147Z</time>
      </trkpt>
      <trkpt lat="53.844219" lon="10.641637">
        <ele>9.661615</ele>
        <time>2026-06-27T18:41:04.457Z</time>
      </trkpt>
      <trkpt lat="53.843849" lon="10.641347">
        <ele>9.635888</ele>
        <time>2026-06-27T18:41:10.115Z</time>
      </trkpt>
      <trkpt lat="53.843746" lon="10.641269">
        <ele>9.617327</ele>
        <time>2026-06-27T18:41:11.651Z</time>
      </trkpt>
      <trkpt lat="53.843628" lon="10.641171">
        <ele>9.595708</ele>
        <time>2026-06-27T18:41:13.366Z</time>
      </trkpt>
      <trkpt lat="53.843485" lon="10.641054">
        <ele>9.569583</ele>
        <time>2026-06-27T18:41:15.395Z</time>
      </trkpt>
      <trkpt lat="53.843398" lon="10.640983">
        <ele>9.553697</ele>
        <time>2026-06-27T18:41:16.617Z</time>
      </trkpt>
      <trkpt lat="53.843055" lon="10.640700">
        <ele>9.490933</ele>
        <time>2026-06-27T18:41:21.690Z</time>
      </trkpt>
      <trkpt lat="53.842637" lon="10.640352">
        <ele>9.414313</ele>
        <time>2026-06-27T18:41:29.174Z</time>
      </trkpt>
      <trkpt lat="53.842603" lon="10.640323">
        <ele>9.408050</ele>
        <time>2026-06-27T18:41:29.775Z</time>
      </trkpt>
      <trkpt lat="53.842445" lon="10.640154">
        <ele>9.483243</ele>
        <time>2026-06-27T18:41:32.928Z</time>
      </trkpt>
      <trkpt lat="53.842312" lon="10.639938">
        <ele>9.748400</ele>
        <time>2026-06-27T18:41:36.204Z</time>
      </trkpt>
      <trkpt lat="53.842256" lon="10.639774">
        <ele>9.909332</ele>
        <time>2026-06-27T18:41:38.204Z</time>
      </trkpt>
      <trkpt lat="53.842183" lon="10.639415">
        <ele>10.231836</ele>
        <time>2026-06-27T18:41:42.552Z</time>
      </trkpt>
      <trkpt lat="53.842070" lon="10.638820">
        <ele>10.762713</ele>
        <time>2026-06-27T18:41:50.234Z</time>
      </trkpt>
      <trkpt lat="53.841907" lon="10.638131">
        <ele>11.393182</ele>
        <time>2026-06-27T18:42:00.372Z</time>
      </trkpt>
      <trkpt lat="53.841728" lon="10.637371">
        <ele>12.070098</ele>
        <time>2026-06-27T18:42:11.657Z</time>
      </trkpt>
      <trkpt lat="53.841583" lon="10.636739">
        <ele>12.552038</ele>
        <time>2026-06-27T18:42:19.997Z</time>
      </trkpt>
      <trkpt lat="53.841564" lon="10.636651">
        <ele>12.618638</ele>
        <time>2026-06-27T18:42:21.110Z</time>
      </trkpt>
      <trkpt lat="53.841519" lon="10.636441">
        <ele>12.777428</ele>
        <time>2026-06-27T18:42:23.792Z</time>
      </trkpt>
      <trkpt lat="53.841439" lon="10.636034">
        <ele>13.082323</ele>
        <time>2026-06-27T18:42:28.917Z</time>
      </trkpt>
      <trkpt lat="53.841405" lon="10.635791">
        <ele>13.259818</ele>
        <time>2026-06-27T18:42:31.871Z</time>
      </trkpt>
      <trkpt lat="53.841354" lon="10.635423">
        <ele>13.528484</ele>
        <time>2026-06-27T18:42:36.305Z</time>
      </trkpt>
      <trkpt lat="53.841338" lon="10.635275">
        <ele>13.635422</ele>
        <time>2026-06-27T18:42:38.072Z</time>
      </trkpt>
      <trkpt lat="53.841328" lon="10.635184">
        <ele>13.701211</ele>
        <time>2026-06-27T18:42:39.153Z</time>
      </trkpt>
      <trkpt lat="53.841224" lon="10.634090">
        <ele>14.030436</ele>
        <time>2026-06-27T18:42:49.954Z</time>
      </trkpt>
      <trkpt lat="53.841187" lon="10.633427">
        <ele>13.874709</ele>
        <time>2026-06-27T18:42:55.425Z</time>
      </trkpt>
      <trkpt lat="53.841166" lon="10.633139">
        <ele>13.806852</ele>
        <time>2026-06-27T18:42:57.805Z</time>
      </trkpt>
      <trkpt lat="53.841061" lon="10.632677">
        <ele>13.691081</ele>
        <time>2026-06-27T18:43:01.683Z</time>
      </trkpt>
      <trkpt lat="53.840939" lon="10.632379">
        <ele>13.606266</ele>
        <time>2026-06-27T18:43:04.330Z</time>
      </trkpt>
      <trkpt lat="53.840824" lon="10.632174">
        <ele>13.540120</ele>
        <time>2026-06-27T18:43:06.310Z</time>
      </trkpt>
      <trkpt lat="53.840604" lon="10.631896">
        <ele>13.431363</ele>
        <time>2026-06-27T18:43:09.613Z</time>
      </trkpt>
      <trkpt lat="53.840427" lon="10.631753">
        <ele>13.286971</ele>
        <time>2026-06-27T18:43:11.955Z</time>
      </trkpt>
      <trkpt lat="53.840209" lon="10.631582">
        <ele>13.109766</ele>
        <time>2026-06-27T18:43:14.935Z</time>
      </trkpt>
      <trkpt lat="53.839897" lon="10.631344">
        <ele>12.857369</ele>
        <time>2026-06-27T18:43:19.361Z</time>
      </trkpt>
      <trkpt lat="53.839671" lon="10.631175">
        <ele>12.675144</ele>
        <time>2026-06-27T18:43:22.402Z</time>
      </trkpt>
      <trkpt lat="53.839584" lon="10.631111">
        <ele>12.605181</ele>
        <time>2026-06-27T18:43:23.628Z</time>
      </trkpt>
      <trkpt lat="53.839604" lon="10.630965">
        <ele>12.539941</ele>
        <time>2026-06-27T18:43:24.699Z</time>
      </trkpt>
      <trkpt lat="53.839646" lon="10.630659">
        <ele>12.403192</ele>
        <time>2026-06-27T18:43:27.089Z</time>
      </trkpt>
      <trkpt lat="53.839680" lon="10.630413">
        <ele>12.293217</ele>
        <time>2026-06-27T18:43:29.021Z</time>
      </trkpt>
      <trkpt lat="53.839743" lon="10.629845">
        <ele>12.130615</ele>
        <time>2026-06-27T18:43:33.714Z</time>
      </trkpt>
      <trkpt lat="53.839753" lon="10.629750">
        <ele>12.148324</ele>
        <time>2026-06-27T18:43:34.473Z</time>
      </trkpt>
      <trkpt lat="53.839766" lon="10.629638">
        <ele>12.169272</ele>
        <time>2026-06-27T18:43:35.520Z</time>
      </trkpt>
      <trkpt lat="53.839770" lon="10.629536">
        <ele>12.188032</ele>
        <time>2026-06-27T18:43:36.357Z</time>
      </trkpt>
      <trkpt lat="53.839764" lon="10.629248">
        <ele>12.240918</ele>
        <time>2026-06-27T18:43:38.716Z</time>
      </trkpt>
      <trkpt lat="53.839698" lon="10.628835">
        <ele>12.319441</ele>
        <time>2026-06-27T18:43:42.276Z</time>
      </trkpt>
      <trkpt lat="53.839259" lon="10.626809">
        <ele>12.820896</ele>
        <time>2026-06-27T18:44:04.186Z</time>
      </trkpt>
      <trkpt lat="53.838787" lon="10.624446">
        <ele>14.208640</ele>
        <time>2026-06-27T18:44:32.587Z</time>
      </trkpt>
      <trkpt lat="53.838712" lon="10.624053">
        <ele>14.363065</ele>
        <time>2026-06-27T18:44:37.092Z</time>
      </trkpt>
      <trkpt lat="53.838610" lon="10.623515">
        <ele>14.378007</ele>
        <time>2026-06-27T18:44:42.998Z</time>
      </trkpt>
      <trkpt lat="53.838606" lon="10.623494">
        <ele>14.378591</ele>
        <time>2026-06-27T18:44:43.221Z</time>
      </trkpt>
      <trkpt lat="53.838547" lon="10.623203">
        <ele>14.386727</ele>
        <time>2026-06-27T18:44:46.292Z</time>
      </trkpt>
      <trkpt lat="53.838053" lon="10.619807">
        <ele>13.601160</ele>
        <time>2026-06-27T18:45:14.222Z</time>
      </trkpt>
      <trkpt lat="53.837973" lon="10.619355">
        <ele>13.334897</ele>
        <time>2026-06-27T18:45:17.616Z</time>
      </trkpt>
      <trkpt lat="53.837717" lon="10.618244">
        <ele>12.619632</ele>
        <time>2026-06-27T18:45:25.799Z</time>
      </trkpt>
      <trkpt lat="53.837709" lon="10.618210">
        <ele>12.583939</ele>
        <time>2026-06-27T18:45:26.034Z</time>
      </trkpt>
      <trkpt lat="53.837455" lon="10.617343">
        <ele>11.640020</ele>
        <time>2026-06-27T18:45:32.190Z</time>
      </trkpt>
      <trkpt lat="53.837379" lon="10.617144">
        <ele>11.408868</ele>
        <time>2026-06-27T18:45:33.712Z</time>
      </trkpt>
      <trkpt lat="53.837290" lon="10.616923">
        <ele>11.147954</ele>
        <time>2026-06-27T18:45:35.445Z</time>
      </trkpt>
      <trkpt lat="53.837099" lon="10.616499">
        <ele>10.627777</ele>
        <time>2026-06-27T18:45:38.941Z</time>
      </trkpt>
      <trkpt lat="53.836898" lon="10.616084">
        <ele>10.104221</ele>
        <time>2026-06-27T18:45:42.569Z</time>
      </trkpt>
      <trkpt lat="53.836373" lon="10.615195">
        <ele>10.145974</ele>
        <time>2026-06-27T18:45:51.792Z</time>
      </trkpt>
      <trkpt lat="53.836111" lon="10.614745">
        <ele>10.428302</ele>
        <time>2026-06-27T18:45:58.412Z</time>
      </trkpt>
      <trkpt lat="53.835688" lon="10.613916">
        <ele>10.917759</ele>
        <time>2026-06-27T18:46:12.143Z</time>
      </trkpt>
      <trkpt lat="53.835386" lon="10.613309">
        <ele>11.526173</ele>
        <time>2026-06-27T18:46:23.442Z</time>
      </trkpt>
      <trkpt lat="53.835051" lon="10.612736">
        <ele>12.445755</ele>
        <time>2026-06-27T18:46:35.342Z</time>
      </trkpt>
      <trkpt lat="53.834997" lon="10.612645">
        <ele>12.592886</ele>
        <time>2026-06-27T18:46:37.278Z</time>
      </trkpt>
      <trkpt lat="53.834906" lon="10.612503">
        <ele>12.831879</ele>
        <time>2026-06-27T18:46:40.412Z</time>
      </trkpt>
      <trkpt lat="53.834613" lon="10.612130">
        <ele>13.539885</ele>
        <time>2026-06-27T18:46:48.996Z</time>
      </trkpt>
      <trkpt lat="53.834507" lon="10.611995">
        <ele>13.796063</ele>
        <time>2026-06-27T18:46:51.703Z</time>
      </trkpt>
      <trkpt lat="53.834321" lon="10.611811">
        <ele>14.212160</ele>
        <time>2026-06-27T18:46:55.947Z</time>
      </trkpt>
      <trkpt lat="53.833956" lon="10.611794">
        <ele>14.731079</ele>
        <time>2026-06-27T18:47:02.951Z</time>
      </trkpt>
      <trkpt lat="53.833873" lon="10.611761">
        <ele>14.803753</ele>
        <time>2026-06-27T18:47:04.476Z</time>
      </trkpt>
      <trkpt lat="53.833595" lon="10.611585">
        <ele>15.056730</ele>
        <time>2026-06-27T18:47:09.776Z</time>
      </trkpt>
      <trkpt lat="53.833484" lon="10.611455">
        <ele>15.171751</ele>
        <time>2026-06-27T18:47:12.211Z</time>
      </trkpt>
      <trkpt lat="53.833386" lon="10.611315">
        <ele>15.281015</ele>
        <time>2026-06-27T18:47:14.515Z</time>
      </trkpt>
      <trkpt lat="53.833006" lon="10.610100">
        <ele>15.972759</ele>
        <time>2026-06-27T18:47:28.993Z</time>
      </trkpt>
      <trkpt lat="53.832948" lon="10.609946">
        <ele>16.064662</ele>
        <time>2026-06-27T18:47:30.889Z</time>
      </trkpt>
      <trkpt lat="53.832867" lon="10.609817">
        <ele>16.134611</ele>
        <time>2026-06-27T18:47:32.905Z</time>
      </trkpt>
      <trkpt lat="53.832695" lon="10.609691">
        <ele>16.200861</ele>
        <time>2026-06-27T18:47:36.229Z</time>
      </trkpt>
      <trkpt lat="53.832404" lon="10.609671">
        <ele>16.303828</ele>
        <time>2026-06-27T18:47:41.310Z</time>
      </trkpt>
      <trkpt lat="53.832260" lon="10.609671">
        <ele>16.354739</ele>
        <time>2026-06-27T18:47:43.768Z</time>
      </trkpt>
      <trkpt lat="53.832228" lon="10.609671">
        <ele>16.366053</ele>
        <time>2026-06-27T18:47:44.331Z</time>
      </trkpt>
      <trkpt lat="53.831666" lon="10.609625">
        <ele>16.564979</ele>
        <time>2026-06-27T18:47:53.421Z</time>
      </trkpt>
      <trkpt lat="53.831378" lon="10.609518">
        <ele>16.669220</ele>
        <time>2026-06-27T18:47:57.854Z</time>
      </trkpt>
      <trkpt lat="53.831020" lon="10.609335">
        <ele>16.751221</ele>
        <time>2026-06-27T18:48:03.190Z</time>
      </trkpt>
      <trkpt lat="53.830874" lon="10.609224">
        <ele>16.749216</ele>
        <time>2026-06-27T18:48:05.530Z</time>
      </trkpt>
      <trkpt lat="53.830724" lon="10.609068">
        <ele>16.747011</ele>
        <time>2026-06-27T18:48:08.233Z</time>
      </trkpt>
      <trkpt lat="53.830625" lon="10.608839">
        <ele>16.744913</ele>
        <time>2026-06-27T18:48:10.891Z</time>
      </trkpt>
      <trkpt lat="53.830571" lon="10.608446">
        <ele>16.741929</ele>
        <time>2026-06-27T18:48:14.633Z</time>
      </trkpt>
      <trkpt lat="53.830474" lon="10.607839">
        <ele>16.737280</ele>
        <time>2026-06-27T18:48:20.288Z</time>
      </trkpt>
      <trkpt lat="53.829551" lon="10.605187">
        <ele>16.324314</ele>
        <time>2026-06-27T18:48:45.661Z</time>
      </trkpt>
      <trkpt lat="53.829445" lon="10.604891">
        <ele>16.258891</ele>
        <time>2026-06-27T18:48:48.362Z</time>
      </trkpt>
      <trkpt lat="53.829380" lon="10.604779">
        <ele>16.229210</ele>
        <time>2026-06-27T18:48:49.576Z</time>
      </trkpt>
      <trkpt lat="53.829305" lon="10.604684">
        <ele>16.199229</ele>
        <time>2026-06-27T18:48:50.808Z</time>
      </trkpt>
      <trkpt lat="53.828915" lon="10.604373">
        <ele>16.081909</ele>
        <time>2026-06-27T18:48:56.535Z</time>
      </trkpt>
      <trkpt lat="53.828603" lon="10.604111">
        <ele>15.995132</ele>
        <time>2026-06-27T18:49:01.266Z</time>
      </trkpt>
      <trkpt lat="53.828486" lon="10.604012">
        <ele>15.962542</ele>
        <time>2026-06-27T18:49:03.061Z</time>
      </trkpt>
      <trkpt lat="53.828450" lon="10.603981">
        <ele>15.952478</ele>
        <time>2026-06-27T18:49:03.631Z</time>
      </trkpt>
      <trkpt lat="53.828397" lon="10.603937">
        <ele>15.937770</ele>
        <time>2026-06-27T18:49:04.448Z</time>
      </trkpt>
      <trkpt lat="53.828343" lon="10.603892">
        <ele>15.922774</ele>
        <time>2026-06-27T18:49:05.263Z</time>
      </trkpt>
      <trkpt lat="53.828243" lon="10.603807">
        <ele>15.894893</ele>
        <time>2026-06-27T18:49:06.839Z</time>
      </trkpt>
      <trkpt lat="53.828058" lon="10.603652">
        <ele>15.843462</ele>
        <time>2026-06-27T18:49:09.776Z</time>
      </trkpt>
      <trkpt lat="53.827807" lon="10.603440">
        <ele>15.773571</ele>
        <time>2026-06-27T18:49:13.759Z</time>
      </trkpt>
      <trkpt lat="53.827798" lon="10.603433">
        <ele>15.771103</ele>
        <time>2026-06-27T18:49:13.888Z</time>
      </trkpt>
      <trkpt lat="53.827771" lon="10.603409">
        <ele>15.763504</ele>
        <time>2026-06-27T18:49:14.324Z</time>
      </trkpt>
      <trkpt lat="53.827750" lon="10.603392">
        <ele>15.757704</ele>
        <time>2026-06-27T18:49:14.651Z</time>
      </trkpt>
      <trkpt lat="53.827607" lon="10.603272">
        <ele>15.717937</ele>
        <time>2026-06-27T18:49:16.876Z</time>
      </trkpt>
      <trkpt lat="53.827597" lon="10.603263">
        <ele>15.715115</ele>
        <time>2026-06-27T18:49:17.046Z</time>
      </trkpt>
      <trkpt lat="53.827428" lon="10.603121">
        <ele>15.732161</ele>
        <time>2026-06-27T18:49:19.793Z</time>
      </trkpt>
      <trkpt lat="53.827311" lon="10.603023">
        <ele>15.754163</ele>
        <time>2026-06-27T18:49:21.830Z</time>
      </trkpt>
      <trkpt lat="53.827253" lon="10.602974">
        <ele>15.765089</ele>
        <time>2026-06-27T18:49:22.824Z</time>
      </trkpt>
      <trkpt lat="53.827208" lon="10.602937">
        <ele>15.773521</ele>
        <time>2026-06-27T18:49:23.638Z</time>
      </trkpt>
      <trkpt lat="53.827181" lon="10.602913">
        <ele>15.778661</ele>
        <time>2026-06-27T18:49:24.127Z</time>
      </trkpt>
      <trkpt lat="53.827033" lon="10.602789">
        <ele>15.806495</ele>
        <time>2026-06-27T18:49:26.734Z</time>
      </trkpt>
      <trkpt lat="53.826868" lon="10.602649">
        <ele>15.837604</ele>
        <time>2026-06-27T18:49:29.632Z</time>
      </trkpt>
      <trkpt lat="53.826761" lon="10.602559">
        <ele>15.857742</ele>
        <time>2026-06-27T18:49:31.554Z</time>
      </trkpt>
      <trkpt lat="53.826699" lon="10.602507">
        <ele>15.869405</ele>
        <time>2026-06-27T18:49:32.614Z</time>
      </trkpt>
      <trkpt lat="53.826579" lon="10.602406">
        <ele>15.891993</ele>
        <time>2026-06-27T18:49:34.712Z</time>
      </trkpt>
      <trkpt lat="53.826348" lon="10.602211">
        <ele>15.935501</ele>
        <time>2026-06-27T18:49:38.797Z</time>
      </trkpt>
      <trkpt lat="53.826262" lon="10.602128">
        <ele>15.952186</ele>
        <time>2026-06-27T18:49:40.359Z</time>
      </trkpt>
      <trkpt lat="53.826162" lon="10.601973">
        <ele>15.975035</ele>
        <time>2026-06-27T18:49:42.539Z</time>
      </trkpt>
      <trkpt lat="53.825503" lon="10.600530">
        <ele>15.922083</ele>
        <time>2026-06-27T18:49:59.478Z</time>
      </trkpt>
      <trkpt lat="53.825354" lon="10.600202">
        <ele>15.897593</ele>
        <time>2026-06-27T18:50:02.829Z</time>
      </trkpt>
      <trkpt lat="53.824719" lon="10.598861">
        <ele>15.765568</ele>
        <time>2026-06-27T18:50:16.386Z</time>
      </trkpt>
      <trkpt lat="53.824427" lon="10.598238">
        <ele>15.675735</ele>
        <time>2026-06-27T18:50:22.790Z</time>
      </trkpt>
      <trkpt lat="53.824030" lon="10.597385">
        <ele>15.553070</ele>
        <time>2026-06-27T18:50:32.052Z</time>
      </trkpt>
      <trkpt lat="53.823811" lon="10.596917">
        <ele>15.485629</ele>
        <time>2026-06-27T18:50:37.388Z</time>
      </trkpt>
      <trkpt lat="53.822664" lon="10.594493">
        <ele>15.582979</ele>
        <time>2026-06-27T18:51:05.032Z</time>
      </trkpt>
      <trkpt lat="53.822242" lon="10.593910">
        <ele>15.565800</ele>
        <time>2026-06-27T18:51:13.171Z</time>
      </trkpt>
      <trkpt lat="53.821435" lon="10.592855">
        <ele>15.533640</ele>
        <time>2026-06-27T18:51:28.041Z</time>
      </trkpt>
      <trkpt lat="53.821055" lon="10.592211">
        <ele>15.632200</ele>
        <time>2026-06-27T18:51:35.788Z</time>
      </trkpt>
      <trkpt lat="53.820656" lon="10.591382">
        <ele>15.829840</ele>
        <time>2026-06-27T18:51:45.665Z</time>
      </trkpt>
      <trkpt lat="53.820173" lon="10.590164">
        <ele>16.096495</ele>
        <time>2026-06-27T18:52:00.464Z</time>
      </trkpt>
      <trkpt lat="53.819951" lon="10.589469">
        <ele>16.181569</ele>
        <time>2026-06-27T18:52:08.728Z</time>
      </trkpt>
      <trkpt lat="53.819908" lon="10.589503">
        <ele>16.190223</ele>
        <time>2026-06-27T18:52:09.549Z</time>
      </trkpt>
      <trkpt lat="53.818961" lon="10.590176">
        <ele>16.377512</ele>
        <time>2026-06-27T18:52:25.494Z</time>
      </trkpt>
      <trkpt lat="53.817993" lon="10.590785">
        <ele>16.066983</ele>
        <time>2026-06-27T18:52:39.186Z</time>
      </trkpt>
      <trkpt lat="53.817690" lon="10.590767">
        <ele>15.935342</ele>
        <time>2026-06-27T18:52:43.144Z</time>
      </trkpt>
      <trkpt lat="53.816451" lon="10.590182">
        <ele>15.582491</ele>
        <time>2026-06-27T18:53:00.272Z</time>
      </trkpt>
      <trkpt lat="53.815482" lon="10.590149">
        <ele>15.493904</ele>
        <time>2026-06-27T18:53:14.575Z</time>
      </trkpt>
      <trkpt lat="53.815420" lon="10.590115">
        <ele>15.487947</ele>
        <time>2026-06-27T18:53:15.617Z</time>
      </trkpt>
      <trkpt lat="53.815390" lon="10.590024">
        <ele>15.482323</ele>
        <time>2026-06-27T18:53:16.646Z</time>
      </trkpt>
      <trkpt lat="53.815384" lon="10.589872">
        <ele>15.474102</ele>
        <time>2026-06-27T18:53:18.121Z</time>
      </trkpt>
      <trkpt lat="53.815514" lon="10.587507">
        <ele>16.073778</ele>
        <time>2026-06-27T18:53:41.849Z</time>
      </trkpt>
      <trkpt lat="53.815471" lon="10.587288">
        <ele>16.132706</ele>
        <time>2026-06-27T18:53:44.852Z</time>
      </trkpt>
      <trkpt lat="53.815383" lon="10.587178">
        <ele>16.180005</ele>
        <time>2026-06-27T18:53:47.243Z</time>
      </trkpt>
      <trkpt lat="53.813392" lon="10.585664">
        <ele>16.974600</ele>
        <time>2026-06-27T18:54:34.269Z</time>
      </trkpt>
      <trkpt lat="53.810913" lon="10.583380">
        <ele>17.573367</ele>
        <time>2026-06-27T18:55:34.542Z</time>
      </trkpt>
      <trkpt lat="53.810722" lon="10.583148">
        <ele>17.597162</ele>
        <time>2026-06-27T18:55:39.192Z</time>
      </trkpt>
      <trkpt lat="53.810558" lon="10.582823">
        <ele>17.622717</ele>
        <time>2026-06-27T18:55:44.134Z</time>
      </trkpt>
      <trkpt lat="53.809945" lon="10.581408">
        <ele>17.304645</ele>
        <time>2026-06-27T18:56:03.588Z</time>
      </trkpt>
      <trkpt lat="53.809900" lon="10.581355">
        <ele>17.286259</ele>
        <time>2026-06-27T18:56:04.601Z</time>
      </trkpt>
      <trkpt lat="53.807307" lon="10.581745">
        <ele>16.770388</ele>
        <time>2026-06-27T18:56:40.916Z</time>
      </trkpt>
      <trkpt lat="53.807226" lon="10.581662">
        <ele>16.805033</ele>
        <time>2026-06-27T18:56:43.001Z</time>
      </trkpt>
      <trkpt lat="53.807059" lon="10.581240">
        <ele>16.914809</ele>
        <time>2026-06-27T18:56:49.699Z</time>
      </trkpt>
      <trkpt lat="53.806609" lon="10.579918">
        <ele>17.244553</ele>
        <time>2026-06-27T18:57:10.124Z</time>
      </trkpt>
      <trkpt lat="53.806494" lon="10.579712">
        <ele>17.305812</ele>
        <time>2026-06-27T18:57:13.785Z</time>
      </trkpt>
      <trkpt lat="53.806330" lon="10.579560">
        <ele>17.374228</ele>
        <time>2026-06-27T18:57:17.740Z</time>
      </trkpt>
      <trkpt lat="53.804071" lon="10.578511">
        <ele>17.674889</ele>
        <time>2026-06-27T18:58:05.709Z</time>
      </trkpt>
      <trkpt lat="53.803747" lon="10.578235">
        <ele>17.741773</ele>
        <time>2026-06-27T18:58:13.433Z</time>
      </trkpt>
      <trkpt lat="53.803310" lon="10.577431">
        <ele>17.860772</ele>
        <time>2026-06-27T18:58:27.285Z</time>
      </trkpt>
      <trkpt lat="53.803009" lon="10.577248">
        <ele>17.919749</ele>
        <time>2026-06-27T18:58:34.082Z</time>
      </trkpt>
      <trkpt lat="53.802668" lon="10.576574">
        <ele>17.869331</ele>
        <time>2026-06-27T18:58:44.769Z</time>
      </trkpt>
      <trkpt lat="53.802193" lon="10.574824">
        <ele>17.729011</ele>
        <time>2026-06-27T18:59:06.893Z</time>
      </trkpt>
      <trkpt lat="53.802166" lon="10.574614">
        <ele>17.713353</ele>
        <time>2026-06-27T18:59:09.274Z</time>
      </trkpt>
      <trkpt lat="53.802216" lon="10.574442">
        <ele>17.702707</ele>
        <time>2026-06-27T18:59:11.419Z</time>
      </trkpt>
      <trkpt lat="53.802785" lon="10.574387">
        <ele>17.665727</ele>
        <time>2026-06-27T18:59:22.357Z</time>
      </trkpt>
      <trkpt lat="53.802882" lon="10.574321">
        <ele>17.658944</ele>
        <time>2026-06-27T18:59:24.402Z</time>
      </trkpt>
      <trkpt lat="53.802924" lon="10.574023">
        <ele>17.647204</ele>
        <time>2026-06-27T18:59:27.959Z</time>
      </trkpt>
      <trkpt lat="53.802959" lon="10.570676">
        <ele>17.610641</ele>
        <time>2026-06-27T19:00:08.793Z</time>
      </trkpt>
      <trkpt lat="53.802952" lon="10.569958">
        <ele>17.618791</ele>
        <time>2026-06-27T19:00:17.689Z</time>
      </trkpt>
      <trkpt lat="53.802905" lon="10.569416">
        <ele>17.550214</ele>
        <time>2026-06-27T19:00:24.115Z</time>
      </trkpt>
      <trkpt lat="53.802813" lon="10.568771">
        <ele>16.814373</ele>
        <time>2026-06-27T19:00:31.371Z</time>
      </trkpt>
      <trkpt lat="53.802770" lon="10.568620">
        <ele>16.628470</ele>
        <time>2026-06-27T19:00:33.136Z</time>
      </trkpt>
      <trkpt lat="53.802556" lon="10.568025">
        <ele>15.855905</ele>
        <time>2026-06-27T19:00:40.022Z</time>
      </trkpt>
      <trkpt lat="53.802443" lon="10.567865">
        <ele>15.579305</ele>
        <time>2026-06-27T19:00:42.343Z</time>
      </trkpt>
      <trkpt lat="53.802097" lon="10.567852">
        <ele>14.929433</ele>
        <time>2026-06-27T19:00:47.548Z</time>
      </trkpt>
      <trkpt lat="53.801839" lon="10.567793">
        <ele>14.440566</ele>
        <time>2026-06-27T19:00:51.292Z</time>
      </trkpt>
      <trkpt lat="53.801335" lon="10.567472">
        <ele>12.940204</ele>
        <time>2026-06-27T19:00:58.855Z</time>
      </trkpt>
      <trkpt lat="53.800975" lon="10.567131">
        <ele>11.701991</ele>
        <time>2026-06-27T19:01:04.675Z</time>
      </trkpt>
      <trkpt lat="53.800660" lon="10.566710">
        <ele>10.497386</ele>
        <time>2026-06-27T19:01:10.476Z</time>
      </trkpt>
      <trkpt lat="53.800586" lon="10.566502">
        <ele>10.066908</ele>
        <time>2026-06-27T19:01:12.623Z</time>
      </trkpt>
      <trkpt lat="53.800545" lon="10.565896">
        <ele>8.985564</ele>
        <time>2026-06-27T19:01:18.212Z</time>
      </trkpt>
      <trkpt lat="53.800473" lon="10.565408">
        <ele>8.863462</ele>
        <time>2026-06-27T19:01:23.196Z</time>
      </trkpt>
      <trkpt lat="53.800362" lon="10.564985">
        <ele>8.880524</ele>
        <time>2026-06-27T19:01:28.219Z</time>
      </trkpt>
      <trkpt lat="53.800253" lon="10.564783">
        <ele>8.890610</ele>
        <time>2026-06-27T19:01:31.489Z</time>
      </trkpt>
      <trkpt lat="53.800103" lon="10.564655">
        <ele>8.901094</ele>
        <time>2026-06-27T19:01:35.102Z</time>
      </trkpt>
      <trkpt lat="53.799867" lon="10.564665">
        <ele>8.915829</ele>
        <time>2026-06-27T19:01:40.436Z</time>
      </trkpt>
      <trkpt lat="53.799226" lon="10.564832">
        <ele>8.956307</ele>
        <time>2026-06-27T19:01:56.079Z</time>
      </trkpt>
      <trkpt lat="53.799083" lon="10.564814">
        <ele>9.018383</ele>
        <time>2026-06-27T19:01:59.664Z</time>
      </trkpt>
      <trkpt lat="53.798938" lon="10.564711">
        <ele>9.128263</ele>
        <time>2026-06-27T19:02:03.635Z</time>
      </trkpt>
      <trkpt lat="53.798861" lon="10.564604">
        <ele>9.197872</ele>
        <time>2026-06-27T19:02:06.175Z</time>
      </trkpt>
      <trkpt lat="53.798710" lon="10.564255">
        <ele>9.376425</ele>
        <time>2026-06-27T19:02:12.679Z</time>
      </trkpt>
      <trkpt lat="53.798421" lon="10.563184">
        <ele>9.862399</ele>
        <time>2026-06-27T19:02:29.573Z</time>
      </trkpt>
      <trkpt lat="53.798268" lon="10.562883">
        <ele>10.026301</ele>
        <time>2026-06-27T19:02:34.647Z</time>
      </trkpt>
      <trkpt lat="53.798102" lon="10.562683">
        <ele>10.168672</ele>
        <time>2026-06-27T19:02:38.809Z</time>
      </trkpt>
      <trkpt lat="53.797951" lon="10.562583">
        <ele>10.134620</ele>
        <time>2026-06-27T19:02:41.912Z</time>
      </trkpt>
      <trkpt lat="53.797532" lon="10.562444">
        <ele>9.757188</ele>
        <time>2026-06-27T19:02:49.461Z</time>
      </trkpt>
      <trkpt lat="53.797432" lon="10.562374">
        <ele>9.661532</ele>
        <time>2026-06-27T19:02:51.269Z</time>
      </trkpt>
      <trkpt lat="53.797307" lon="10.562220">
        <ele>9.524876</ele>
        <time>2026-06-27T19:02:53.819Z</time>
      </trkpt>
      <trkpt lat="53.797097" lon="10.561810">
        <ele>9.241527</ele>
        <time>2026-06-27T19:02:59.019Z</time>
      </trkpt>
      <trkpt lat="53.796974" lon="10.561542">
        <ele>9.064320</ele>
        <time>2026-06-27T19:03:02.264Z</time>
      </trkpt>
      <trkpt lat="53.796929" lon="10.561513">
        <ele>9.021756</ele>
        <time>2026-06-27T19:03:03.056Z</time>
      </trkpt>
      <trkpt lat="53.796908" lon="10.561616">
        <ele>8.964864</ele>
        <time>2026-06-27T19:03:03.785Z</time>
      </trkpt>
      <trkpt lat="53.796562" lon="10.562304">
        <ele>8.925853</ele>
        <time>2026-06-27T19:03:10.428Z</time>
      </trkpt>
      <trkpt lat="53.796275" lon="10.562756">
        <ele>9.699476</ele>
        <time>2026-06-27T19:03:16.918Z</time>
      </trkpt>
      <trkpt lat="53.796158" lon="10.562933">
        <ele>10.009150</ele>
        <time>2026-06-27T19:03:20.061Z</time>
      </trkpt>
      <trkpt lat="53.796000" lon="10.563173">
        <ele>10.428101</ele>
        <time>2026-06-27T19:03:24.875Z</time>
      </trkpt>
      <trkpt lat="53.795481" lon="10.564071">
        <ele>11.892735</ele>
        <time>2026-06-27T19:03:46.277Z</time>
      </trkpt>
      <trkpt lat="53.795307" lon="10.564536">
        <ele>12.649415</ele>
        <time>2026-06-27T19:03:56.969Z</time>
      </trkpt>
      <trkpt lat="53.795023" lon="10.565921">
        <ele>14.908034</ele>
        <time>2026-06-27T19:04:20.552Z</time>
      </trkpt>
      <trkpt lat="53.794498" lon="10.565470">
        <ele>16.443521</ele>
        <time>2026-06-27T19:04:33.349Z</time>
      </trkpt>
      <trkpt lat="53.794190" lon="10.565221">
        <ele>17.133744</ele>
        <time>2026-06-27T19:04:40.228Z</time>
      </trkpt>
      <trkpt lat="53.794172" lon="10.565205">
        <ele>17.163999</ele>
        <time>2026-06-27T19:04:40.594Z</time>
      </trkpt>
      <trkpt lat="53.793878" lon="10.565034">
        <ele>17.626624</ele>
        <time>2026-06-27T19:04:46.594Z</time>
      </trkpt>
      <trkpt lat="53.793363" lon="10.564830">
        <ele>18.413733</ele>
        <time>2026-06-27T19:04:57.636Z</time>
      </trkpt>
      <trkpt lat="53.792926" lon="10.564725">
        <ele>19.070583</ele>
        <time>2026-06-27T19:05:07.440Z</time>
      </trkpt>
      <trkpt lat="53.792766" lon="10.564685">
        <ele>19.311273</ele>
        <time>2026-06-27T19:05:11.057Z</time>
      </trkpt>
      <trkpt lat="53.792282" lon="10.564578">
        <ele>19.601508</ele>
        <time>2026-06-27T19:05:20.974Z</time>
      </trkpt>
      <trkpt lat="53.791801" lon="10.564395">
        <ele>19.686045</ele>
        <time>2026-06-27T19:05:29.133Z</time>
      </trkpt>
      <trkpt lat="53.791685" lon="10.564290">
        <ele>19.708602</ele>
        <time>2026-06-27T19:05:30.973Z</time>
      </trkpt>
      <trkpt lat="53.791385" lon="10.564052">
        <ele>19.765413</ele>
        <time>2026-06-27T19:05:35.434Z</time>
      </trkpt>
      <trkpt lat="53.791323" lon="10.563998">
        <ele>19.777370</ele>
        <time>2026-06-27T19:05:36.358Z</time>
      </trkpt>
      <trkpt lat="53.789677" lon="10.561469">
        <ele>18.702097</ele>
        <time>2026-06-27T19:06:04.870Z</time>
      </trkpt>
      <trkpt lat="53.788412" lon="10.560297">
        <ele>18.264673</ele>
        <time>2026-06-27T19:06:24.694Z</time>
      </trkpt>
      <trkpt lat="53.787145" lon="10.559693">
        <ele>18.073107</ele>
        <time>2026-06-27T19:06:43.525Z</time>
      </trkpt>
      <trkpt lat="53.785515" lon="10.558914">
        <ele>18.243702</ele>
        <time>2026-06-27T19:07:08.658Z</time>
      </trkpt>
      <trkpt lat="53.784159" lon="10.557532">
        <ele>18.431608</ele>
        <time>2026-06-27T19:07:35.849Z</time>
      </trkpt>
      <trkpt lat="53.781538" lon="10.553634">
        <ele>16.960387</ele>
        <time>2026-06-27T19:08:21.749Z</time>
      </trkpt>
      <trkpt lat="53.780291" lon="10.551632">
        <ele>16.351207</ele>
        <time>2026-06-27T19:08:43.609Z</time>
      </trkpt>
      <trkpt lat="53.779536" lon="10.550242">
        <ele>16.799047</ele>
        <time>2026-06-27T19:09:02.767Z</time>
      </trkpt>
      <trkpt lat="53.778838" lon="10.548932">
        <ele>17.902041</ele>
        <time>2026-06-27T19:09:24.505Z</time>
      </trkpt>
      <trkpt lat="53.778160" lon="10.548222">
        <ele>18.910611</ele>
        <time>2026-06-27T19:09:40.223Z</time>
      </trkpt>
      <trkpt lat="53.777816" lon="10.547961">
        <ele>19.452859</ele>
        <time>2026-06-27T19:09:47.316Z</time>
      </trkpt>
      <trkpt lat="53.777589" lon="10.547830">
        <ele>19.849326</ele>
        <time>2026-06-27T19:09:51.797Z</time>
      </trkpt>
      <trkpt lat="53.777340" lon="10.547738">
        <ele>20.270639</ele>
        <time>2026-06-27T19:09:56.551Z</time>
      </trkpt>
      <trkpt lat="53.776952" lon="10.547717">
        <ele>20.912360</ele>
        <time>2026-06-27T19:10:04.908Z</time>
      </trkpt>
      <trkpt lat="53.776682" lon="10.547754">
        <ele>21.360151</ele>
        <time>2026-06-27T19:10:11.099Z</time>
      </trkpt>
      <trkpt lat="53.776532" lon="10.547865">
        <ele>21.630784</ele>
        <time>2026-06-27T19:10:14.974Z</time>
      </trkpt>
      <trkpt lat="53.776437" lon="10.547992">
        <ele>21.830918</ele>
        <time>2026-06-27T19:10:17.911Z</time>
      </trkpt>
      <trkpt lat="53.776375" lon="10.548135">
        <ele>22.004176</ele>
        <time>2026-06-27T19:10:20.593Z</time>
      </trkpt>
      <trkpt lat="53.776206" lon="10.548539">
        <ele>22.340211</ele>
        <time>2026-06-27T19:10:28.109Z</time>
      </trkpt>
      <trkpt lat="53.775809" lon="10.549338">
        <ele>22.917553</ele>
        <time>2026-06-27T19:10:41.981Z</time>
      </trkpt>
      <trkpt lat="53.775667" lon="10.549609">
        <ele>23.117867</ele>
        <time>2026-06-27T19:10:46.193Z</time>
      </trkpt>
      <trkpt lat="53.775345" lon="10.549832">
        <ele>23.443488</ele>
        <time>2026-06-27T19:10:51.616Z</time>
      </trkpt>
      <trkpt lat="53.775150" lon="10.549900">
        <ele>23.629823</ele>
        <time>2026-06-27T19:10:54.159Z</time>
      </trkpt>
      <trkpt lat="53.774976" lon="10.549898">
        <ele>23.792673</ele>
        <time>2026-06-27T19:10:56.344Z</time>
      </trkpt>
      <trkpt lat="53.774704" lon="10.549776">
        <ele>23.819232</ele>
        <time>2026-06-27T19:10:59.787Z</time>
      </trkpt>
      <trkpt lat="53.774575" lon="10.549678">
        <ele>23.812260</ele>
        <time>2026-06-27T19:11:01.503Z</time>
      </trkpt>
      <trkpt lat="53.774273" lon="10.549218">
        <ele>23.792226</ele>
        <time>2026-06-27T19:11:06.551Z</time>
      </trkpt>
      <trkpt lat="53.774026" lon="10.548765">
        <ele>23.774267</ele>
        <time>2026-06-27T19:11:11.766Z</time>
      </trkpt>
      <trkpt lat="53.773863" lon="10.548450">
        <ele>23.762067</ele>
        <time>2026-06-27T19:11:15.795Z</time>
      </trkpt>
      <trkpt lat="53.773641" lon="10.548098">
        <ele>23.747067</ele>
        <time>2026-06-27T19:11:21.335Z</time>
      </trkpt>
      <trkpt lat="53.773352" lon="10.547754">
        <ele>24.024531</ele>
        <time>2026-06-27T19:11:28.533Z</time>
      </trkpt>
      <trkpt lat="53.772388" lon="10.547014">
        <ele>25.178971</ele>
        <time>2026-06-27T19:11:49.604Z</time>
      </trkpt>
      <trkpt lat="53.770410" lon="10.545496">
        <ele>27.528971</ele>
        <time>2026-06-27T19:12:29.296Z</time>
      </trkpt>
      <trkpt lat="53.769405" lon="10.544803">
        <ele>29.571959</ele>
        <time>2026-06-27T19:12:54.505Z</time>
      </trkpt>
      <trkpt lat="53.767633" lon="10.543671">
        <ele>32.862995</ele>
        <time>2026-06-27T19:13:38.149Z</time>
      </trkpt>
      <trkpt lat="53.767374" lon="10.543457">
        <ele>33.312205</ele>
        <time>2026-06-27T19:13:43.797Z</time>
      </trkpt>
      <trkpt lat="53.767173" lon="10.543236">
        <ele>33.685798</ele>
        <time>2026-06-27T19:13:48.274Z</time>
      </trkpt>
      <trkpt lat="53.766780" lon="10.542695">
        <ele>34.183701</ele>
        <time>2026-06-27T19:13:57.155Z</time>
      </trkpt>
      <trkpt lat="53.765985" lon="10.541248">
        <ele>34.899790</ele>
        <time>2026-06-27T19:14:16.629Z</time>
      </trkpt>
      <trkpt lat="53.765615" lon="10.540636">
        <ele>35.252395</ele>
        <time>2026-06-27T19:14:25.899Z</time>
      </trkpt>
      <trkpt lat="53.765335" lon="10.540271">
        <ele>35.533070</ele>
        <time>2026-06-27T19:14:32.424Z</time>
      </trkpt>
      <trkpt lat="53.764998" lon="10.539935">
        <ele>35.843674</ele>
        <time>2026-06-27T19:14:39.711Z</time>
      </trkpt>
      <trkpt lat="53.764765" lon="10.539756">
        <ele>36.046867</ele>
        <time>2026-06-27T19:14:44.443Z</time>
      </trkpt>
      <trkpt lat="53.764254" lon="10.539457">
        <ele>36.476204</ele>
        <time>2026-06-27T19:14:54.224Z</time>
      </trkpt>
      <trkpt lat="53.760670" lon="10.537499">
        <ele>38.028692</ele>
        <time>2026-06-27T19:15:56.153Z</time>
      </trkpt>
      <trkpt lat="53.759776" lon="10.536960">
        <ele>38.063789</ele>
        <time>2026-06-27T19:16:10.845Z</time>
      </trkpt>
      <trkpt lat="53.758958" lon="10.536383">
        <ele>38.012154</ele>
        <time>2026-06-27T19:16:23.362Z</time>
      </trkpt>
      <trkpt lat="53.758392" lon="10.535841">
        <ele>37.653440</ele>
        <time>2026-06-27T19:16:31.989Z</time>
      </trkpt>
      <trkpt lat="53.757914" lon="10.535295">
        <ele>37.335331</ele>
        <time>2026-06-27T19:16:39.401Z</time>
      </trkpt>
      <trkpt lat="53.757508" lon="10.534718">
        <ele>37.073697</ele>
        <time>2026-06-27T19:16:46.193Z</time>
      </trkpt>
      <trkpt lat="53.757057" lon="10.533985">
        <ele>36.917303</ele>
        <time>2026-06-27T19:16:54.374Z</time>
      </trkpt>
      <trkpt lat="53.755604" lon="10.531276">
        <ele>37.356078</ele>
        <time>2026-06-27T19:17:26.716Z</time>
      </trkpt>
      <trkpt lat="53.755125" lon="10.530611">
        <ele>37.757198</ele>
        <time>2026-06-27T19:17:38.614Z</time>
      </trkpt>
      <trkpt lat="53.754528" lon="10.530034">
        <ele>39.558177</ele>
        <time>2026-06-27T19:17:54.878Z</time>
      </trkpt>
      <trkpt lat="53.754316" lon="10.529848">
        <ele>40.252276</ele>
        <time>2026-06-27T19:18:01.162Z</time>
      </trkpt>
      <trkpt lat="53.753458" lon="10.529096">
        <ele>43.067012</ele>
        <time>2026-06-27T19:18:28.960Z</time>
      </trkpt>
      <trkpt lat="53.753084" lon="10.528777">
        <ele>44.668412</ele>
        <time>2026-06-27T19:18:41.705Z</time>
      </trkpt>
      <trkpt lat="53.752910" lon="10.528680">
        <ele>45.368846</ele>
        <time>2026-06-27T19:18:47.162Z</time>
      </trkpt>
      <trkpt lat="53.752514" lon="10.528303">
        <ele>47.106194</ele>
        <time>2026-06-27T19:19:00.798Z</time>
      </trkpt>
      <trkpt lat="53.752416" lon="10.528130">
        <ele>47.647779</ele>
        <time>2026-06-27T19:19:05.218Z</time>
      </trkpt>
      <trkpt lat="53.751993" lon="10.527506">
        <ele>49.793721</ele>
        <time>2026-06-27T19:19:22.412Z</time>
      </trkpt>
      <trkpt lat="53.751818" lon="10.527289">
        <ele>50.581773</ele>
        <time>2026-06-27T19:19:29.057Z</time>
      </trkpt>
      <trkpt lat="53.751601" lon="10.527126">
        <ele>51.436079</ele>
        <time>2026-06-27T19:19:36.343Z</time>
      </trkpt>
      <trkpt lat="53.750929" lon="10.526651">
        <ele>54.056605</ele>
        <time>2026-06-27T19:19:58.432Z</time>
      </trkpt>
      <trkpt lat="53.750170" lon="10.526041">
        <ele>56.697942</ele>
        <time>2026-06-27T19:20:21.926Z</time>
      </trkpt>
      <trkpt lat="53.749684" lon="10.525620">
        <ele>57.575949</ele>
        <time>2026-06-27T19:20:34.990Z</time>
      </trkpt>
      <trkpt lat="53.749564" lon="10.526434">
        <ele>58.373585</ele>
        <time>2026-06-27T19:20:48.338Z</time>
      </trkpt>
      <trkpt lat="53.749524" lon="10.526720">
        <ele>58.653016</ele>
        <time>2026-06-27T19:20:52.706Z</time>
      </trkpt>
      <trkpt lat="53.749496" lon="10.526900">
        <ele>58.829982</ele>
        <time>2026-06-27T19:20:55.360Z</time>
      </trkpt>
      <trkpt lat="53.749425" lon="10.527358">
        <ele>59.280163</ele>
        <time>2026-06-27T19:21:01.525Z</time>
      </trkpt>
      <trkpt lat="53.749366" lon="10.527667">
        <ele>58.999755</ele>
        <time>2026-06-27T19:21:05.125Z</time>
      </trkpt>
      <trkpt lat="53.749307" lon="10.527974">
        <ele>58.718985</ele>
        <time>2026-06-27T19:21:08.463Z</time>
      </trkpt>
      <trkpt lat="53.749271" lon="10.528229">
        <ele>58.490959</ele>
        <time>2026-06-27T19:21:11.090Z</time>
      </trkpt>
      <trkpt lat="53.749271" lon="10.528491">
        <ele>58.263078</ele>
        <time>2026-06-27T19:21:13.642Z</time>
      </trkpt>
      <trkpt lat="53.749298" lon="10.528752">
        <ele>58.032619</ele>
        <time>2026-06-27T19:21:16.114Z</time>
      </trkpt>
      <trkpt lat="53.749315" lon="10.528934">
        <ele>57.872357</ele>
        <time>2026-06-27T19:21:17.803Z</time>
      </trkpt>
      <trkpt lat="53.749323" lon="10.529313">
        <ele>57.542502</ele>
        <time>2026-06-27T19:21:21.215Z</time>
      </trkpt>
      <trkpt lat="53.749300" lon="10.529628">
        <ele>57.266442</ele>
        <time>2026-06-27T19:21:24.077Z</time>
      </trkpt>
      <trkpt lat="53.749280" lon="10.529803">
        <ele>57.111415</ele>
        <time>2026-06-27T19:21:25.688Z</time>
      </trkpt>
      <trkpt lat="53.749237" lon="10.530163">
        <ele>56.791972</ele>
        <time>2026-06-27T19:21:29.032Z</time>
      </trkpt>
      <trkpt lat="53.749186" lon="10.530881">
        <ele>56.683523</ele>
        <time>2026-06-27T19:21:35.787Z</time>
      </trkpt>
      <trkpt lat="53.749058" lon="10.530872">
        <ele>56.702639</ele>
        <time>2026-06-27T19:21:37.259Z</time>
      </trkpt>
      <trkpt lat="53.748820" lon="10.530990">
        <ele>56.739647</ele>
        <time>2026-06-27T19:21:40.384Z</time>
      </trkpt>
      <trkpt lat="53.748734" lon="10.530996">
        <ele>56.752490</ele>
        <time>2026-06-27T19:21:41.564Z</time>
      </trkpt>
      <trkpt lat="53.748248" lon="10.530881">
        <ele>56.825714</ele>
        <time>2026-06-27T19:21:49.843Z</time>
      </trkpt>
      <trkpt lat="53.747886" lon="10.530650">
        <ele>56.883446</ele>
        <time>2026-06-27T19:21:58.394Z</time>
      </trkpt>
      <trkpt lat="53.747320" lon="10.530383">
        <ele>58.427925</ele>
        <time>2026-06-27T19:22:12.829Z</time>
      </trkpt>
      <trkpt lat="53.747003" lon="10.530079">
        <ele>59.661768</ele>
        <time>2026-06-27T19:22:22.556Z</time>
      </trkpt>
      <trkpt lat="53.746664" lon="10.529802">
        <ele>60.936494</ele>
        <time>2026-06-27T19:22:33.846Z</time>
      </trkpt>
      <trkpt lat="53.746320" lon="10.529744">
        <ele>62.106955</ele>
        <time>2026-06-27T19:22:45.264Z</time>
      </trkpt>
      <trkpt lat="53.745145" lon="10.529775">
        <ele>65.745588</ele>
        <time>2026-06-27T19:23:22.569Z</time>
      </trkpt>
      <trkpt lat="53.744716" lon="10.529794">
        <ele>67.038756</ele>
        <time>2026-06-27T19:23:33.691Z</time>
      </trkpt>
      <trkpt lat="53.744567" lon="10.529801">
        <ele>67.487918</ele>
        <time>2026-06-27T19:23:37.088Z</time>
      </trkpt>
      <trkpt lat="53.743946" lon="10.529906">
        <ele>68.611059</ele>
        <time>2026-06-27T19:23:48.491Z</time>
      </trkpt>
      <trkpt lat="53.742183" lon="10.530650">
        <ele>69.536994</ele>
        <time>2026-06-27T19:24:18.858Z</time>
      </trkpt>
      <trkpt lat="53.741338" lon="10.530632">
        <ele>69.543639</ele>
        <time>2026-06-27T19:24:32.216Z</time>
      </trkpt>
      <trkpt lat="53.739145" lon="10.530066">
        <ele>68.643572</ele>
        <time>2026-06-27T19:25:01.385Z</time>
      </trkpt>
      <trkpt lat="53.738506" lon="10.530049">
        <ele>68.016648</ele>
        <time>2026-06-27T19:25:09.542Z</time>
      </trkpt>
      <trkpt lat="53.737924" lon="10.530208">
        <ele>67.327980</ele>
        <time>2026-06-27T19:25:16.664Z</time>
      </trkpt>
      <trkpt lat="53.737520" lon="10.530437">
        <ele>66.830239</ele>
        <time>2026-06-27T19:25:21.603Z</time>
      </trkpt>
      <trkpt lat="53.736909" lon="10.530911">
        <ele>66.150573</ele>
        <time>2026-06-27T19:25:29.178Z</time>
      </trkpt>
      <trkpt lat="53.736328" lon="10.531652">
        <ele>65.533444</ele>
        <time>2026-06-27T19:25:37.563Z</time>
      </trkpt>
      <trkpt lat="53.735130" lon="10.533421">
        <ele>65.225054</ele>
        <time>2026-06-27T19:26:02.091Z</time>
      </trkpt>
      <trkpt lat="53.734776" lon="10.533867">
        <ele>65.391302</ele>
        <time>2026-06-27T19:26:09.938Z</time>
      </trkpt>
      <trkpt lat="53.734525" lon="10.534133">
        <ele>65.502854</ele>
        <time>2026-06-27T19:26:14.760Z</time>
      </trkpt>
      <trkpt lat="53.733794" lon="10.532666">
        <ele>65.852328</ele>
        <time>2026-06-27T19:27:46.941Z</time>
      </trkpt>
      <trkpt lat="53.734525" lon="10.534133">
        <ele>65.932238</ele>
        <time>2026-06-27T19:29:18.375Z</time>
      </trkpt>
      <trkpt lat="53.733073" lon="10.535666">
        <ele>64.653043</ele>
        <time>2026-06-27T19:29:39.750Z</time>
      </trkpt>
      <trkpt lat="53.732512" lon="10.536513">
        <ele>63.629322</ele>
        <time>2026-06-27T19:29:48.145Z</time>
      </trkpt>
      <trkpt lat="53.732167" lon="10.537259">
        <ele>62.866944</ele>
        <time>2026-06-27T19:29:54.507Z</time>
      </trkpt>
      <trkpt lat="53.730232" lon="10.543520">
        <ele>59.531971</ele>
        <time>2026-06-27T19:30:47.501Z</time>
      </trkpt>
      <trkpt lat="53.729801" lon="10.544361">
        <ele>59.226387</ele>
        <time>2026-06-27T19:30:56.391Z</time>
      </trkpt>
      <trkpt lat="53.729389" lon="10.544758">
        <ele>59.006227</ele>
        <time>2026-06-27T19:31:02.830Z</time>
      </trkpt>
      <trkpt lat="53.728567" lon="10.545143">
        <ele>58.599824</ele>
        <time>2026-06-27T19:31:14.311Z</time>
      </trkpt>
      <trkpt lat="53.728206" lon="10.545364">
        <ele>58.412780</ele>
        <time>2026-06-27T19:31:19.505Z</time>
      </trkpt>
      <trkpt lat="53.727916" lon="10.545661">
        <ele>58.247595</ele>
        <time>2026-06-27T19:31:24.159Z</time>
      </trkpt>
      <trkpt lat="53.727634" lon="10.546073">
        <ele>58.066010</ele>
        <time>2026-06-27T19:31:29.118Z</time>
      </trkpt>
      <trkpt lat="53.727222" lon="10.546761">
        <ele>57.551388</ele>
        <time>2026-06-27T19:31:36.496Z</time>
      </trkpt>
      <trkpt lat="53.725435" lon="10.544370">
        <ele>55.257759</ele>
        <time>2026-06-27T19:32:14.537Z</time>
      </trkpt>
      <trkpt lat="53.724941" lon="10.543936">
        <ele>54.881955</ele>
        <time>2026-06-27T19:32:24.838Z</time>
      </trkpt>
      <trkpt lat="53.724387" lon="10.543567">
        <ele>54.626824</ele>
        <time>2026-06-27T19:32:37.431Z</time>
      </trkpt>
      <trkpt lat="53.723978" lon="10.543247">
        <ele>54.723470</ele>
        <time>2026-06-27T19:32:47.802Z</time>
      </trkpt>
      <trkpt lat="53.723520" lon="10.542730">
        <ele>54.841573</ele>
        <time>2026-06-27T19:33:00.261Z</time>
      </trkpt>
      <trkpt lat="53.723112" lon="10.542075">
        <ele>54.962242</ele>
        <time>2026-06-27T19:33:11.910Z</time>
      </trkpt>
      <trkpt lat="53.722368" lon="10.540646">
        <ele>54.071727</ele>
        <time>2026-06-27T19:33:31.788Z</time>
      </trkpt>
      <trkpt lat="53.721664" lon="10.539201">
        <ele>53.311267</ele>
        <time>2026-06-27T19:33:50.538Z</time>
      </trkpt>
      <trkpt lat="53.721009" lon="10.537845">
        <ele>52.957344</ele>
        <time>2026-06-27T19:34:10.220Z</time>
      </trkpt>
      <trkpt lat="53.720732" lon="10.537321">
        <ele>52.834593</ele>
        <time>2026-06-27T19:34:19.166Z</time>
      </trkpt>
      <trkpt lat="53.720363" lon="10.536714">
        <ele>53.191897</ele>
        <time>2026-06-27T19:34:30.894Z</time>
      </trkpt>
      <trkpt lat="53.719902" lon="10.536052">
        <ele>53.611655</ele>
        <time>2026-06-27T19:34:45.252Z</time>
      </trkpt>
      <trkpt lat="53.719859" lon="10.536003">
        <ele>53.647640</ele>
        <time>2026-06-27T19:34:46.488Z</time>
      </trkpt>
      <trkpt lat="53.719428" lon="10.535543">
        <ele>54.001344</ele>
        <time>2026-06-27T19:34:58.406Z</time>
      </trkpt>
      <trkpt lat="53.718711" lon="10.534950">
        <ele>54.629539</ele>
        <time>2026-06-27T19:35:16.778Z</time>
      </trkpt>
      <trkpt lat="53.718129" lon="10.534599">
        <ele>55.123932</ele>
        <time>2026-06-27T19:35:30.929Z</time>
      </trkpt>
      <trkpt lat="53.716971" lon="10.534178">
        <ele>56.226416</ele>
        <time>2026-06-27T19:35:59.798Z</time>
      </trkpt>
      <trkpt lat="53.716682" lon="10.534083">
        <ele>56.526751</ele>
        <time>2026-06-27T19:36:07.108Z</time>
      </trkpt>
      <trkpt lat="53.715734" lon="10.533504">
        <ele>57.406702</ele>
        <time>2026-06-27T19:36:26.032Z</time>
      </trkpt>
      <trkpt lat="53.715168" lon="10.532981">
        <ele>57.603390</ele>
        <time>2026-06-27T19:36:37.254Z</time>
      </trkpt>
      <trkpt lat="53.714633" lon="10.532314">
        <ele>57.806103</ele>
        <time>2026-06-27T19:36:47.667Z</time>
      </trkpt>
      <trkpt lat="53.713106" lon="10.530089">
        <ele>57.171605</ele>
        <time>2026-06-27T19:37:14.444Z</time>
      </trkpt>
      <trkpt lat="53.711957" lon="10.528424">
        <ele>56.880370</ele>
        <time>2026-06-27T19:37:35.753Z</time>
      </trkpt>
      <trkpt lat="53.711560" lon="10.528192">
        <ele>56.801279</ele>
        <time>2026-06-27T19:37:42.007Z</time>
      </trkpt>
      <trkpt lat="53.711333" lon="10.527997">
        <ele>56.746336</ele>
        <time>2026-06-27T19:37:45.816Z</time>
      </trkpt>
      <trkpt lat="53.711091" lon="10.527705">
        <ele>56.682175</ele>
        <time>2026-06-27T19:37:50.267Z</time>
      </trkpt>
      <trkpt lat="53.710973" lon="10.527476">
        <ele>56.643402</ele>
        <time>2026-06-27T19:37:52.891Z</time>
      </trkpt>
      <trkpt lat="53.710906" lon="10.527245">
        <ele>56.610553</ele>
        <time>2026-06-27T19:37:55.104Z</time>
      </trkpt>
      <trkpt lat="53.710800" lon="10.526724">
        <ele>56.540201</ele>
        <time>2026-06-27T19:37:59.779Z</time>
      </trkpt>
      <trkpt lat="53.710725" lon="10.526519">
        <ele>56.509425</ele>
        <time>2026-06-27T19:38:01.797Z</time>
      </trkpt>
      <trkpt lat="53.710595" lon="10.526347">
        <ele>56.473800</ele>
        <time>2026-06-27T19:38:04.051Z</time>
      </trkpt>
      <trkpt lat="53.710467" lon="10.526261">
        <ele>56.444079</ele>
        <time>2026-06-27T19:38:05.834Z</time>
      </trkpt>
      <trkpt lat="53.710375" lon="10.526179">
        <ele>56.413831</ele>
        <time>2026-06-27T19:38:07.131Z</time>
      </trkpt>
      <trkpt lat="53.710170" lon="10.526048">
        <ele>56.313853</ele>
        <time>2026-06-27T19:38:09.856Z</time>
      </trkpt>
      <trkpt lat="53.710039" lon="10.526050">
        <ele>56.254094</ele>
        <time>2026-06-27T19:38:11.475Z</time>
      </trkpt>
      <trkpt lat="53.709641" lon="10.526178">
        <ele>56.069283</ele>
        <time>2026-06-27T19:38:16.542Z</time>
      </trkpt>
      <trkpt lat="53.709367" lon="10.526210">
        <ele>55.943998</ele>
        <time>2026-06-27T19:38:20.042Z</time>
      </trkpt>
      <trkpt lat="53.709294" lon="10.526362">
        <ele>55.891149</ele>
        <time>2026-06-27T19:38:21.558Z</time>
      </trkpt>
      <trkpt lat="53.709043" lon="10.526569">
        <ele>55.763741</ele>
        <time>2026-06-27T19:38:25.342Z</time>
      </trkpt>
      <trkpt lat="53.708866" lon="10.526616">
        <ele>55.682010</ele>
        <time>2026-06-27T19:38:27.891Z</time>
      </trkpt>
      <trkpt lat="53.708773" lon="10.526592">
        <ele>55.639095</ele>
        <time>2026-06-27T19:38:29.280Z</time>
      </trkpt>
      <trkpt lat="53.708346" lon="10.526663">
        <ele>55.722215</ele>
        <time>2026-06-27T19:38:36.062Z</time>
      </trkpt>
      <trkpt lat="53.707626" lon="10.527257">
        <ele>55.975126</ele>
        <time>2026-06-27T19:38:50.145Z</time>
      </trkpt>
      <trkpt lat="53.707540" lon="10.527324">
        <ele>56.005019</ele>
        <time>2026-06-27T19:38:51.785Z</time>
      </trkpt>
      <trkpt lat="53.707198" lon="10.527420">
        <ele>56.114449</ele>
        <time>2026-06-27T19:38:57.619Z</time>
      </trkpt>
      <trkpt lat="53.706434" lon="10.527613">
        <ele>55.482694</ele>
        <time>2026-06-27T19:39:08.655Z</time>
      </trkpt>
      <trkpt lat="53.705993" lon="10.527693">
        <ele>54.950552</ele>
        <time>2026-06-27T19:39:14.049Z</time>
      </trkpt>
      <trkpt lat="53.705489" lon="10.527795">
        <ele>54.341542</ele>
        <time>2026-06-27T19:39:19.741Z</time>
      </trkpt>
      <trkpt lat="53.705195" lon="10.527859">
        <ele>53.936415</ele>
        <time>2026-06-27T19:39:22.892Z</time>
      </trkpt>
      <trkpt lat="53.703985" lon="10.528125">
        <ele>50.212385</ele>
        <time>2026-06-27T19:39:35.306Z</time>
      </trkpt>
      <trkpt lat="53.703358" lon="10.528263">
        <ele>48.391492</ele>
        <time>2026-06-27T19:39:41.689Z</time>
      </trkpt>
      <trkpt lat="53.703042" lon="10.528390">
        <ele>47.839062</ele>
        <time>2026-06-27T19:39:44.977Z</time>
      </trkpt>
      <trkpt lat="53.702860" lon="10.528528">
        <ele>47.499778</ele>
        <time>2026-06-27T19:39:47.016Z</time>
      </trkpt>
      <trkpt lat="53.702765" lon="10.528600">
        <ele>47.322693</ele>
        <time>2026-06-27T19:39:48.087Z</time>
      </trkpt>
      <trkpt lat="53.702123" lon="10.529325">
        <ele>46.009313</ele>
        <time>2026-06-27T19:39:56.857Z</time>
      </trkpt>
      <trkpt lat="53.701888" lon="10.529478">
        <ele>45.580984</ele>
        <time>2026-06-27T19:40:00.528Z</time>
      </trkpt>
      <trkpt lat="53.701580" lon="10.529526">
        <ele>45.910718</ele>
        <time>2026-06-27T19:40:05.994Z</time>
      </trkpt>
      <trkpt lat="53.701223" lon="10.529435">
        <ele>46.564174</ele>
        <time>2026-06-27T19:40:13.609Z</time>
      </trkpt>
      <trkpt lat="53.700007" lon="10.528797">
        <ele>48.834621</ele>
        <time>2026-06-27T19:40:45.704Z</time>
      </trkpt>
      <trkpt lat="53.698975" lon="10.528034">
        <ele>50.389664</ele>
        <time>2026-06-27T19:41:09.933Z</time>
      </trkpt>
      <trkpt lat="53.698305" lon="10.527582">
        <ele>51.225938</ele>
        <time>2026-06-27T19:41:22.132Z</time>
      </trkpt>
      <trkpt lat="53.697687" lon="10.527261">
        <ele>51.317299</ele>
        <time>2026-06-27T19:41:31.844Z</time>
      </trkpt>
      <trkpt lat="53.694452" lon="10.526103">
        <ele>51.368156</ele>
        <time>2026-06-27T19:42:21.663Z</time>
      </trkpt>
      <trkpt lat="53.694147" lon="10.526042">
        <ele>51.251973</ele>
        <time>2026-06-27T19:42:25.948Z</time>
      </trkpt>
      <trkpt lat="53.693817" lon="10.526366">
        <ele>51.107577</ele>
        <time>2026-06-27T19:42:31.066Z</time>
      </trkpt>
      <trkpt lat="53.693263" lon="10.526960">
        <ele>50.847981</ele>
        <time>2026-06-27T19:42:39.459Z</time>
      </trkpt>
      <trkpt lat="53.692543" lon="10.527702">
        <ele>50.223456</ele>
        <time>2026-06-27T19:42:50.010Z</time>
      </trkpt>
      <trkpt lat="53.691386" lon="10.528827">
        <ele>49.087472</ele>
        <time>2026-06-27T19:43:07.117Z</time>
      </trkpt>
      <trkpt lat="53.690984" lon="10.529276">
        <ele>48.557790</ele>
        <time>2026-06-27T19:43:12.897Z</time>
      </trkpt>
      <trkpt lat="53.690766" lon="10.529605">
        <ele>48.236481</ele>
        <time>2026-06-27T19:43:16.311Z</time>
      </trkpt>
      <trkpt lat="53.690428" lon="10.529453">
        <ele>47.852073</ele>
        <time>2026-06-27T19:43:20.361Z</time>
      </trkpt>
      <trkpt lat="53.690315" lon="10.529236">
        <ele>47.664017</ele>
        <time>2026-06-27T19:43:22.353Z</time>
      </trkpt>
      <trkpt lat="53.689952" lon="10.528681">
        <ele>47.425603</ele>
        <time>2026-06-27T19:43:28.260Z</time>
      </trkpt>
      <trkpt lat="53.689820" lon="10.528412">
        <ele>47.354243</ele>
        <time>2026-06-27T19:43:30.986Z</time>
      </trkpt>
      <trkpt lat="53.689632" lon="10.527763">
        <ele>47.206666</ele>
        <time>2026-06-27T19:43:36.854Z</time>
      </trkpt>
      <trkpt lat="53.689505" lon="10.527421">
        <ele>47.124209</ele>
        <time>2026-06-27T19:43:40.310Z</time>
      </trkpt>
      <trkpt lat="53.689308" lon="10.527102">
        <ele>47.030062</ele>
        <time>2026-06-27T19:43:44.565Z</time>
      </trkpt>
      <trkpt lat="53.689093" lon="10.526895">
        <ele>46.944693</ele>
        <time>2026-06-27T19:43:48.696Z</time>
      </trkpt>
      <trkpt lat="53.688690" lon="10.526649">
        <ele>46.944324</ele>
        <time>2026-06-27T19:43:55.875Z</time>
      </trkpt>
      <trkpt lat="53.688156" lon="10.526187">
        <ele>46.947225</ele>
        <time>2026-06-27T19:44:05.550Z</time>
      </trkpt>
      <trkpt lat="53.687824" lon="10.525908">
        <ele>46.949018</ele>
        <time>2026-06-27T19:44:11.053Z</time>
      </trkpt>
      <trkpt lat="53.687134" lon="10.525446">
        <ele>46.508369</ele>
        <time>2026-06-27T19:44:20.699Z</time>
      </trkpt>
      <trkpt lat="53.684248" lon="10.523575">
        <ele>42.161633</ele>
        <time>2026-06-27T19:44:55.967Z</time>
      </trkpt>
      <trkpt lat="53.683763" lon="10.523480">
        <ele>41.752054</ele>
        <time>2026-06-27T19:45:01.889Z</time>
      </trkpt>
      <trkpt lat="53.683016" lon="10.523605">
        <ele>41.381491</ele>
        <time>2026-06-27T19:45:11.562Z</time>
      </trkpt>
      <trkpt lat="53.682266" lon="10.523808">
        <ele>41.041103</ele>
        <time>2026-06-27T19:45:22.366Z</time>
      </trkpt>
      <trkpt lat="53.680855" lon="10.524573">
        <ele>42.019894</ele>
        <time>2026-06-27T19:45:48.718Z</time>
      </trkpt>
      <trkpt lat="53.680619" lon="10.524659">
        <ele>42.179355</ele>
        <time>2026-06-27T19:45:53.313Z</time>
      </trkpt>
      <trkpt lat="53.679798" lon="10.524654">
        <ele>42.487911</ele>
        <time>2026-06-27T19:46:08.355Z</time>
      </trkpt>
      <trkpt lat="53.673877" lon="10.524262">
        <ele>44.729295</ele>
        <time>2026-06-27T19:47:42.505Z</time>
      </trkpt>
      <trkpt lat="53.673598" lon="10.524210">
        <ele>44.854394</ele>
        <time>2026-06-27T19:47:47.357Z</time>
      </trkpt>
      <trkpt lat="53.673379" lon="10.524039">
        <ele>44.989318</ele>
        <time>2026-06-27T19:47:51.780Z</time>
      </trkpt>
      <trkpt lat="53.673242" lon="10.523846">
        <ele>45.239210</ele>
        <time>2026-06-27T19:47:55.197Z</time>
      </trkpt>
      <trkpt lat="53.673152" lon="10.523701">
        <ele>45.413440</ele>
        <time>2026-06-27T19:47:57.637Z</time>
      </trkpt>
      <trkpt lat="53.673045" lon="10.523425">
        <ele>45.687085</ele>
        <time>2026-06-27T19:48:01.535Z</time>
      </trkpt>
      <trkpt lat="53.672772" lon="10.522226">
        <ele>46.752730</ele>
        <time>2026-06-27T19:48:17.450Z</time>
      </trkpt>
      <trkpt lat="53.672365" lon="10.520379">
        <ele>48.264246</ele>
        <time>2026-06-27T19:48:42.760Z</time>
      </trkpt>
      <trkpt lat="53.671728" lon="10.517505">
        <ele>49.598207</ele>
        <time>2026-06-27T19:49:16.577Z</time>
      </trkpt>
      <trkpt lat="53.671616" lon="10.517162">
        <ele>49.580766</ele>
        <time>2026-06-27T19:49:19.739Z</time>
      </trkpt>
      <trkpt lat="53.671458" lon="10.516887">
        <ele>49.563707</ele>
        <time>2026-06-27T19:49:22.752Z</time>
      </trkpt>
      <trkpt lat="53.671250" lon="10.516655">
        <ele>49.544966</ele>
        <time>2026-06-27T19:49:25.930Z</time>
      </trkpt>
      <trkpt lat="53.670959" lon="10.516591">
        <ele>49.522906</ele>
        <time>2026-06-27T19:49:29.549Z</time>
      </trkpt>
      <trkpt lat="53.669814" lon="10.516542">
        <ele>48.795224</ele>
        <time>2026-06-27T19:49:43.428Z</time>
      </trkpt>
      <trkpt lat="53.669466" lon="10.516381">
        <ele>48.542083</ele>
        <time>2026-06-27T19:49:48.356Z</time>
      </trkpt>
      <trkpt lat="53.669013" lon="10.515945">
        <ele>48.254965</ele>
        <time>2026-06-27T19:49:55.760Z</time>
      </trkpt>
      <trkpt lat="53.668627" lon="10.515227">
        <ele>48.270850</ele>
        <time>2026-06-27T19:50:03.922Z</time>
      </trkpt>
      <trkpt lat="53.668507" lon="10.514841">
        <ele>48.277991</ele>
        <time>2026-06-27T19:50:07.553Z</time>
      </trkpt>
      <trkpt lat="53.668342" lon="10.513968">
        <ele>48.293004</ele>
        <time>2026-06-27T19:50:15.766Z</time>
      </trkpt>
      <trkpt lat="53.668322" lon="10.513860">
        <ele>48.294858</ele>
        <time>2026-06-27T19:50:16.817Z</time>
      </trkpt>
      <trkpt lat="53.668226" lon="10.513352">
        <ele>48.385846</ele>
        <time>2026-06-27T19:50:21.939Z</time>
      </trkpt>
      <trkpt lat="53.668030" lon="10.512283">
        <ele>49.208268</ele>
        <time>2026-06-27T19:50:33.588Z</time>
      </trkpt>
      <trkpt lat="53.667943" lon="10.511970">
        <ele>49.462365</ele>
        <time>2026-06-27T19:50:37.534Z</time>
      </trkpt>
      <trkpt lat="53.667373" lon="10.510649">
        <ele>50.747760</ele>
        <time>2026-06-27T19:50:59.000Z</time>
      </trkpt>
      <trkpt lat="53.667069" lon="10.509980">
        <ele>51.767807</ele>
        <time>2026-06-27T19:51:10.254Z</time>
      </trkpt>
      <trkpt lat="53.666905" lon="10.509594">
        <ele>52.342484</ele>
        <time>2026-06-27T19:51:16.936Z</time>
      </trkpt>
      <trkpt lat="53.666815" lon="10.509444">
        <ele>52.600771</ele>
        <time>2026-06-27T19:51:20.035Z</time>
      </trkpt>
      <trkpt lat="53.666725" lon="10.509403">
        <ele>52.791132</ele>
        <time>2026-06-27T19:51:22.386Z</time>
      </trkpt>
      <trkpt lat="53.666644" lon="10.509428">
        <ele>52.959281</ele>
        <time>2026-06-27T19:51:24.460Z</time>
      </trkpt>
      <trkpt lat="53.666510" lon="10.509545">
        <ele>53.267362</ele>
        <time>2026-06-27T19:51:28.346Z</time>
      </trkpt>
      <trkpt lat="53.666362" lon="10.509611">
        <ele>53.579956</ele>
        <time>2026-06-27T19:51:32.340Z</time>
      </trkpt>
      <trkpt lat="53.665241" lon="10.509815">
        <ele>53.922583</ele>
        <time>2026-06-27T19:51:55.473Z</time>
      </trkpt>
      <trkpt lat="53.665197" lon="10.510712">
        <ele>53.738578</ele>
        <time>2026-06-27T19:52:01.936Z</time>
      </trkpt>
      <trkpt lat="53.665137" lon="10.511016">
        <ele>53.673073</ele>
        <time>2026-06-27T19:52:03.978Z</time>
      </trkpt>
      <trkpt lat="53.664978" lon="10.511511">
        <ele>53.439730</ele>
        <time>2026-06-27T19:52:07.423Z</time>
      </trkpt>
      <trkpt lat="53.664736" lon="10.512013">
        <ele>52.734343</ele>
        <time>2026-06-27T19:52:11.313Z</time>
      </trkpt>
      <trkpt lat="53.664429" lon="10.512435">
        <ele>52.005978</ele>
        <time>2026-06-27T19:52:15.480Z</time>
      </trkpt>
      <trkpt lat="53.664180" lon="10.512702">
        <ele>51.463289</ele>
        <time>2026-06-27T19:52:18.720Z</time>
      </trkpt>
      <trkpt lat="53.663787" lon="10.512991">
        <ele>50.674687</ele>
        <time>2026-06-27T19:52:23.789Z</time>
      </trkpt>
      <trkpt lat="53.663571" lon="10.513107">
        <ele>50.276706</ele>
        <time>2026-06-27T19:52:26.716Z</time>
      </trkpt>
      <trkpt lat="53.661555" lon="10.513923">
        <ele>50.622201</ele>
        <time>2026-06-27T19:52:58.281Z</time>
      </trkpt>
      <trkpt lat="53.661511" lon="10.513941">
        <ele>50.671626</ele>
        <time>2026-06-27T19:52:59.110Z</time>
      </trkpt>
      <trkpt lat="53.660829" lon="10.514198">
        <ele>51.434482</ele>
        <time>2026-06-27T19:53:13.165Z</time>
      </trkpt>
      <trkpt lat="53.660380" lon="10.514306">
        <ele>51.929597</ele>
        <time>2026-06-27T19:53:22.817Z</time>
      </trkpt>
      <trkpt lat="53.659976" lon="10.514241">
        <ele>52.281192</ele>
        <time>2026-06-27T19:53:31.286Z</time>
      </trkpt>
      <trkpt lat="53.659473" lon="10.514061">
        <ele>52.317449</ele>
        <time>2026-06-27T19:53:41.217Z</time>
      </trkpt>
      <trkpt lat="53.658592" lon="10.513635">
        <ele>52.382072</ele>
        <time>2026-06-27T19:53:54.389Z</time>
      </trkpt>
      <trkpt lat="53.657921" lon="10.513358">
        <ele>51.514719</ele>
        <time>2026-06-27T19:54:02.359Z</time>
      </trkpt>
      <trkpt lat="53.657688" lon="10.513297">
        <ele>51.007501</ele>
        <time>2026-06-27T19:54:04.930Z</time>
      </trkpt>
      <trkpt lat="53.656980" lon="10.513283">
        <ele>49.484371</ele>
        <time>2026-06-27T19:54:12.379Z</time>
      </trkpt>
      <trkpt lat="53.656568" lon="10.513272">
        <ele>48.597980</ele>
        <time>2026-06-27T19:54:16.645Z</time>
      </trkpt>
      <trkpt lat="53.654628" lon="10.513357">
        <ele>44.453610</ele>
        <time>2026-06-27T19:54:37.415Z</time>
      </trkpt>
      <trkpt lat="53.653841" lon="10.513346">
        <ele>43.934366</ele>
        <time>2026-06-27T19:54:47.327Z</time>
      </trkpt>
      <trkpt lat="53.652355" lon="10.513659">
        <ele>43.299697</ele>
        <time>2026-06-27T19:55:09.455Z</time>
      </trkpt>
      <trkpt lat="53.652243" lon="10.513679">
        <ele>43.291993</ele>
        <time>2026-06-27T19:55:11.079Z</time>
      </trkpt>
      <trkpt lat="53.651274" lon="10.513817">
        <ele>43.225477</ele>
        <time>2026-06-27T19:55:25.129Z</time>
      </trkpt>
      <trkpt lat="53.649244" lon="10.514218">
        <ele>43.175551</ele>
        <time>2026-06-27T19:55:55.111Z</time>
      </trkpt>
      <trkpt lat="53.643494" lon="10.515468">
        <ele>42.881455</ele>
        <time>2026-06-27T19:57:19.473Z</time>
      </trkpt>
      <trkpt lat="53.642531" lon="10.515495">
        <ele>43.100407</ele>
        <time>2026-06-27T19:57:34.595Z</time>
      </trkpt>
      <trkpt lat="53.640977" lon="10.514787">
        <ele>43.942315</ele>
        <time>2026-06-27T19:58:01.864Z</time>
      </trkpt>
      <trkpt lat="53.639984" lon="10.514805">
        <ele>44.839802</ele>
        <time>2026-06-27T19:58:19.929Z</time>
      </trkpt>
      <trkpt lat="53.639169" lon="10.515108">
        <ele>45.851217</ele>
        <time>2026-06-27T19:58:36.689Z</time>
      </trkpt>
      <trkpt lat="53.638789" lon="10.515321">
        <ele>46.336507</ele>
        <time>2026-06-27T19:58:45.259Z</time>
      </trkpt>
      <trkpt lat="53.638247" lon="10.515724">
        <ele>46.761993</ele>
        <time>2026-06-27T19:58:57.236Z</time>
      </trkpt>
      <trkpt lat="53.637853" lon="10.516102">
        <ele>47.060357</ele>
        <time>2026-06-27T19:59:05.510Z</time>
      </trkpt>
      <trkpt lat="53.636085" lon="10.518394">
        <ele>47.494291</ele>
        <time>2026-06-27T19:59:38.484Z</time>
      </trkpt>
      <trkpt lat="53.634670" lon="10.520019">
        <ele>47.420774</ele>
        <time>2026-06-27T20:00:02.180Z</time>
      </trkpt>
      <trkpt lat="53.633978" lon="10.520712">
        <ele>47.646919</ele>
        <time>2026-06-27T20:00:15.742Z</time>
      </trkpt>
      <trkpt lat="53.631999" lon="10.522652">
        <ele>49.355788</ele>
        <time>2026-06-27T20:00:57.540Z</time>
      </trkpt>
      <trkpt lat="53.631573" lon="10.523087">
        <ele>49.742608</ele>
        <time>2026-06-27T20:01:06.051Z</time>
      </trkpt>
      <trkpt lat="53.630346" lon="10.524314">
        <ele>51.166913</ele>
        <time>2026-06-27T20:01:31.816Z</time>
      </trkpt>
      <trkpt lat="53.628898" lon="10.525771">
        <ele>53.437659</ele>
        <time>2026-06-27T20:02:06.510Z</time>
      </trkpt>
      <trkpt lat="53.628542" lon="10.526121">
        <ele>54.091725</ele>
        <time>2026-06-27T20:02:15.378Z</time>
      </trkpt>
      <trkpt lat="53.628436" lon="10.526225">
        <ele>54.286374</ele>
        <time>2026-06-27T20:02:17.991Z</time>
      </trkpt>
      <trkpt lat="53.628085" lon="10.526571">
        <ele>54.931690</ele>
        <time>2026-06-27T20:02:26.872Z</time>
      </trkpt>
      <trkpt lat="53.627634" lon="10.527011">
        <ele>55.434015</ele>
        <time>2026-06-27T20:02:38.505Z</time>
      </trkpt>
      <trkpt lat="53.627475" lon="10.527165">
        <ele>55.605859</ele>
        <time>2026-06-27T20:02:42.312Z</time>
      </trkpt>
      <trkpt lat="53.627300" lon="10.527340">
        <ele>55.796537</ele>
        <time>2026-06-27T20:02:46.466Z</time>
      </trkpt>
      <trkpt lat="53.626823" lon="10.527954">
        <ele>56.358937</ele>
        <time>2026-06-27T20:02:57.479Z</time>
      </trkpt>
      <trkpt lat="53.625971" lon="10.526316">
        <ele>55.676895</ele>
        <time>2026-06-27T20:03:14.241Z</time>
      </trkpt>
      <trkpt lat="53.625638" lon="10.525684">
        <ele>55.178187</ele>
        <time>2026-06-27T20:03:19.956Z</time>
      </trkpt>
      <trkpt lat="53.625373" lon="10.525183">
        <ele>54.695293</ele>
        <time>2026-06-27T20:03:24.515Z</time>
      </trkpt>
      <trkpt lat="53.624719" lon="10.523860">
        <ele>52.580000</ele>
        <time>2026-06-27T20:03:35.943Z</time>
      </trkpt>
      <trkpt lat="53.622210" lon="10.519025">
        <ele>43.562087</ele>
        <time>2026-06-27T20:04:16.148Z</time>
      </trkpt>
      <trkpt lat="53.621784" lon="10.518387">
        <ele>42.362442</ele>
        <time>2026-06-27T20:04:22.392Z</time>
      </trkpt>
      <trkpt lat="53.621311" lon="10.517867">
        <ele>41.853130</ele>
        <time>2026-06-27T20:04:28.925Z</time>
      </trkpt>
      <trkpt lat="53.620814" lon="10.517440">
        <ele>41.350006</ele>
        <time>2026-06-27T20:04:35.928Z</time>
      </trkpt>
      <trkpt lat="53.620295" lon="10.517108">
        <ele>40.849324</ele>
        <time>2026-06-27T20:04:43.577Z</time>
      </trkpt>
      <trkpt lat="53.616817" lon="10.515491">
        <ele>41.118166</ele>
        <time>2026-06-27T20:05:38.958Z</time>
      </trkpt>
      <trkpt lat="53.615462" lon="10.514775">
        <ele>40.960599</ele>
        <time>2026-06-27T20:05:58.927Z</time>
      </trkpt>
      <trkpt lat="53.613576" lon="10.513516">
        <ele>40.991790</ele>
        <time>2026-06-27T20:06:29.288Z</time>
      </trkpt>
      <trkpt lat="53.613239" lon="10.513280">
        <ele>41.058691</ele>
        <time>2026-06-27T20:06:34.961Z</time>
      </trkpt>
      <trkpt lat="53.611456" lon="10.512050">
        <ele>41.547021</ele>
        <time>2026-06-27T20:07:06.348Z</time>
      </trkpt>
      <trkpt lat="53.611110" lon="10.511910">
        <ele>41.543846</ele>
        <time>2026-06-27T20:07:11.546Z</time>
      </trkpt>
      <trkpt lat="53.610845" lon="10.511847">
        <ele>41.541458</ele>
        <time>2026-06-27T20:07:15.393Z</time>
      </trkpt>
      <trkpt lat="53.610378" lon="10.511793">
        <ele>41.537281</ele>
        <time>2026-06-27T20:07:22.063Z</time>
      </trkpt>
      <trkpt lat="53.610272" lon="10.511782">
        <ele>41.536333</ele>
        <time>2026-06-27T20:07:24.135Z</time>
      </trkpt>
      <trkpt lat="53.610146" lon="10.511768">
        <ele>41.535206</ele>
        <time>2026-06-27T20:07:26.627Z</time>
      </trkpt>
      <trkpt lat="53.609658" lon="10.511686">
        <ele>41.452495</ele>
        <time>2026-06-27T20:07:36.182Z</time>
      </trkpt>
      <trkpt lat="53.609245" lon="10.511514">
        <ele>41.349403</ele>
        <time>2026-06-27T20:07:44.562Z</time>
      </trkpt>
      <trkpt lat="53.608918" lon="10.511337">
        <ele>41.266175</ele>
        <time>2026-06-27T20:07:51.455Z</time>
      </trkpt>
      <trkpt lat="53.608519" lon="10.511107">
        <ele>41.163988</ele>
        <time>2026-06-27T20:07:59.551Z</time>
      </trkpt>
      <trkpt lat="53.608149" lon="10.510886">
        <ele>40.970939</ele>
        <time>2026-06-27T20:08:06.870Z</time>
      </trkpt>
      <trkpt lat="53.607977" lon="10.510793">
        <ele>40.779862</ele>
        <time>2026-06-27T20:08:10.160Z</time>
      </trkpt>
      <trkpt lat="53.607596" lon="10.510583">
        <ele>40.355830</ele>
        <time>2026-06-27T20:08:17.345Z</time>
      </trkpt>
      <trkpt lat="53.607254" lon="10.510378">
        <ele>39.971859</ele>
        <time>2026-06-27T20:08:23.664Z</time>
      </trkpt>
      <trkpt lat="53.607019" lon="10.510243">
        <ele>39.709229</ele>
        <time>2026-06-27T20:08:27.812Z</time>
      </trkpt>
      <trkpt lat="53.606798" lon="10.510108">
        <ele>39.460571</ele>
        <time>2026-06-27T20:08:31.719Z</time>
      </trkpt>
      <trkpt lat="53.606765" lon="10.510085">
        <ele>39.422796</ele>
        <time>2026-06-27T20:08:32.309Z</time>
      </trkpt>
      <trkpt lat="53.606600" lon="10.509976">
        <ele>39.235328</ele>
        <time>2026-06-27T20:08:35.207Z</time>
      </trkpt>
      <trkpt lat="53.606151" lon="10.509686">
        <ele>38.530645</ele>
        <time>2026-06-27T20:08:40.625Z</time>
      </trkpt>
      <trkpt lat="53.605359" lon="10.509063">
        <ele>37.219336</ele>
        <time>2026-06-27T20:08:50.361Z</time>
      </trkpt>
      <trkpt lat="53.604752" lon="10.508483">
        <ele>36.473515</ele>
        <time>2026-06-27T20:08:58.762Z</time>
      </trkpt>
      <trkpt lat="53.604669" lon="10.508393">
        <ele>36.462895</ele>
        <time>2026-06-27T20:09:00.557Z</time>
      </trkpt>
      <trkpt lat="53.604193" lon="10.507848">
        <ele>36.400972</ele>
        <time>2026-06-27T20:09:08.564Z</time>
      </trkpt>
      <trkpt lat="53.603792" lon="10.507330">
        <ele>36.346605</ele>
        <time>2026-06-27T20:09:16.545Z</time>
      </trkpt>
      <trkpt lat="53.603353" lon="10.506674">
        <ele>36.467415</ele>
        <time>2026-06-27T20:09:26.497Z</time>
      </trkpt>
      <trkpt lat="53.602811" lon="10.505759">
        <ele>37.153313</ele>
        <time>2026-06-27T20:09:40.705Z</time>
      </trkpt>
      <trkpt lat="53.602302" lon="10.504706">
        <ele>37.873852</ele>
        <time>2026-06-27T20:09:56.220Z</time>
      </trkpt>
      <trkpt lat="53.601937" lon="10.503805">
        <ele>38.059841</ele>
        <time>2026-06-27T20:10:08.071Z</time>
      </trkpt>
      <trkpt lat="53.601633" lon="10.502964">
        <ele>38.203175</ele>
        <time>2026-06-27T20:10:17.346Z</time>
      </trkpt>
      <trkpt lat="53.601349" lon="10.502022">
        <ele>38.342047</ele>
        <time>2026-06-27T20:10:25.822Z</time>
      </trkpt>
      <trkpt lat="53.601152" lon="10.501283">
        <ele>38.064153</ele>
        <time>2026-06-27T20:10:31.961Z</time>
      </trkpt>
      <trkpt lat="53.600964" lon="10.500438">
        <ele>37.754598</ele>
        <time>2026-06-27T20:10:38.726Z</time>
      </trkpt>
      <trkpt lat="53.600543" lon="10.498365">
        <ele>37.255053</ele>
        <time>2026-06-27T20:10:55.901Z</time>
      </trkpt>
      <trkpt lat="53.599533" lon="10.493276">
        <ele>37.459512</ele>
        <time>2026-06-27T20:11:44.222Z</time>
      </trkpt>
      <trkpt lat="53.599152" lon="10.491445">
        <ele>38.255671</ele>
        <time>2026-06-27T20:12:04.123Z</time>
      </trkpt>
      <trkpt lat="53.598993" lon="10.490775">
        <ele>38.551760</ele>
        <time>2026-06-27T20:12:12.185Z</time>
      </trkpt>
      <trkpt lat="53.598844" lon="10.490284">
        <ele>38.851121</ele>
        <time>2026-06-27T20:12:18.680Z</time>
      </trkpt>
      <trkpt lat="53.598672" lon="10.489840">
        <ele>39.168136</ele>
        <time>2026-06-27T20:12:25.127Z</time>
      </trkpt>
      <trkpt lat="53.598475" lon="10.489454">
        <ele>39.472528</ele>
        <time>2026-06-27T20:12:31.298Z</time>
      </trkpt>
      <trkpt lat="53.598266" lon="10.489110">
        <ele>39.766874</ele>
        <time>2026-06-27T20:12:37.159Z</time>
      </trkpt>
      <trkpt lat="53.598217" lon="10.489044">
        <ele>39.830075</ele>
        <time>2026-06-27T20:12:38.354Z</time>
      </trkpt>
      <trkpt lat="53.597876" lon="10.488657">
        <ele>40.244285</ele>
        <time>2026-06-27T20:12:48.232Z</time>
      </trkpt>
      <trkpt lat="53.597341" lon="10.488282">
        <ele>40.434004</ele>
        <time>2026-06-27T20:13:00.731Z</time>
      </trkpt>
      <trkpt lat="53.596134" lon="10.487762">
        <ele>40.445707</ele>
        <time>2026-06-27T20:13:24.332Z</time>
      </trkpt>
      <trkpt lat="53.596048" lon="10.487714">
        <ele>40.446558</ele>
        <time>2026-06-27T20:13:26.163Z</time>
      </trkpt>
      <trkpt lat="53.595786" lon="10.487511">
        <ele>40.615827</ele>
        <time>2026-06-27T20:13:32.306Z</time>
      </trkpt>
      <trkpt lat="53.595511" lon="10.487289">
        <ele>40.848545</ele>
        <time>2026-06-27T20:13:39.251Z</time>
      </trkpt>
      <trkpt lat="53.595158" lon="10.487006">
        <ele>41.146888</ele>
        <time>2026-06-27T20:13:48.824Z</time>
      </trkpt>
      <trkpt lat="53.594832" lon="10.486678">
        <ele>41.436667</ele>
        <time>2026-06-27T20:13:58.429Z</time>
      </trkpt>
      <trkpt lat="53.594320" lon="10.486018">
        <ele>41.874482</ele>
        <time>2026-06-27T20:14:14.215Z</time>
      </trkpt>
      <trkpt lat="53.593947" lon="10.487265">
        <ele>42.191978</ele>
        <time>2026-06-27T20:14:27.685Z</time>
      </trkpt>
      <trkpt lat="53.593725" lon="10.488265">
        <ele>42.434729</ele>
        <time>2026-06-27T20:14:37.029Z</time>
      </trkpt>
      <trkpt lat="53.593642" lon="10.488753">
        <ele>42.569864</ele>
        <time>2026-06-27T20:14:41.616Z</time>
      </trkpt>
      <trkpt lat="53.593219" lon="10.491339">
        <ele>43.471405</ele>
        <time>2026-06-27T20:15:09.178Z</time>
      </trkpt>
      <trkpt lat="53.592838" lon="10.493590">
        <ele>44.543246</ele>
        <time>2026-06-27T20:15:34.684Z</time>
      </trkpt>
      <trkpt lat="53.592358" lon="10.496659">
        <ele>46.113668</ele>
        <time>2026-06-27T20:16:07.631Z</time>
      </trkpt>
      <trkpt lat="53.592006" lon="10.498836">
        <ele>47.461929</ele>
        <time>2026-06-27T20:16:34.142Z</time>
      </trkpt>
      <trkpt lat="53.591533" lon="10.501837">
        <ele>49.508732</ele>
        <time>2026-06-27T20:17:08.228Z</time>
      </trkpt>
      <trkpt lat="53.591148" lon="10.503413">
        <ele>50.754141</ele>
        <time>2026-06-27T20:17:28.695Z</time>
      </trkpt>
      <trkpt lat="53.590701" lon="10.504844">
        <ele>52.360449</ele>
        <time>2026-06-27T20:17:49.988Z</time>
      </trkpt>
      <trkpt lat="53.589792" lon="10.507681">
        <ele>55.059249</ele>
        <time>2026-06-27T20:18:30.653Z</time>
      </trkpt>
      <trkpt lat="53.589589" lon="10.508593">
        <ele>55.749878</ele>
        <time>2026-06-27T20:18:41.282Z</time>
      </trkpt>
      <trkpt lat="53.589431" lon="10.509696">
        <ele>55.533207</ele>
        <time>2026-06-27T20:18:51.197Z</time>
      </trkpt>
      <trkpt lat="53.589381" lon="10.510677">
        <ele>55.345189</ele>
        <time>2026-06-27T20:18:58.569Z</time>
      </trkpt>
      <trkpt lat="53.589384" lon="10.511435">
        <ele>55.200441</ele>
        <time>2026-06-27T20:19:04.109Z</time>
      </trkpt>
      <trkpt lat="53.589509" lon="10.513326">
        <ele>55.214562</ele>
        <time>2026-06-27T20:19:19.683Z</time>
      </trkpt>
      <trkpt lat="53.589700" lon="10.515671">
        <ele>56.113591</ele>
        <time>2026-06-27T20:19:44.506Z</time>
      </trkpt>
      <trkpt lat="53.589734" lon="10.516570">
        <ele>56.809772</ele>
        <time>2026-06-27T20:19:55.272Z</time>
      </trkpt>
      <trkpt lat="53.589730" lon="10.517220">
        <ele>57.312137</ele>
        <time>2026-06-27T20:20:03.760Z</time>
      </trkpt>
      <trkpt lat="53.589697" lon="10.517848">
        <ele>57.845844</ele>
        <time>2026-06-27T20:20:12.311Z</time>
      </trkpt>
      <trkpt lat="53.589560" lon="10.518639">
        <ele>58.617645</ele>
        <time>2026-06-27T20:20:23.627Z</time>
      </trkpt>
      <trkpt lat="53.589330" lon="10.519735">
        <ele>59.706507</ele>
        <time>2026-06-27T20:20:38.929Z</time>
      </trkpt>
      <trkpt lat="53.588815" lon="10.521946">
        <ele>60.363522</ele>
        <time>2026-06-27T20:21:03.444Z</time>
      </trkpt>
      <trkpt lat="53.588575" lon="10.523480">
        <ele>60.129890</ele>
        <time>2026-06-27T20:21:15.479Z</time>
      </trkpt>
      <trkpt lat="53.588448" lon="10.524696">
        <ele>58.792585</ele>
        <time>2026-06-27T20:21:23.793Z</time>
      </trkpt>
      <trkpt lat="53.588386" lon="10.527617">
        <ele>55.354630</ele>
        <time>2026-06-27T20:21:42.460Z</time>
      </trkpt>
      <trkpt lat="53.588306" lon="10.532928">
        <ele>49.196943</ele>
        <time>2026-06-27T20:22:16.739Z</time>
      </trkpt>
      <trkpt lat="53.588237" lon="10.534820">
        <ele>48.333719</ele>
        <time>2026-06-27T20:22:31.716Z</time>
      </trkpt>
      <trkpt lat="53.588217" lon="10.535394">
        <ele>48.071875</ele>
        <time>2026-06-27T20:22:37.000Z</time>
      </trkpt>
      <trkpt lat="53.588139" lon="10.536294">
        <ele>47.628483</ele>
        <time>2026-06-27T20:22:44.632Z</time>
      </trkpt>
      <trkpt lat="53.587918" lon="10.537115">
        <ele>47.188748</ele>
        <time>2026-06-27T20:22:51.156Z</time>
      </trkpt>
      <trkpt lat="53.587793" lon="10.537415">
        <ele>47.009955</ele>
        <time>2026-06-27T20:22:53.672Z</time>
      </trkpt>
      <trkpt lat="53.587637" lon="10.537686">
        <ele>46.825809</ele>
        <time>2026-06-27T20:22:56.261Z</time>
      </trkpt>
      <trkpt lat="53.587294" lon="10.538116">
        <ele>46.692855</ele>
        <time>2026-06-27T20:23:01.335Z</time>
      </trkpt>
      <trkpt lat="53.586978" lon="10.538455">
        <ele>46.967392</ele>
        <time>2026-06-27T20:23:06.138Z</time>
      </trkpt>
      <trkpt lat="53.586765" lon="10.538809">
        <ele>47.186658</ele>
        <time>2026-06-27T20:23:10.591Z</time>
      </trkpt>
      <trkpt lat="53.586561" lon="10.539233">
        <ele>47.424076</ele>
        <time>2026-06-27T20:23:17.002Z</time>
      </trkpt>
      <trkpt lat="53.586223" lon="10.540066">
        <ele>47.863003</ele>
        <time>2026-06-27T20:23:31.025Z</time>
      </trkpt>
      <trkpt lat="53.585987" lon="10.540650">
        <ele>48.484891</ele>
        <time>2026-06-27T20:23:41.315Z</time>
      </trkpt>
      <trkpt lat="53.585815" lon="10.541088">
        <ele>48.987267</ele>
        <time>2026-06-27T20:23:48.863Z</time>
      </trkpt>
      <trkpt lat="53.585628" lon="10.541725">
        <ele>49.667068</ele>
        <time>2026-06-27T20:23:58.579Z</time>
      </trkpt>
      <trkpt lat="53.585578" lon="10.541942">
        <ele>49.889742</ele>
        <time>2026-06-27T20:24:01.465Z</time>
      </trkpt>
      <trkpt lat="53.585502" lon="10.542373">
        <ele>50.319848</ele>
        <time>2026-06-27T20:24:06.479Z</time>
      </trkpt>
      <trkpt lat="53.585442" lon="10.543124">
        <ele>50.834349</ele>
        <time>2026-06-27T20:24:14.022Z</time>
      </trkpt>
      <trkpt lat="53.585468" lon="10.544135">
        <ele>50.947620</ele>
        <time>2026-06-27T20:24:23.293Z</time>
      </trkpt>
      <trkpt lat="53.585473" lon="10.544984">
        <ele>51.042657</ele>
        <time>2026-06-27T20:24:33.091Z</time>
      </trkpt>
      <trkpt lat="53.585443" lon="10.545390">
        <ele>51.088453</ele>
        <time>2026-06-27T20:24:38.012Z</time>
      </trkpt>
      <trkpt lat="53.585307" lon="10.546302">
        <ele>51.302406</ele>
        <time>2026-06-27T20:24:49.854Z</time>
      </trkpt>
      <trkpt lat="53.585159" lon="10.546952">
        <ele>51.556480</ele>
        <time>2026-06-27T20:24:59.238Z</time>
      </trkpt>
      <trkpt lat="53.585086" lon="10.547277">
        <ele>51.683298</ele>
        <time>2026-06-27T20:25:04.117Z</time>
      </trkpt>
      <trkpt lat="53.584901" lon="10.547840">
        <ele>51.918149</ele>
        <time>2026-06-27T20:25:13.386Z</time>
      </trkpt>
      <trkpt lat="53.584882" lon="10.547897">
        <ele>51.942007</ele>
        <time>2026-06-27T20:25:14.332Z</time>
      </trkpt>
      <trkpt lat="53.584828" lon="10.548061">
        <ele>52.010451</ele>
        <time>2026-06-27T20:25:17.035Z</time>
      </trkpt>
      <trkpt lat="53.584613" lon="10.548473">
        <ele>52.210654</ele>
        <time>2026-06-27T20:25:24.654Z</time>
      </trkpt>
      <trkpt lat="53.584226" lon="10.548866">
        <ele>52.064085</ele>
        <time>2026-06-27T20:25:34.254Z</time>
      </trkpt>
      <trkpt lat="53.583784" lon="10.549167">
        <ele>51.832462</ele>
        <time>2026-06-27T20:25:43.438Z</time>
      </trkpt>
      <trkpt lat="53.583263" lon="10.549402">
        <ele>51.570424</ele>
        <time>2026-06-27T20:25:52.833Z</time>
      </trkpt>
      <trkpt lat="53.583081" lon="10.549561">
        <ele>51.470817</ele>
        <time>2026-06-27T20:25:56.281Z</time>
      </trkpt>
      <trkpt lat="53.582957" lon="10.549669">
        <ele>51.402997</ele>
        <time>2026-06-27T20:25:58.635Z</time>
      </trkpt>
      <trkpt lat="53.582715" lon="10.550032">
        <ele>51.244513</ele>
        <time>2026-06-27T20:26:04.107Z</time>
      </trkpt>
      <trkpt lat="53.582451" lon="10.550588">
        <ele>51.037529</ele>
        <time>2026-06-27T20:26:11.468Z</time>
      </trkpt>
      <trkpt lat="53.582274" lon="10.551105">
        <ele>50.864022</ele>
        <time>2026-06-27T20:26:17.960Z</time>
      </trkpt>
      <trkpt lat="53.581556" lon="10.553555">
        <ele>50.702570</ele>
        <time>2026-06-27T20:26:51.381Z</time>
      </trkpt>
      <trkpt lat="53.581322" lon="10.554205">
        <ele>50.809075</ele>
        <time>2026-06-27T20:27:00.965Z</time>
      </trkpt>
      <trkpt lat="53.581077" lon="10.554701">
        <ele>50.899477</ele>
        <time>2026-06-27T20:27:09.280Z</time>
      </trkpt>
      <trkpt lat="53.580872" lon="10.555032">
        <ele>51.057486</ele>
        <time>2026-06-27T20:27:15.553Z</time>
      </trkpt>
      <trkpt lat="53.580490" lon="10.555507">
        <ele>51.394817</ele>
        <time>2026-06-27T20:27:26.580Z</time>
      </trkpt>
      <trkpt lat="53.579754" lon="10.556102">
        <ele>51.974813</ele>
        <time>2026-06-27T20:27:46.419Z</time>
      </trkpt>
      <trkpt lat="53.579478" lon="10.556389">
        <ele>52.203547</ele>
        <time>2026-06-27T20:27:53.699Z</time>
      </trkpt>
      <trkpt lat="53.579255" lon="10.556653">
        <ele>52.343714</ele>
        <time>2026-06-27T20:27:59.535Z</time>
      </trkpt>
      <trkpt lat="53.579033" lon="10.556978">
        <ele>52.494970</ele>
        <time>2026-06-27T20:28:05.790Z</time>
      </trkpt>
      <trkpt lat="53.578746" lon="10.557532">
        <ele>52.719449</ele>
        <time>2026-06-27T20:28:15.128Z</time>
      </trkpt>
      <trkpt lat="53.578571" lon="10.558011">
        <ele>52.891164</ele>
        <time>2026-06-27T20:28:22.293Z</time>
      </trkpt>
      <trkpt lat="53.577862" lon="10.560671">
        <ele>54.106282</ele>
        <time>2026-06-27T20:29:03.283Z</time>
      </trkpt>
      <trkpt lat="53.577839" lon="10.560770">
        <ele>54.154782</ele>
        <time>2026-06-27T20:29:04.722Z</time>
      </trkpt>
      <trkpt lat="53.577770" lon="10.561068">
        <ele>54.300706</ele>
        <time>2026-06-27T20:29:09.017Z</time>
      </trkpt>
      <trkpt lat="53.577403" lon="10.562542">
        <ele>55.275582</ele>
        <time>2026-06-27T20:29:25.077Z</time>
      </trkpt>
      <trkpt lat="53.577263" lon="10.563339">
        <ele>55.832601</ele>
        <time>2026-06-27T20:29:33.708Z</time>
      </trkpt>
      <trkpt lat="53.577055" lon="10.565890">
        <ele>58.666560</ele>
        <time>2026-06-27T20:30:09.299Z</time>
      </trkpt>
      <trkpt lat="53.576930" lon="10.567462">
        <ele>60.787726</ele>
        <time>2026-06-27T20:30:34.106Z</time>
      </trkpt>
      <trkpt lat="53.576886" lon="10.568060">
        <ele>60.932857</ele>
        <time>2026-06-27T20:30:42.640Z</time>
      </trkpt>
      <trkpt lat="53.576816" lon="10.568659">
        <ele>61.079896</ele>
        <time>2026-06-27T20:30:49.879Z</time>
      </trkpt>
      <trkpt lat="53.576182" lon="10.568497">
        <ele>61.340022</ele>
        <time>2026-06-27T20:31:02.280Z</time>
      </trkpt>
      <trkpt lat="53.576143" lon="10.568487">
        <ele>61.356025</ele>
        <time>2026-06-27T20:31:02.951Z</time>
      </trkpt>
      <trkpt lat="53.576100" lon="10.568475">
        <ele>61.373705</ele>
        <time>2026-06-27T20:31:03.692Z</time>
      </trkpt>
      <trkpt lat="53.575246" lon="10.568200">
        <ele>60.585143</ele>
        <time>2026-06-27T20:31:17.818Z</time>
      </trkpt>
      <trkpt lat="53.574505" lon="10.567879">
        <ele>59.346900</ele>
        <time>2026-06-27T20:31:30.043Z</time>
      </trkpt>
      <trkpt lat="53.574076" lon="10.567634">
        <ele>58.613791</ele>
        <time>2026-06-27T20:31:35.205Z</time>
      </trkpt>
      <trkpt lat="53.573345" lon="10.567209">
        <ele>57.366767</ele>
        <time>2026-06-27T20:31:44.062Z</time>
      </trkpt>
      <trkpt lat="53.571333" lon="10.566039">
        <ele>54.441684</ele>
        <time>2026-06-27T20:32:08.243Z</time>
      </trkpt>
      <trkpt lat="53.571067" lon="10.565884">
        <ele>54.119176</ele>
        <time>2026-06-27T20:32:11.737Z</time>
      </trkpt>
      <trkpt lat="53.569600" lon="10.565028">
        <ele>53.396346</ele>
        <time>2026-06-27T20:32:33.356Z</time>
      </trkpt>
      <trkpt lat="53.569208" lon="10.564799">
        <ele>53.311479</ele>
        <time>2026-06-27T20:32:39.304Z</time>
      </trkpt>
      <trkpt lat="53.568046" lon="10.564123">
        <ele>53.252849</ele>
        <time>2026-06-27T20:32:57.859Z</time>
      </trkpt>
      <trkpt lat="53.567304" lon="10.563685">
        <ele>53.248706</ele>
        <time>2026-06-27T20:33:09.706Z</time>
      </trkpt>
      <trkpt lat="53.565812" lon="10.562831">
        <ele>52.601702</ele>
        <time>2026-06-27T20:33:30.686Z</time>
      </trkpt>
      <trkpt lat="53.565283" lon="10.562523">
        <ele>52.510955</ele>
        <time>2026-06-27T20:33:38.077Z</time>
      </trkpt>
      <trkpt lat="53.564929" lon="10.562300">
        <ele>52.539724</ele>
        <time>2026-06-27T20:33:43.365Z</time>
      </trkpt>
      <trkpt lat="53.564187" lon="10.561708">
        <ele>52.602223</ele>
        <time>2026-06-27T20:33:56.191Z</time>
      </trkpt>
      <trkpt lat="53.563969" lon="10.561495">
        <ele>52.621408</ele>
        <time>2026-06-27T20:34:00.518Z</time>
      </trkpt>
      <trkpt lat="53.563203" lon="10.560587">
        <ele>52.979544</ele>
        <time>2026-06-27T20:34:16.966Z</time>
      </trkpt>
      <trkpt lat="53.562992" lon="10.560307">
        <ele>53.087413</ele>
        <time>2026-06-27T20:34:21.532Z</time>
      </trkpt>
      <trkpt lat="53.562925" lon="10.560218">
        <ele>53.121679</ele>
        <time>2026-06-27T20:34:22.942Z</time>
      </trkpt>
      <trkpt lat="53.562113" lon="10.559184">
        <ele>53.105329</ele>
        <time>2026-06-27T20:34:38.341Z</time>
      </trkpt>
      <trkpt lat="53.561807" lon="10.558808">
        <ele>52.903433</ele>
        <time>2026-06-27T20:34:43.318Z</time>
      </trkpt>
      <trkpt lat="53.561241" lon="10.558131">
        <ele>52.533408</ele>
        <time>2026-06-27T20:34:51.873Z</time>
      </trkpt>
      <trkpt lat="53.560863" lon="10.557691">
        <ele>52.260057</ele>
        <time>2026-06-27T20:34:57.603Z</time>
      </trkpt>
      <trkpt lat="53.559423" lon="10.556044">
        <ele>51.120769</ele>
        <time>2026-06-27T20:35:19.900Z</time>
      </trkpt>
      <trkpt lat="53.558819" lon="10.555285">
        <ele>50.895521</ele>
        <time>2026-06-27T20:35:30.435Z</time>
      </trkpt>
      <trkpt lat="53.557865" lon="10.554044">
        <ele>50.516327</ele>
        <time>2026-06-27T20:35:47.693Z</time>
      </trkpt>
      <trkpt lat="53.555615" lon="10.551063">
        <ele>49.569021</ele>
        <time>2026-06-27T20:36:26.050Z</time>
      </trkpt>
      <trkpt lat="53.552896" lon="10.547460">
        <ele>49.450024</ele>
        <time>2026-06-27T20:37:18.126Z</time>
      </trkpt>
      <trkpt lat="53.550342" lon="10.544087">
        <ele>49.066570</ele>
        <time>2026-06-27T20:38:05.019Z</time>
      </trkpt>
      <trkpt lat="53.550015" lon="10.543656">
        <ele>48.964407</ele>
        <time>2026-06-27T20:38:10.665Z</time>
      </trkpt>
      <trkpt lat="53.549886" lon="10.543486">
        <ele>48.924107</ele>
        <time>2026-06-27T20:38:12.885Z</time>
      </trkpt>
      <trkpt lat="53.548337" lon="10.541425">
        <ele>48.075093</ele>
        <time>2026-06-27T20:38:49.740Z</time>
      </trkpt>
      <trkpt lat="53.547767" lon="10.540688">
        <ele>47.820639</ele>
        <time>2026-06-27T20:39:02.916Z</time>
      </trkpt>
      <trkpt lat="53.547388" lon="10.540188">
        <ele>47.668095</ele>
        <time>2026-06-27T20:39:11.874Z</time>
      </trkpt>
      <trkpt lat="53.546912" lon="10.539642">
        <ele>47.485622</ele>
        <time>2026-06-27T20:39:23.293Z</time>
      </trkpt>
      <trkpt lat="53.546664" lon="10.539371">
        <ele>47.414838</ele>
        <time>2026-06-27T20:39:29.436Z</time>
      </trkpt>
      <trkpt lat="53.546195" lon="10.538858">
        <ele>47.367653</ele>
        <time>2026-06-27T20:39:40.732Z</time>
      </trkpt>
      <trkpt lat="53.545401" lon="10.537989">
        <ele>47.287756</ele>
        <time>2026-06-27T20:39:59.548Z</time>
      </trkpt>
      <trkpt lat="53.544656" lon="10.537174">
        <ele>46.982203</ele>
        <time>2026-06-27T20:40:16.810Z</time>
      </trkpt>
      <trkpt lat="53.543015" lon="10.535381">
        <ele>45.892906</ele>
        <time>2026-06-27T20:40:52.700Z</time>
      </trkpt>
      <trkpt lat="53.542342" lon="10.534644">
        <ele>45.299808</ele>
        <time>2026-06-27T20:41:06.615Z</time>
      </trkpt>
      <trkpt lat="53.542273" lon="10.534568">
        <ele>45.238895</ele>
        <time>2026-06-27T20:41:08.043Z</time>
      </trkpt>
      <trkpt lat="53.542178" lon="10.534465">
        <ele>45.177253</ele>
        <time>2026-06-27T20:41:10.015Z</time>
      </trkpt>
      <trkpt lat="53.540746" lon="10.532899">
        <ele>44.625955</ele>
        <time>2026-06-27T20:41:42.569Z</time>
      </trkpt>
      <trkpt lat="53.540324" lon="10.532414">
        <ele>44.706634</ele>
        <time>2026-06-27T20:41:50.574Z</time>
      </trkpt>
      <trkpt lat="53.540068" lon="10.532043">
        <ele>44.773142</ele>
        <time>2026-06-27T20:41:56.206Z</time>
      </trkpt>
      <trkpt lat="53.539567" lon="10.531320">
        <ele>44.903068</ele>
        <time>2026-06-27T20:42:07.175Z</time>
      </trkpt>
      <trkpt lat="53.539445" lon="10.531141">
        <ele>44.934931</ele>
        <time>2026-06-27T20:42:09.669Z</time>
      </trkpt>
      <trkpt lat="53.539397" lon="10.531070">
        <ele>44.947512</ele>
        <time>2026-06-27T20:42:10.649Z</time>
      </trkpt>
      <trkpt lat="53.539101" lon="10.530627">
        <ele>44.870171</ele>
        <time>2026-06-27T20:42:16.504Z</time>
      </trkpt>
      <trkpt lat="53.537684" lon="10.528527">
        <ele>44.134530</ele>
        <time>2026-06-27T20:42:41.823Z</time>
      </trkpt>
      <trkpt lat="53.534502" lon="10.523813">
        <ele>41.301328</ele>
        <time>2026-06-27T20:43:36.591Z</time>
      </trkpt>
      <trkpt lat="53.533257" lon="10.521968">
        <ele>39.311218</ele>
        <time>2026-06-27T20:43:56.719Z</time>
      </trkpt>
      <trkpt lat="53.532661" lon="10.521084">
        <ele>38.102419</ele>
        <time>2026-06-27T20:44:05.400Z</time>
      </trkpt>
      <trkpt lat="53.531579" lon="10.519481">
        <ele>36.392103</ele>
        <time>2026-06-27T20:44:21.480Z</time>
      </trkpt>
      <trkpt lat="53.531424" lon="10.519252">
        <ele>36.153551</ele>
        <time>2026-06-27T20:44:24.490Z</time>
      </trkpt>
      <trkpt lat="53.531102" lon="10.518762">
        <ele>35.919086</ele>
        <time>2026-06-27T20:44:31.890Z</time>
      </trkpt>
      <trkpt lat="53.530497" lon="10.517842">
        <ele>36.294633</ele>
        <time>2026-06-27T20:44:47.316Z</time>
      </trkpt>
      <trkpt lat="53.530073" lon="10.517220">
        <ele>36.553691</ele>
        <time>2026-06-27T20:44:56.865Z</time>
      </trkpt>
      <trkpt lat="53.529234" lon="10.515990">
        <ele>36.605707</ele>
        <time>2026-06-27T20:45:12.647Z</time>
      </trkpt>
      <trkpt lat="53.530073" lon="10.517220">
        <ele>36.440683</ele>
        <time>2026-06-27T20:45:29.046Z</time>
      </trkpt>
      <trkpt lat="53.529234" lon="10.515990">
        <ele>35.837406</ele>
        <time>2026-06-27T20:45:43.947Z</time>
      </trkpt>
      <trkpt lat="53.528648" lon="10.515132">
        <ele>35.372115</ele>
        <time>2026-06-27T20:45:53.330Z</time>
      </trkpt>
      <trkpt lat="53.527517" lon="10.513434">
        <ele>34.295913</ele>
        <time>2026-06-27T20:46:12.039Z</time>
      </trkpt>
      <trkpt lat="53.527463" lon="10.513353">
        <ele>34.335441</ele>
        <time>2026-06-27T20:46:13.054Z</time>
      </trkpt>
      <trkpt lat="53.523400" lon="10.507364">
        <ele>40.158565</ele>
        <time>2026-06-27T20:47:58.101Z</time>
      </trkpt>
      <trkpt lat="53.522080" lon="10.505375">
        <ele>42.532475</ele>
        <time>2026-06-27T20:48:34.290Z</time>
      </trkpt>
      <trkpt lat="53.521493" lon="10.504505">
        <ele>43.331833</ele>
        <time>2026-06-27T20:48:49.468Z</time>
      </trkpt>
      <trkpt lat="53.520819" lon="10.503505">
        <ele>44.250095</ele>
        <time>2026-06-27T20:49:06.212Z</time>
      </trkpt>
      <trkpt lat="53.520673" lon="10.503289">
        <ele>44.366378</ele>
        <time>2026-06-27T20:49:09.831Z</time>
      </trkpt>
      <trkpt lat="53.520409" lon="10.502898">
        <ele>44.460819</ele>
        <time>2026-06-27T20:49:16.235Z</time>
      </trkpt>
      <trkpt lat="53.519065" lon="10.500905">
        <ele>44.942749</ele>
        <time>2026-06-27T20:49:42.728Z</time>
      </trkpt>
      <trkpt lat="53.517613" lon="10.498752">
        <ele>45.598656</ele>
        <time>2026-06-27T20:50:14.163Z</time>
      </trkpt>
      <trkpt lat="53.517649" lon="10.498615">
        <ele>45.642688</ele>
        <time>2026-06-27T20:50:16.008Z</time>
      </trkpt>
      <trkpt lat="53.517633" lon="10.498469">
        <ele>45.686332</ele>
        <time>2026-06-27T20:50:17.706Z</time>
      </trkpt>
      <trkpt lat="53.517571" lon="10.498362">
        <ele>45.730254</ele>
        <time>2026-06-27T20:50:19.462Z</time>
      </trkpt>
      <trkpt lat="53.517475" lon="10.498336">
        <ele>45.778330</ele>
        <time>2026-06-27T20:50:21.282Z</time>
      </trkpt>
      <trkpt lat="53.517389" lon="10.498414">
        <ele>45.826640</ele>
        <time>2026-06-27T20:50:23.016Z</time>
      </trkpt>
      <trkpt lat="53.517309" lon="10.498289">
        <ele>45.880629</ele>
        <time>2026-06-27T20:50:25.042Z</time>
      </trkpt>
      <trkpt lat="53.516818" lon="10.497568">
        <ele>46.193408</ele>
        <time>2026-06-27T20:50:35.905Z</time>
      </trkpt>
      <trkpt lat="53.516270" lon="10.496765">
        <ele>46.085711</ele>
        <time>2026-06-27T20:50:45.778Z</time>
      </trkpt>
      <trkpt lat="53.514914" lon="10.494789">
        <ele>46.106836</ele>
        <time>2026-06-27T20:51:11.422Z</time>
      </trkpt>
      <trkpt lat="53.514436" lon="10.494086">
        <ele>46.259951</ele>
        <time>2026-06-27T20:51:25.526Z</time>
      </trkpt>
      <trkpt lat="53.512983" lon="10.491935">
        <ele>46.948383</ele>
        <time>2026-06-27T20:52:07.935Z</time>
      </trkpt>
      <trkpt lat="53.512712" lon="10.491534">
        <ele>47.072786</ele>
        <time>2026-06-27T20:52:15.563Z</time>
      </trkpt>
      <trkpt lat="53.512109" lon="10.490640">
        <ele>47.208994</ele>
        <time>2026-06-27T20:52:32.604Z</time>
      </trkpt>
      <trkpt lat="53.512053" lon="10.490557">
        <ele>47.221642</ele>
        <time>2026-06-27T20:52:34.209Z</time>
      </trkpt>
      <trkpt lat="53.512096" lon="10.490384">
        <ele>47.240534</ele>
        <time>2026-06-27T20:52:36.521Z</time>
      </trkpt>
      <trkpt lat="53.512051" lon="10.490212">
        <ele>47.259467</ele>
        <time>2026-06-27T20:52:38.832Z</time>
      </trkpt>
      <trkpt lat="53.511946" lon="10.490149">
        <ele>47.278357</ele>
        <time>2026-06-27T20:52:41.178Z</time>
      </trkpt>
      <trkpt lat="53.511847" lon="10.490235">
        <ele>47.297237</ele>
        <time>2026-06-27T20:52:43.534Z</time>
      </trkpt>
      <trkpt lat="53.511785" lon="10.490142">
        <ele>47.311314</ele>
        <time>2026-06-27T20:52:44.801Z</time>
      </trkpt>
      <trkpt lat="53.511730" lon="10.490060">
        <ele>47.323768</ele>
        <time>2026-06-27T20:52:45.959Z</time>
      </trkpt>
      <trkpt lat="53.511637" lon="10.489922">
        <ele>47.344783</ele>
        <time>2026-06-27T20:52:47.828Z</time>
      </trkpt>
      <trkpt lat="53.511558" lon="10.489798">
        <ele>47.363094</ele>
        <time>2026-06-27T20:52:49.452Z</time>
      </trkpt>
      <trkpt lat="53.511329" lon="10.489452">
        <ele>47.361643</ele>
        <time>2026-06-27T20:52:54.011Z</time>
      </trkpt>
      <trkpt lat="53.511234" lon="10.489308">
        <ele>47.360006</ele>
        <time>2026-06-27T20:52:55.870Z</time>
      </trkpt>
      <trkpt lat="53.511062" lon="10.489029">
        <ele>47.356947</ele>
        <time>2026-06-27T20:52:59.369Z</time>
      </trkpt>
      <trkpt lat="53.510826" lon="10.488619">
        <ele>47.352603</ele>
        <time>2026-06-27T20:53:04.229Z</time>
      </trkpt>
      <trkpt lat="53.510750" lon="10.488481">
        <ele>47.351171</ele>
        <time>2026-06-27T20:53:05.826Z</time>
      </trkpt>
      <trkpt lat="53.510511" lon="10.488037">
        <ele>47.346612</ele>
        <time>2026-06-27T20:53:10.995Z</time>
      </trkpt>
      <trkpt lat="53.510385" lon="10.487803">
        <ele>47.344209</ele>
        <time>2026-06-27T20:53:13.787Z</time>
      </trkpt>
      <trkpt lat="53.510281" lon="10.487609">
        <ele>47.346756</ele>
        <time>2026-06-27T20:53:16.065Z</time>
      </trkpt>
      <trkpt lat="53.510134" lon="10.487334">
        <ele>47.421945</ele>
        <time>2026-06-27T20:53:19.351Z</time>
      </trkpt>
      <trkpt lat="53.510044" lon="10.487167">
        <ele>47.467773</ele>
        <time>2026-06-27T20:53:21.433Z</time>
      </trkpt>
      <trkpt lat="53.509409" lon="10.485981">
        <ele>47.792279</ele>
        <time>2026-06-27T20:53:37.513Z</time>
      </trkpt>
      <trkpt lat="53.509356" lon="10.485882">
        <ele>47.819366</ele>
        <time>2026-06-27T20:53:38.853Z</time>
      </trkpt>
      <trkpt lat="53.509180" lon="10.485556">
        <ele>47.908898</ele>
        <time>2026-06-27T20:53:43.260Z</time>
      </trkpt>
      <trkpt lat="53.509066" lon="10.485341">
        <ele>47.947045</ele>
        <time>2026-06-27T20:53:46.090Z</time>
      </trkpt>
      <trkpt lat="53.508600" lon="10.484471">
        <ele>47.702311</ele>
        <time>2026-06-27T20:53:57.164Z</time>
      </trkpt>
      <trkpt lat="53.507893" lon="10.483150">
        <ele>47.330840</ele>
        <time>2026-06-27T20:54:10.709Z</time>
      </trkpt>
      <trkpt lat="53.507790" lon="10.482968">
        <ele>47.109674</ele>
        <time>2026-06-27T20:54:12.478Z</time>
      </trkpt>
      <trkpt lat="53.507635" lon="10.482683">
        <ele>46.738646</ele>
        <time>2026-06-27T20:54:15.156Z</time>
      </trkpt>
      <trkpt lat="53.507383" lon="10.482223">
        <ele>46.137801</ele>
        <time>2026-06-27T20:54:19.460Z</time>
      </trkpt>
      <trkpt lat="53.507372" lon="10.482203">
        <ele>46.111629</ele>
        <time>2026-06-27T20:54:19.648Z</time>
      </trkpt>
      <trkpt lat="53.507172" lon="10.481839">
        <ele>45.635528</ele>
        <time>2026-06-27T20:54:22.983Z</time>
      </trkpt>
      <trkpt lat="53.506915" lon="10.481371">
        <ele>45.023553</ele>
        <time>2026-06-27T20:54:27.180Z</time>
      </trkpt>
      <trkpt lat="53.506872" lon="10.481293">
        <ele>44.921374</ele>
        <time>2026-06-27T20:54:27.863Z</time>
      </trkpt>
      <trkpt lat="53.506748" lon="10.481068">
        <ele>44.626669</ele>
        <time>2026-06-27T20:54:29.830Z</time>
      </trkpt>
      <trkpt lat="53.506608" lon="10.480814">
        <ele>44.287648</ele>
        <time>2026-06-27T20:54:32.062Z</time>
      </trkpt>
      <trkpt lat="53.506560" lon="10.480726">
        <ele>44.167170</ele>
        <time>2026-06-27T20:54:32.831Z</time>
      </trkpt>
      <trkpt lat="53.506429" lon="10.480487">
        <ele>43.839232</ele>
        <time>2026-06-27T20:54:34.967Z</time>
      </trkpt>
      <trkpt lat="53.506177" lon="10.480028">
        <ele>43.208950</ele>
        <time>2026-06-27T20:54:39.125Z</time>
      </trkpt>
      <trkpt lat="53.506148" lon="10.479976">
        <ele>43.137024</ele>
        <time>2026-06-27T20:54:39.585Z</time>
      </trkpt>
      <trkpt lat="53.506027" lon="10.479756">
        <ele>42.834678</ele>
        <time>2026-06-27T20:54:41.554Z</time>
      </trkpt>
      <trkpt lat="53.505917" lon="10.479556">
        <ele>42.559818</ele>
        <time>2026-06-27T20:54:52.794Z</time>
      </trkpt>
      <trkpt lat="53.505876" lon="10.479639">
        <ele>42.450953</ele>
        <time>2026-06-27T20:54:53.508Z</time>
      </trkpt>
      <trkpt lat="53.505840" lon="10.479710">
        <ele>42.356814</ele>
        <time>2026-06-27T20:54:54.117Z</time>
      </trkpt>
      <trkpt lat="53.505766" lon="10.479615">
        <ele>42.198862</ele>
        <time>2026-06-27T20:54:55.146Z</time>
      </trkpt>
      <trkpt lat="53.505410" lon="10.479216">
        <ele>41.473020</ele>
        <time>2026-06-27T20:55:02.109Z</time>
      </trkpt>
      <trkpt lat="53.505336" lon="10.479163">
        <ele>41.378682</ele>
        <time>2026-06-27T20:55:03.450Z</time>
      </trkpt>
      <trkpt lat="53.505098" lon="10.479014">
        <ele>41.520502</ele>
        <time>2026-06-27T20:55:07.960Z</time>
      </trkpt>
      <trkpt lat="53.504984" lon="10.478959">
        <ele>41.586731</ele>
        <time>2026-06-27T20:55:10.217Z</time>
      </trkpt>
      <trkpt lat="53.504876" lon="10.478927">
        <ele>41.647970</ele>
        <time>2026-06-27T20:55:12.370Z</time>
      </trkpt>
      <trkpt lat="53.504814" lon="10.478903">
        <ele>41.683498</ele>
        <time>2026-06-27T20:55:13.611Z</time>
      </trkpt>
      <trkpt lat="53.504576" lon="10.478848">
        <ele>41.817653</ele>
        <time>2026-06-27T20:55:18.510Z</time>
      </trkpt>
      <trkpt lat="53.504222" lon="10.478877">
        <ele>42.015570</ele>
        <time>2026-06-27T20:55:27.087Z</time>
      </trkpt>
      <trkpt lat="53.504168" lon="10.478884">
        <ele>42.045815</ele>
        <time>2026-06-27T20:55:28.575Z</time>
      </trkpt>
      <trkpt lat="53.504107" lon="10.478896">
        <ele>42.080111</ele>
        <time>2026-06-27T20:55:30.101Z</time>
      </trkpt>
      <trkpt lat="53.503957" lon="10.478923">
        <ele>42.164353</ele>
        <time>2026-06-27T20:55:34.294Z</time>
      </trkpt>
      <trkpt lat="53.503920" lon="10.478934">
        <ele>42.185336</ele>
        <time>2026-06-27T20:55:35.411Z</time>
      </trkpt>
      <trkpt lat="53.503763" lon="10.478983">
        <ele>42.274506</ele>
        <time>2026-06-27T20:55:39.998Z</time>
      </trkpt>
      <trkpt lat="53.503693" lon="10.479005">
        <ele>42.314273</ele>
        <time>2026-06-27T20:55:42.065Z</time>
      </trkpt>
      <trkpt lat="53.503566" lon="10.479045">
        <ele>42.392097</ele>
        <time>2026-06-27T20:55:45.920Z</time>
      </trkpt>
      <trkpt lat="53.503523" lon="10.479058">
        <ele>42.426543</ele>
        <time>2026-06-27T20:55:47.086Z</time>
      </trkpt>
      <trkpt lat="53.503389" lon="10.479081">
        <ele>42.532742</ele>
        <time>2026-06-27T20:55:50.998Z</time>
      </trkpt>
      <trkpt lat="53.503312" lon="10.479083">
        <ele>42.593459</ele>
        <time>2026-06-27T20:55:53.135Z</time>
      </trkpt>
      <trkpt lat="53.503267" lon="10.479091">
        <ele>42.629136</ele>
        <time>2026-06-27T20:55:54.222Z</time>
      </trkpt>
      <trkpt lat="53.503264" lon="10.478986">
        <ele>42.678431</ele>
        <time>2026-06-27T20:55:55.386Z</time>
      </trkpt>
      <trkpt lat="53.502969" lon="10.478861">
        <ele>42.918291</ele>
        <time>2026-06-27T20:56:01.254Z</time>
      </trkpt>
      <trkpt lat="53.502751" lon="10.478638">
        <ele>43.119483</ele>
        <time>2026-06-27T20:56:05.849Z</time>
      </trkpt>
      <trkpt lat="53.502547" lon="10.478338">
        <ele>43.333168</ele>
        <time>2026-06-27T20:56:10.607Z</time>
      </trkpt>
      <trkpt lat="53.502646" lon="10.477952">
        <ele>43.530294</ele>
        <time>2026-06-27T20:56:14.742Z</time>
      </trkpt>
      <trkpt lat="53.502669" lon="10.477793">
        <ele>43.607030</ele>
        <time>2026-06-27T20:56:16.233Z</time>
      </trkpt>
      <trkpt lat="53.502700" lon="10.477575">
        <ele>43.712142</ele>
        <time>2026-06-27T20:56:18.155Z</time>
      </trkpt>
      <trkpt lat="53.502755" lon="10.477099">
        <ele>43.702370</ele>
        <time>2026-06-27T20:56:21.960Z</time>
      </trkpt>
      <trkpt lat="53.502767" lon="10.476979">
        <ele>43.668464</ele>
        <time>2026-06-27T20:56:22.894Z</time>
      </trkpt>
      <trkpt lat="53.502781" lon="10.476853">
        <ele>43.632748</ele>
        <time>2026-06-27T20:56:23.864Z</time>
      </trkpt>
      <trkpt lat="53.502717" lon="10.476836">
        <ele>43.602393</ele>
        <time>2026-06-27T20:56:24.689Z</time>
      </trkpt>
      <trkpt lat="53.502609" lon="10.476790">
        <ele>43.550200</ele>
        <time>2026-06-27T20:56:26.080Z</time>
      </trkpt>
      <trkpt lat="53.502523" lon="10.476636">
        <ele>43.491339</ele>
        <time>2026-06-27T20:56:27.663Z</time>
      </trkpt>
      <trkpt lat="53.502518" lon="10.476617">
        <ele>43.485550</ele>
        <time>2026-06-27T20:56:27.891Z</time>
      </trkpt>
      <trkpt lat="53.502419" lon="10.476221">
        <ele>43.365856</ele>
        <time>2026-06-27T20:56:32.662Z</time>
      </trkpt>
      <trkpt lat="53.502409" lon="10.476182">
        <ele>43.354022</ele>
        <time>2026-06-27T20:56:33.146Z</time>
      </trkpt>
      <trkpt lat="53.502390" lon="10.476107">
        <ele>43.331307</ele>
        <time>2026-06-27T20:56:34.102Z</time>
      </trkpt>
      <trkpt lat="53.502382" lon="10.476074">
        <ele>43.321378</ele>
        <time>2026-06-27T20:56:34.518Z</time>
      </trkpt>
      <trkpt lat="53.502321" lon="10.475829">
        <ele>43.247370</ele>
        <time>2026-06-27T20:56:37.736Z</time>
      </trkpt>
      <trkpt lat="53.502266" lon="10.475594">
        <ele>43.177001</ele>
        <time>2026-06-27T20:56:40.767Z</time>
      </trkpt>
      <trkpt lat="53.502137" lon="10.475044">
        <ele>43.012261</ele>
        <time>2026-06-27T20:56:47.476Z</time>
      </trkpt>
      <trkpt lat="53.502076" lon="10.475013">
        <ele>42.982407</ele>
        <time>2026-06-27T20:56:48.596Z</time>
      </trkpt>
      <trkpt lat="53.502047" lon="10.474901">
        <ele>42.948370</ele>
        <time>2026-06-27T20:56:49.856Z</time>
      </trkpt>
      <trkpt lat="53.501981" lon="10.474645">
        <ele>42.753744</ele>
        <time>2026-06-27T20:56:52.675Z</time>
      </trkpt>
      <trkpt lat="53.501964" lon="10.474592">
        <ele>42.711668</ele>
        <time>2026-06-27T20:56:53.267Z</time>
      </trkpt>
      <trkpt lat="53.501881" lon="10.474288">
        <ele>42.477933</ele>
        <time>2026-06-27T20:56:56.591Z</time>
      </trkpt>
      <trkpt lat="53.501860" lon="10.474216">
        <ele>42.421899</ele>
        <time>2026-06-27T20:56:57.398Z</time>
      </trkpt>
      <trkpt lat="53.501914" lon="10.474165">
        <ele>42.349136</ele>
        <time>2026-06-27T20:56:58.110Z</time>
      </trkpt>
      <trkpt lat="53.501872" lon="10.474046">
        <ele>42.252446</ele>
        <time>2026-06-27T20:56:59.079Z</time>
      </trkpt>
      <trkpt lat="53.501780" lon="10.473664">
        <ele>41.964466</ele>
        <time>2026-06-27T20:57:01.856Z</time>
      </trkpt>
      <trkpt lat="53.501704" lon="10.473266">
        <ele>41.672376</ele>
        <time>2026-06-27T20:57:04.639Z</time>
      </trkpt>
      <trkpt lat="53.501663" lon="10.472946">
        <ele>41.443642</ele>
        <time>2026-06-27T20:57:06.806Z</time>
      </trkpt>
      <trkpt lat="53.501656" lon="10.472867">
        <ele>41.387830</ele>
        <time>2026-06-27T20:57:07.347Z</time>
      </trkpt>
      <trkpt lat="53.501625" lon="10.472482">
        <ele>41.116350</ele>
        <time>2026-06-27T20:57:10.078Z</time>
      </trkpt>
      <trkpt lat="53.501516" lon="10.471596">
        <ele>40.900209</ele>
        <time>2026-06-27T20:57:17.191Z</time>
      </trkpt>
      <trkpt lat="53.501471" lon="10.471292">
        <ele>40.940814</ele>
        <time>2026-06-27T20:57:19.871Z</time>
      </trkpt>
      <trkpt lat="53.501418" lon="10.470942">
        <ele>40.987628</ele>
        <time>2026-06-27T20:57:22.976Z</time>
      </trkpt>
      <trkpt lat="53.501416" lon="10.470923">
        <ele>40.990129</ele>
        <time>2026-06-27T20:57:23.153Z</time>
      </trkpt>
      <trkpt lat="53.501395" lon="10.470794">
        <ele>41.007464</ele>
        <time>2026-06-27T20:57:24.402Z</time>
      </trkpt>
      <trkpt lat="53.501357" lon="10.470552">
        <ele>41.039906</ele>
        <time>2026-06-27T20:57:26.780Z</time>
      </trkpt>
      <trkpt lat="53.501349" lon="10.470499">
        <ele>41.046994</ele>
        <time>2026-06-27T20:57:27.291Z</time>
      </trkpt>
      <trkpt lat="53.501326" lon="10.470355">
        <ele>41.066320</ele>
        <time>2026-06-27T20:57:28.794Z</time>
      </trkpt>
      <trkpt lat="53.501310" lon="10.470253">
        <ele>41.079993</ele>
        <time>2026-06-27T20:57:29.827Z</time>
      </trkpt>
      <trkpt lat="53.501286" lon="10.470102">
        <ele>41.100252</ele>
        <time>2026-06-27T20:57:31.479Z</time>
      </trkpt>
      <trkpt lat="53.501210" lon="10.469618">
        <ele>41.165136</ele>
        <time>2026-06-27T20:57:37.010Z</time>
      </trkpt>
      <trkpt lat="53.501176" lon="10.469407">
        <ele>41.193471</ele>
        <time>2026-06-27T20:57:39.531Z</time>
      </trkpt>
      <trkpt lat="53.501098" lon="10.468910">
        <ele>41.333197</ele>
        <time>2026-06-27T20:57:45.398Z</time>
      </trkpt>
      <trkpt lat="53.501086" lon="10.468840">
        <ele>41.363533</ele>
        <time>2026-06-27T20:57:46.224Z</time>
      </trkpt>
      <trkpt lat="53.501029" lon="10.468474">
        <ele>41.521086</ele>
        <time>2026-06-27T20:57:50.140Z</time>
      </trkpt>
      <trkpt lat="53.500997" lon="10.468274">
        <ele>41.607333</ele>
        <time>2026-06-27T20:57:52.368Z</time>
      </trkpt>
      <trkpt lat="53.500990" lon="10.468227">
        <ele>41.627509</ele>
        <time>2026-06-27T20:57:52.844Z</time>
      </trkpt>
      <trkpt lat="53.500946" lon="10.467949">
        <ele>41.747306</ele>
        <time>2026-06-27T20:57:55.736Z</time>
      </trkpt>
      <trkpt lat="53.500903" lon="10.467679">
        <ele>41.863704</ele>
        <time>2026-06-27T20:57:58.490Z</time>
      </trkpt>
      <trkpt lat="53.500885" lon="10.467565">
        <ele>41.912822</ele>
        <time>2026-06-27T20:57:59.717Z</time>
      </trkpt>
      <trkpt lat="53.500865" lon="10.467439">
        <ele>41.967129</ele>
        <time>2026-06-27T20:58:01.017Z</time>
      </trkpt>
      <trkpt lat="53.500822" lon="10.467172">
        <ele>42.082320</ele>
        <time>2026-06-27T20:58:03.862Z</time>
      </trkpt>
      <trkpt lat="53.500787" lon="10.466946">
        <ele>42.179572</ele>
        <time>2026-06-27T20:58:06.230Z</time>
      </trkpt>
      <trkpt lat="53.500777" lon="10.466882">
        <ele>42.207129</ele>
        <time>2026-06-27T20:58:06.923Z</time>
      </trkpt>
      <trkpt lat="53.500729" lon="10.466582">
        <ele>42.336500</ele>
        <time>2026-06-27T20:58:10.126Z</time>
      </trkpt>
      <trkpt lat="53.500718" lon="10.466512">
        <ele>42.366651</ele>
        <time>2026-06-27T20:58:10.866Z</time>
      </trkpt>
      <trkpt lat="53.500689" lon="10.466330">
        <ele>42.445115</ele>
        <time>2026-06-27T20:58:12.876Z</time>
      </trkpt>
      <trkpt lat="53.500648" lon="10.466072">
        <ele>42.556954</ele>
        <time>2026-06-27T20:58:15.697Z</time>
      </trkpt>
      <trkpt lat="53.500609" lon="10.465820">
        <ele>42.666366</ele>
        <time>2026-06-27T20:58:18.414Z</time>
      </trkpt>
      <trkpt lat="53.500555" lon="10.465483">
        <ele>42.813016</ele>
        <time>2026-06-27T20:58:22.084Z</time>
      </trkpt>
      <trkpt lat="53.500509" lon="10.465188">
        <ele>42.941159</ele>
        <time>2026-06-27T20:58:25.427Z</time>
      </trkpt>
      <trkpt lat="53.500475" lon="10.464975">
        <ele>43.033826</ele>
        <time>2026-06-27T20:58:27.875Z</time>
      </trkpt>
      <trkpt lat="53.500429" lon="10.464683">
        <ele>43.160750</ele>
        <time>2026-06-27T20:58:31.082Z</time>
      </trkpt>
      <trkpt lat="53.500417" lon="10.464605">
        <ele>43.194603</ele>
        <time>2026-06-27T20:58:31.923Z</time>
      </trkpt>
      <trkpt lat="53.500342" lon="10.464133">
        <ele>43.399886</ele>
        <time>2026-06-27T20:58:37.069Z</time>
      </trkpt>
      <trkpt lat="53.500291" lon="10.463810">
        <ele>43.540307</ele>
        <time>2026-06-27T20:58:40.695Z</time>
      </trkpt>
      <trkpt lat="53.500276" lon="10.463715">
        <ele>43.581607</ele>
        <time>2026-06-27T20:58:41.722Z</time>
      </trkpt>
      <trkpt lat="53.500206" lon="10.463271">
        <ele>43.750111</ele>
        <time>2026-06-27T20:58:46.527Z</time>
      </trkpt>
      <trkpt lat="53.500197" lon="10.463216">
        <ele>43.740927</ele>
        <time>2026-06-27T20:58:47.095Z</time>
      </trkpt>
      <trkpt lat="53.500159" lon="10.462974">
        <ele>43.700627</ele>
        <time>2026-06-27T20:58:49.602Z</time>
      </trkpt>
      <trkpt lat="53.500083" lon="10.462493">
        <ele>43.620495</ele>
        <time>2026-06-27T20:58:54.210Z</time>
      </trkpt>
      <trkpt lat="53.500074" lon="10.462437">
        <ele>43.611155</ele>
        <time>2026-06-27T20:58:54.705Z</time>
      </trkpt>
      <trkpt lat="53.500025" lon="10.462126">
        <ele>43.559354</ele>
        <time>2026-06-27T20:58:57.465Z</time>
      </trkpt>
      <trkpt lat="53.500014" lon="10.462060">
        <ele>43.548318</ele>
        <time>2026-06-27T20:58:58.062Z</time>
      </trkpt>
      <trkpt lat="53.499982" lon="10.461848">
        <ele>43.513101</ele>
        <time>2026-06-27T20:58:59.835Z</time>
      </trkpt>
      <trkpt lat="53.499978" lon="10.461827">
        <ele>43.509551</ele>
        <time>2026-06-27T20:59:00.021Z</time>
      </trkpt>
      <trkpt lat="53.499919" lon="10.461462">
        <ele>43.448650</ele>
        <time>2026-06-27T20:59:02.985Z</time>
      </trkpt>
      <trkpt lat="53.499817" lon="10.460811">
        <ele>43.340256</ele>
        <time>2026-06-27T20:59:08.079Z</time>
      </trkpt>
      <trkpt lat="53.499787" lon="10.460630">
        <ele>43.310002</ele>
        <time>2026-06-27T20:59:09.469Z</time>
      </trkpt>
      <trkpt lat="53.499723" lon="10.460211">
        <ele>43.211886</ele>
        <time>2026-06-27T20:59:12.646Z</time>
      </trkpt>
      <trkpt lat="53.499395" lon="10.458100">
        <ele>42.523660</ele>
        <time>2026-06-27T20:59:28.995Z</time>
      </trkpt>
      <trkpt lat="53.499355" lon="10.457843">
        <ele>42.439864</ele>
        <time>2026-06-27T20:59:31.239Z</time>
      </trkpt>
      <trkpt lat="53.499277" lon="10.457338">
        <ele>42.388996</ele>
        <time>2026-06-27T20:59:35.928Z</time>
      </trkpt>
      <trkpt lat="53.499018" lon="10.455771">
        <ele>43.301264</ele>
        <time>2026-06-27T20:59:53.273Z</time>
      </trkpt>
      <trkpt lat="53.498807" lon="10.454441">
        <ele>44.102634</ele>
        <time>2026-06-27T21:00:10.295Z</time>
      </trkpt>
      <trkpt lat="53.498476" lon="10.452361">
        <ele>45.889186</ele>
        <time>2026-06-27T21:00:36.984Z</time>
      </trkpt>
      <trkpt lat="53.497954" lon="10.449076">
        <ele>48.184065</ele>
        <time>2026-06-27T21:01:16.622Z</time>
      </trkpt>
      <trkpt lat="53.495553" lon="10.433963">
        <ele>52.634578</ele>
        <time>2026-06-27T21:03:52.815Z</time>
      </trkpt>
      <trkpt lat="53.495439" lon="10.433246">
        <ele>52.196934</ele>
        <time>2026-06-27T21:03:58.401Z</time>
      </trkpt>
      <trkpt lat="53.495183" lon="10.431637">
        <ele>51.214781</ele>
        <time>2026-06-27T21:04:14.985Z</time>
      </trkpt>
      <trkpt lat="53.494760" lon="10.429029">
        <ele>48.917789</ele>
        <time>2026-06-27T21:04:41.392Z</time>
      </trkpt>
      <trkpt lat="53.494563" lon="10.427812">
        <ele>47.963287</ele>
        <time>2026-06-27T21:04:53.593Z</time>
      </trkpt>
      <trkpt lat="53.494293" lon="10.426150">
        <ele>47.098259</ele>
        <time>2026-06-27T21:05:11.218Z</time>
      </trkpt>
      <trkpt lat="53.494245" lon="10.426161">
        <ele>47.057373</ele>
        <time>2026-06-27T21:05:11.891Z</time>
      </trkpt>
      <trkpt lat="53.493872" lon="10.426246">
        <ele>46.739685</ele>
        <time>2026-06-27T21:05:17.310Z</time>
      </trkpt>
      <trkpt lat="53.493764" lon="10.426222">
        <ele>46.699502</ele>
        <time>2026-06-27T21:05:18.977Z</time>
      </trkpt>
      <trkpt lat="53.493526" lon="10.426051">
        <ele>46.848063</ele>
        <time>2026-06-27T21:05:23.086Z</time>
      </trkpt>
      <trkpt lat="53.493284" lon="10.425835">
        <ele>47.005332</ele>
        <time>2026-06-27T21:05:27.680Z</time>
      </trkpt>
      <trkpt lat="53.492828" lon="10.425352">
        <ele>47.314694</ele>
        <time>2026-06-27T21:05:37.531Z</time>
      </trkpt>
      <trkpt lat="53.492523" lon="10.425198">
        <ele>47.497484</ele>
        <time>2026-06-27T21:05:43.131Z</time>
      </trkpt>
      <trkpt lat="53.492397" lon="10.425166">
        <ele>47.570625</ele>
        <time>2026-06-27T21:05:45.358Z</time>
      </trkpt>
      <trkpt lat="53.492202" lon="10.425190">
        <ele>47.682849</ele>
        <time>2026-06-27T21:05:48.873Z</time>
      </trkpt>
      <trkpt lat="53.492106" lon="10.425246">
        <ele>47.749587</ele>
        <time>2026-06-27T21:05:50.760Z</time>
      </trkpt>
      <trkpt lat="53.491893" lon="10.425474">
        <ele>47.934831</ele>
        <time>2026-06-27T21:05:55.296Z</time>
      </trkpt>
      <trkpt lat="53.491699" lon="10.425669">
        <ele>48.100649</ele>
        <time>2026-06-27T21:05:59.206Z</time>
      </trkpt>
      <trkpt lat="53.491564" lon="10.425798">
        <ele>48.214566</ele>
        <time>2026-06-27T21:06:01.905Z</time>
      </trkpt>
      <trkpt lat="53.491388" lon="10.425895">
        <ele>48.350438</ele>
        <time>2026-06-27T21:06:05.173Z</time>
      </trkpt>
      <trkpt lat="53.491219" lon="10.425872">
        <ele>48.474817</ele>
        <time>2026-06-27T21:06:08.191Z</time>
      </trkpt>
      <trkpt lat="53.491064" lon="10.425798">
        <ele>48.593019</ele>
        <time>2026-06-27T21:06:10.959Z</time>
      </trkpt>
      <trkpt lat="53.490804" lon="10.425716">
        <ele>48.787076</ele>
        <time>2026-06-27T21:06:15.504Z</time>
      </trkpt>
      <trkpt lat="53.490602" lon="10.425768">
        <ele>48.936985</ele>
        <time>2026-06-27T21:06:19.138Z</time>
      </trkpt>
      <trkpt lat="53.490120" lon="10.426088">
        <ele>49.422478</ele>
        <time>2026-06-27T21:06:28.983Z</time>
      </trkpt>
      <trkpt lat="53.489591" lon="10.426443">
        <ele>49.993783</ele>
        <time>2026-06-27T21:06:39.813Z</time>
      </trkpt>
      <trkpt lat="53.489487" lon="10.426514">
        <ele>50.106370</ele>
        <time>2026-06-27T21:06:42.048Z</time>
      </trkpt>
      <trkpt lat="53.489067" lon="10.426744">
        <ele>50.549418</ele>
        <time>2026-06-27T21:06:50.631Z</time>
      </trkpt>
      <trkpt lat="53.488606" lon="10.426929">
        <ele>50.932961</ele>
        <time>2026-06-27T21:06:59.642Z</time>
      </trkpt>
      <trkpt lat="53.487518" lon="10.427268">
        <ele>51.507614</ele>
        <time>2026-06-27T21:07:18.651Z</time>
      </trkpt>
      <trkpt lat="53.487012" lon="10.427279">
        <ele>51.768538</ele>
        <time>2026-06-27T21:07:26.428Z</time>
      </trkpt>
      <trkpt lat="53.486568" lon="10.427175">
        <ele>51.779937</ele>
        <time>2026-06-27T21:07:32.988Z</time>
      </trkpt>
      <trkpt lat="53.485185" lon="10.426436">
        <ele>51.857853</ele>
        <time>2026-06-27T21:07:54.133Z</time>
      </trkpt>
      <trkpt lat="53.483435" lon="10.425426">
        <ele>52.566663</ele>
        <time>2026-06-27T21:08:25.451Z</time>
      </trkpt>
      <trkpt lat="53.483375" lon="10.425362">
        <ele>52.567572</ele>
        <time>2026-06-27T21:08:26.590Z</time>
      </trkpt>
      <trkpt lat="53.483224" lon="10.425203">
        <ele>52.569851</ele>
        <time>2026-06-27T21:08:29.407Z</time>
      </trkpt>
      <trkpt lat="53.482866" lon="10.424826">
        <ele>52.575254</ele>
        <time>2026-06-27T21:08:35.757Z</time>
      </trkpt>
      <trkpt lat="53.481318" lon="10.423194">
        <ele>52.498263</ele>
        <time>2026-06-27T21:09:01.449Z</time>
      </trkpt>
      <trkpt lat="53.478795" lon="10.420721">
        <ele>52.241887</ele>
        <time>2026-06-27T21:09:44.571Z</time>
      </trkpt>
      <trkpt lat="53.478294" lon="10.420228">
        <ele>51.894801</ele>
        <time>2026-06-27T21:09:52.557Z</time>
      </trkpt>
      <trkpt lat="53.478117" lon="10.420053">
        <ele>51.772028</ele>
        <time>2026-06-27T21:09:55.268Z</time>
      </trkpt>
      <trkpt lat="53.474687" lon="10.416813">
        <ele>48.345871</ele>
        <time>2026-06-27T21:10:43.446Z</time>
      </trkpt>
      <trkpt lat="53.472501" lon="10.414491">
        <ele>46.734238</ele>
        <time>2026-06-27T21:11:17.132Z</time>
      </trkpt>
      <trkpt lat="53.470145" lon="10.411891">
        <ele>45.967006</ele>
        <time>2026-06-27T21:11:56.651Z</time>
      </trkpt>
      <trkpt lat="53.469652" lon="10.411384">
        <ele>45.848679</ele>
        <time>2026-06-27T21:12:04.590Z</time>
      </trkpt>
      <trkpt lat="53.469521" lon="10.411299">
        <ele>45.844461</ele>
        <time>2026-06-27T21:12:06.550Z</time>
      </trkpt>
      <trkpt lat="53.469395" lon="10.411234">
        <ele>45.840503</ele>
        <time>2026-06-27T21:12:08.416Z</time>
      </trkpt>
      <trkpt lat="53.469097" lon="10.411159">
        <ele>45.831453</ele>
        <time>2026-06-27T21:12:12.729Z</time>
      </trkpt>
      <trkpt lat="53.468657" lon="10.411144">
        <ele>45.818236</ele>
        <time>2026-06-27T21:12:18.902Z</time>
      </trkpt>
      <trkpt lat="53.468340" lon="10.411078">
        <ele>45.808643</ele>
        <time>2026-06-27T21:12:23.606Z</time>
      </trkpt>
      <trkpt lat="53.468188" lon="10.410918">
        <ele>45.803256</ele>
        <time>2026-06-27T21:12:26.419Z</time>
      </trkpt>
      <trkpt lat="53.468103" lon="10.410737">
        <ele>45.799134</ele>
        <time>2026-06-27T21:12:28.698Z</time>
      </trkpt>
      <trkpt lat="53.468064" lon="10.410627">
        <ele>45.799977</ele>
        <time>2026-06-27T21:12:29.959Z</time>
      </trkpt>
      <trkpt lat="53.467990" lon="10.410355">
        <ele>45.822842</ele>
        <time>2026-06-27T21:12:33.169Z</time>
      </trkpt>
      <trkpt lat="53.467729" lon="10.409044">
        <ele>45.928532</ele>
        <time>2026-06-27T21:12:46.735Z</time>
      </trkpt>
      <trkpt lat="53.467714" lon="10.408972">
        <ele>45.934365</ele>
        <time>2026-06-27T21:12:47.389Z</time>
      </trkpt>
      <trkpt lat="53.467622" lon="10.408606">
        <ele>45.964740</ele>
        <time>2026-06-27T21:12:51.103Z</time>
      </trkpt>
      <trkpt lat="53.467385" lon="10.408007">
        <ele>46.019731</ele>
        <time>2026-06-27T21:12:57.062Z</time>
      </trkpt>
      <trkpt lat="53.467018" lon="10.407168">
        <ele>45.980470</ele>
        <time>2026-06-27T21:13:05.275Z</time>
      </trkpt>
      <trkpt lat="53.466912" lon="10.406845">
        <ele>45.961379</ele>
        <time>2026-06-27T21:13:08.222Z</time>
      </trkpt>
      <trkpt lat="53.466767" lon="10.406355">
        <ele>45.933057</ele>
        <time>2026-06-27T21:13:12.928Z</time>
      </trkpt>
      <trkpt lat="53.466711" lon="10.405978">
        <ele>45.912946</ele>
        <time>2026-06-27T21:13:16.397Z</time>
      </trkpt>
      <trkpt lat="53.466590" lon="10.404837">
        <ele>45.935354</ele>
        <time>2026-06-27T21:13:27.430Z</time>
      </trkpt>
      <trkpt lat="53.466564" lon="10.404601">
        <ele>45.976500</ele>
        <time>2026-06-27T21:13:29.809Z</time>
      </trkpt>
      <trkpt lat="53.466306" lon="10.402433">
        <ele>46.355526</ele>
        <time>2026-06-27T21:13:50.907Z</time>
      </trkpt>
      <trkpt lat="53.466135" lon="10.401555">
        <ele>46.350805</ele>
        <time>2026-06-27T21:13:59.431Z</time>
      </trkpt>
      <trkpt lat="53.465865" lon="10.400827">
        <ele>46.304211</ele>
        <time>2026-06-27T21:14:07.235Z</time>
      </trkpt>
      <trkpt lat="53.465611" lon="10.400319">
        <ele>46.268172</ele>
        <time>2026-06-27T21:14:13.008Z</time>
      </trkpt>
      <trkpt lat="53.465285" lon="10.399811">
        <ele>46.227594</ele>
        <time>2026-06-27T21:14:19.015Z</time>
      </trkpt>
      <trkpt lat="53.464923" lon="10.399454">
        <ele>45.832871</ele>
        <time>2026-06-27T21:14:24.443Z</time>
      </trkpt>
      <trkpt lat="53.464551" lon="10.399186">
        <ele>45.436519</ele>
        <time>2026-06-27T21:14:29.468Z</time>
      </trkpt>
      <trkpt lat="53.464225" lon="10.399060">
        <ele>45.108956</ele>
        <time>2026-06-27T21:14:33.487Z</time>
      </trkpt>
      <trkpt lat="53.463885" lon="10.398974">
        <ele>44.772273</ele>
        <time>2026-06-27T21:14:37.547Z</time>
      </trkpt>
      <trkpt lat="53.463165" lon="10.398955">
        <ele>44.002175</ele>
        <time>2026-06-27T21:14:45.961Z</time>
      </trkpt>
      <trkpt lat="53.460560" lon="10.399523">
        <ele>41.847181</ele>
        <time>2026-06-27T21:15:17.720Z</time>
      </trkpt>
      <trkpt lat="53.455231" lon="10.400751">
        <ele>45.454361</ele>
        <time>2026-06-27T21:16:53.885Z</time>
      </trkpt>
      <trkpt lat="53.453856" lon="10.400787">
        <ele>46.865785</ele>
        <time>2026-06-27T21:17:21.847Z</time>
      </trkpt>
      <trkpt lat="53.452060" lon="10.400775">
        <ele>48.425924</ele>
        <time>2026-06-27T21:17:54.804Z</time>
      </trkpt>
      <trkpt lat="53.451536" lon="10.400781">
        <ele>48.749238</ele>
        <time>2026-06-27T21:18:03.105Z</time>
      </trkpt>
      <trkpt lat="53.451318" lon="10.400750">
        <ele>48.884225</ele>
        <time>2026-06-27T21:18:06.623Z</time>
      </trkpt>
      <trkpt lat="53.451065" lon="10.400687">
        <ele>49.042033</ele>
        <time>2026-06-27T21:18:10.792Z</time>
      </trkpt>
      <trkpt lat="53.450875" lon="10.400545">
        <ele>49.270466</ele>
        <time>2026-06-27T21:18:14.219Z</time>
      </trkpt>
      <trkpt lat="53.446993" lon="10.396721">
        <ele>53.783448</ele>
        <time>2026-06-27T21:19:42.475Z</time>
      </trkpt>
      <trkpt lat="53.446094" lon="10.395815">
        <ele>53.944977</ele>
        <time>2026-06-27T21:19:57.511Z</time>
      </trkpt>
      <trkpt lat="53.445653" lon="10.395374">
        <ele>53.530433</ele>
        <time>2026-06-27T21:20:03.670Z</time>
      </trkpt>
      <trkpt lat="53.445659" lon="10.395227">
        <ele>53.459559</ele>
        <time>2026-06-27T21:20:04.715Z</time>
      </trkpt>
      <trkpt lat="53.445605" lon="10.395110">
        <ele>53.388361</ele>
        <time>2026-06-27T21:20:05.749Z</time>
      </trkpt>
      <trkpt lat="53.445510" lon="10.395087">
        <ele>53.310844</ele>
        <time>2026-06-27T21:20:06.890Z</time>
      </trkpt>
      <trkpt lat="53.445434" lon="10.395186">
        <ele>53.233158</ele>
        <time>2026-06-27T21:20:08.059Z</time>
      </trkpt>
      <trkpt lat="53.444895" lon="10.394656">
        <ele>52.798789</ele>
        <time>2026-06-27T21:20:18.751Z</time>
      </trkpt>
      <trkpt lat="53.444847" lon="10.394609">
        <ele>52.819289</ele>
        <time>2026-06-27T21:20:19.693Z</time>
      </trkpt>
      <trkpt lat="53.444039" lon="10.393813">
        <ele>53.164910</ele>
        <time>2026-06-27T21:20:38.322Z</time>
      </trkpt>
      <trkpt lat="53.444020" lon="10.393795">
        <ele>53.172958</ele>
        <time>2026-06-27T21:20:38.830Z</time>
      </trkpt>
      <trkpt lat="53.443648" lon="10.393428">
        <ele>53.332140</ele>
        <time>2026-06-27T21:20:49.356Z</time>
      </trkpt>
      <trkpt lat="53.443171" lon="10.392959">
        <ele>53.879677</ele>
        <time>2026-06-27T21:21:03.869Z</time>
      </trkpt>
      <trkpt lat="53.442519" lon="10.392313">
        <ele>55.161867</ele>
        <time>2026-06-27T21:21:21.498Z</time>
      </trkpt>
      <trkpt lat="53.442158" lon="10.391956">
        <ele>55.871445</ele>
        <time>2026-06-27T21:21:30.817Z</time>
      </trkpt>
      <trkpt lat="53.441027" lon="10.390836">
        <ele>57.342298</ele>
        <time>2026-06-27T21:21:56.731Z</time>
      </trkpt>
      <trkpt lat="53.440578" lon="10.390416">
        <ele>57.805330</ele>
        <time>2026-06-27T21:22:05.084Z</time>
      </trkpt>
      <trkpt lat="53.440407" lon="10.390358">
        <ele>57.962489</ele>
        <time>2026-06-27T21:22:08.076Z</time>
      </trkpt>
      <trkpt lat="53.440229" lon="10.390363">
        <ele>58.117140</ele>
        <time>2026-06-27T21:22:11.105Z</time>
      </trkpt>
      <trkpt lat="53.440095" lon="10.390410">
        <ele>58.196196</ele>
        <time>2026-06-27T21:22:13.466Z</time>
      </trkpt>
      <trkpt lat="53.439920" lon="10.390538">
        <ele>58.306434</ele>
        <time>2026-06-27T21:22:16.685Z</time>
      </trkpt>
      <trkpt lat="53.439777" lon="10.390671">
        <ele>58.400844</ele>
        <time>2026-06-27T21:22:19.543Z</time>
      </trkpt>
      <trkpt lat="53.439571" lon="10.390864">
        <ele>58.537081</ele>
        <time>2026-06-27T21:22:23.928Z</time>
      </trkpt>
      <trkpt lat="53.439461" lon="10.390966">
        <ele>58.609653</ele>
        <time>2026-06-27T21:22:26.289Z</time>
      </trkpt>
      <trkpt lat="53.439360" lon="10.390742">
        <ele>58.706295</ele>
        <time>2026-06-27T21:22:29.591Z</time>
      </trkpt>
      <trkpt lat="53.438671" lon="10.389256">
        <ele>58.354088</ele>
        <time>2026-06-27T21:22:48.684Z</time>
      </trkpt>
      <trkpt lat="53.438604" lon="10.389110">
        <ele>58.113340</ele>
        <time>2026-06-27T21:22:50.069Z</time>
      </trkpt>
      <trkpt lat="53.438251" lon="10.388334">
        <ele>56.837895</ele>
        <time>2026-06-27T21:22:56.613Z</time>
      </trkpt>
      <trkpt lat="53.437651" lon="10.387528">
        <ele>55.114807</ele>
        <time>2026-06-27T21:23:07.358Z</time>
      </trkpt>
      <trkpt lat="53.437016" lon="10.386961">
        <ele>52.307276</ele>
        <time>2026-06-27T21:23:14.186Z</time>
      </trkpt>
      <trkpt lat="53.436518" lon="10.386656">
        <ele>50.238017</ele>
        <time>2026-06-27T21:23:19.322Z</time>
      </trkpt>
      <trkpt lat="53.436413" lon="10.386570">
        <ele>49.781969</ele>
        <time>2026-06-27T21:23:20.479Z</time>
      </trkpt>
      <trkpt lat="53.436320" lon="10.386477">
        <ele>49.359415</ele>
        <time>2026-06-27T21:23:21.569Z</time>
      </trkpt>
      <trkpt lat="53.436171" lon="10.386278">
        <ele>48.616172</ele>
        <time>2026-06-27T21:23:24.337Z</time>
      </trkpt>
      <trkpt lat="53.436103" lon="10.386181">
        <ele>48.267843</ele>
        <time>2026-06-27T21:23:25.686Z</time>
      </trkpt>
      <trkpt lat="53.435861" lon="10.385719">
        <ele>47.367444</ele>
        <time>2026-06-27T21:23:29.584Z</time>
      </trkpt>
      <trkpt lat="53.435791" lon="10.385585">
        <ele>47.116590</ele>
        <time>2026-06-27T21:23:30.759Z</time>
      </trkpt>
      <trkpt lat="53.435715" lon="10.385441">
        <ele>46.845802</ele>
        <time>2026-06-27T21:23:32.042Z</time>
      </trkpt>
      <trkpt lat="53.435635" lon="10.385291">
        <ele>46.562422</ele>
        <time>2026-06-27T21:23:33.384Z</time>
      </trkpt>
      <trkpt lat="53.435489" lon="10.384940">
        <ele>45.959862</ele>
        <time>2026-06-27T21:23:36.341Z</time>
      </trkpt>
      <trkpt lat="53.435434" lon="10.384781">
        <ele>45.701069</ele>
        <time>2026-06-27T21:23:37.665Z</time>
      </trkpt>
      <trkpt lat="53.435390" lon="10.384629">
        <ele>45.463202</ele>
        <time>2026-06-27T21:23:38.843Z</time>
      </trkpt>
      <trkpt lat="53.435354" lon="10.384507">
        <ele>45.271569</ele>
        <time>2026-06-27T21:23:39.755Z</time>
      </trkpt>
      <trkpt lat="53.435316" lon="10.384376">
        <ele>45.066483</ele>
        <time>2026-06-27T21:23:40.785Z</time>
      </trkpt>
      <trkpt lat="53.435223" lon="10.384061">
        <ele>44.571641</ele>
        <time>2026-06-27T21:23:43.099Z</time>
      </trkpt>
      <trkpt lat="53.435139" lon="10.383786">
        <ele>44.136648</ele>
        <time>2026-06-27T21:23:44.967Z</time>
      </trkpt>
      <trkpt lat="53.434967" lon="10.383348">
        <ele>42.780641</ele>
        <time>2026-06-27T21:23:48.032Z</time>
      </trkpt>
      <trkpt lat="53.434914" lon="10.383239">
        <ele>42.352908</ele>
        <time>2026-06-27T21:23:48.857Z</time>
      </trkpt>
      <trkpt lat="53.434769" lon="10.382964">
        <ele>41.236458</ele>
        <time>2026-06-27T21:23:50.978Z</time>
      </trkpt>
      <trkpt lat="53.434701" lon="10.382838">
        <ele>40.719597</ele>
        <time>2026-06-27T21:23:51.954Z</time>
      </trkpt>
      <trkpt lat="53.434592" lon="10.382641">
        <ele>39.902235</ele>
        <time>2026-06-27T21:23:53.479Z</time>
      </trkpt>
      <trkpt lat="53.434367" lon="10.382349">
        <ele>38.450896</ele>
        <time>2026-06-27T21:23:56.118Z</time>
      </trkpt>
      <trkpt lat="53.434195" lon="10.382184">
        <ele>37.439939</ele>
        <time>2026-06-27T21:23:57.927Z</time>
      </trkpt>
      <trkpt lat="53.432999" lon="10.381241">
        <ele>30.427383</ele>
        <time>2026-06-27T21:24:09.925Z</time>
      </trkpt>
      <trkpt lat="53.432914" lon="10.381162">
        <ele>29.898619</ele>
        <time>2026-06-27T21:24:10.837Z</time>
      </trkpt>
      <trkpt lat="53.432815" lon="10.381038">
        <ele>29.226372</ele>
        <time>2026-06-27T21:24:11.989Z</time>
      </trkpt>
      <trkpt lat="53.432701" lon="10.380895">
        <ele>28.451857</ele>
        <time>2026-06-27T21:24:13.330Z</time>
      </trkpt>
      <trkpt lat="53.432526" lon="10.380447">
        <ele>26.714933</ele>
        <time>2026-06-27T21:24:16.350Z</time>
      </trkpt>
      <trkpt lat="53.432418" lon="10.379979">
        <ele>25.087687</ele>
        <time>2026-06-27T21:24:19.225Z</time>
      </trkpt>
      <trkpt lat="53.432357" lon="10.379697">
        <ele>24.501790</ele>
        <time>2026-06-27T21:24:20.966Z</time>
      </trkpt>
      <trkpt lat="53.432315" lon="10.379407">
        <ele>23.975230</ele>
        <time>2026-06-27T21:24:22.713Z</time>
      </trkpt>
      <trkpt lat="53.432272" lon="10.379117">
        <ele>23.447963</ele>
        <time>2026-06-27T21:24:24.487Z</time>
      </trkpt>
      <trkpt lat="53.432234" lon="10.378855">
        <ele>22.972204</ele>
        <time>2026-06-27T21:24:26.095Z</time>
      </trkpt>
      <trkpt lat="53.432195" lon="10.378235">
        <ele>21.872230</ele>
        <time>2026-06-27T21:24:29.946Z</time>
      </trkpt>
      <trkpt lat="53.432143" lon="10.377110">
        <ele>19.881376</ele>
        <time>2026-06-27T21:24:37.118Z</time>
      </trkpt>
      <trkpt lat="53.432129" lon="10.376454">
        <ele>19.326036</ele>
        <time>2026-06-27T21:24:41.497Z</time>
      </trkpt>
      <trkpt lat="53.431582" lon="10.376175">
        <ele>18.749871</ele>
        <time>2026-06-27T21:24:48.409Z</time>
      </trkpt>
      <trkpt lat="53.431417" lon="10.376025">
        <ele>18.560757</ele>
        <time>2026-06-27T21:24:50.837Z</time>
      </trkpt>
      <trkpt lat="53.431382" lon="10.375988">
        <ele>18.519071</ele>
        <time>2026-06-27T21:24:51.382Z</time>
      </trkpt>
      <trkpt lat="53.431298" lon="10.375863">
        <ele>18.405934</ele>
        <time>2026-06-27T21:24:52.872Z</time>
      </trkpt>
      <trkpt lat="53.431190" lon="10.375701">
        <ele>18.259959</ele>
        <time>2026-06-27T21:24:54.773Z</time>
      </trkpt>
      <trkpt lat="53.430984" lon="10.375336">
        <ele>17.958075</ele>
        <time>2026-06-27T21:24:58.708Z</time>
      </trkpt>
      <trkpt lat="53.430898" lon="10.375181">
        <ele>17.830898</ele>
        <time>2026-06-27T21:25:00.382Z</time>
      </trkpt>
      <trkpt lat="53.430814" lon="10.375099">
        <ele>17.677580</ele>
        <time>2026-06-27T21:25:01.672Z</time>
      </trkpt>
      <trkpt lat="53.430701" lon="10.375043">
        <ele>17.486841</ele>
        <time>2026-06-27T21:25:03.242Z</time>
      </trkpt>
      <trkpt lat="53.430594" lon="10.374937">
        <ele>17.285702</ele>
        <time>2026-06-27T21:25:04.921Z</time>
      </trkpt>
      <trkpt lat="53.430394" lon="10.374426">
        <ele>16.696004</ele>
        <time>2026-06-27T21:25:09.780Z</time>
      </trkpt>
      <trkpt lat="53.430343" lon="10.374292">
        <ele>16.542639</ele>
        <time>2026-06-27T21:25:10.981Z</time>
      </trkpt>
      <trkpt lat="53.430217" lon="10.374124">
        <ele>16.282134</ele>
        <time>2026-06-27T21:25:12.928Z</time>
      </trkpt>
      <trkpt lat="53.429904" lon="10.374111">
        <ele>15.775276</ele>
        <time>2026-06-27T21:25:16.485Z</time>
      </trkpt>
      <trkpt lat="53.429711" lon="10.374057">
        <ele>15.458525</ele>
        <time>2026-06-27T21:25:18.590Z</time>
      </trkpt>
      <trkpt lat="53.429513" lon="10.373931">
        <ele>15.115725</ele>
        <time>2026-06-27T21:25:20.764Z</time>
      </trkpt>
      <trkpt lat="53.429222" lon="10.373876">
        <ele>14.315858</ele>
        <time>2026-06-27T21:25:23.652Z</time>
      </trkpt>
      <trkpt lat="53.429176" lon="10.373871">
        <ele>14.151490</ele>
        <time>2026-06-27T21:25:24.106Z</time>
      </trkpt>
      <trkpt lat="53.428991" lon="10.373788">
        <ele>13.468661</ele>
        <time>2026-06-27T21:25:25.969Z</time>
      </trkpt>
      <trkpt lat="53.428672" lon="10.373555">
        <ele>12.228135</ele>
        <time>2026-06-27T21:25:29.327Z</time>
      </trkpt>
      <trkpt lat="53.428420" lon="10.373196">
        <ele>11.049502</ele>
        <time>2026-06-27T21:25:32.503Z</time>
      </trkpt>
      <trkpt lat="53.428345" lon="10.373070">
        <ele>10.671109</ele>
        <time>2026-06-27T21:25:33.527Z</time>
      </trkpt>
      <trkpt lat="53.428399" lon="10.372951">
        <ele>10.353309</ele>
        <time>2026-06-27T21:25:34.403Z</time>
      </trkpt>
      <trkpt lat="53.428744" lon="10.372275">
        <ele>8.487193</ele>
        <time>2026-06-27T21:25:39.731Z</time>
      </trkpt>
      <trkpt lat="53.428945" lon="10.371833">
        <ele>8.106963</ele>
        <time>2026-06-27T21:25:43.348Z</time>
      </trkpt>
      <trkpt lat="53.429364" lon="10.370538">
        <ele>7.099261</ele>
        <time>2026-06-27T21:25:54.001Z</time>
      </trkpt>
      <trkpt lat="53.429829" lon="10.369364">
        <ele>6.503085</ele>
        <time>2026-06-27T21:26:06.287Z</time>
      </trkpt>
      <trkpt lat="53.430062" lon="10.368716">
        <ele>6.621276</ele>
        <time>2026-06-27T21:26:13.013Z</time>
      </trkpt>
      <trkpt lat="53.430274" lon="10.368069">
        <ele>6.736582</ele>
        <time>2026-06-27T21:26:20.043Z</time>
      </trkpt>
      <trkpt lat="53.430397" lon="10.367673">
        <ele>6.806320</ele>
        <time>2026-06-27T21:26:24.760Z</time>
      </trkpt>
      <trkpt lat="53.430528" lon="10.367208">
        <ele>6.886641</ele>
        <time>2026-06-27T21:26:30.080Z</time>
      </trkpt>
      <trkpt lat="53.431019" lon="10.364928">
        <ele>7.666071</ele>
        <time>2026-06-27T21:26:54.286Z</time>
      </trkpt>
      <trkpt lat="53.431024" lon="10.364907">
        <ele>7.673544</ele>
        <time>2026-06-27T21:26:54.506Z</time>
      </trkpt>
      <trkpt lat="53.431122" lon="10.364443">
        <ele>7.836230</ele>
        <time>2026-06-27T21:26:59.600Z</time>
      </trkpt>
      <trkpt lat="53.431153" lon="10.364292">
        <ele>7.889010</ele>
        <time>2026-06-27T21:27:01.277Z</time>
      </trkpt>
      <trkpt lat="53.431294" lon="10.363610">
        <ele>8.069200</ele>
        <time>2026-06-27T21:27:08.849Z</time>
      </trkpt>
      <trkpt lat="53.431448" lon="10.362894">
        <ele>8.255147</ele>
        <time>2026-06-27T21:27:16.608Z</time>
      </trkpt>
      <trkpt lat="53.431463" lon="10.362827">
        <ele>8.272631</ele>
        <time>2026-06-27T21:27:17.326Z</time>
      </trkpt>
      <trkpt lat="53.431623" lon="10.362112">
        <ele>8.459199</ele>
        <time>2026-06-27T21:27:24.513Z</time>
      </trkpt>
      <trkpt lat="53.431639" lon="10.362040">
        <ele>8.477970</ele>
        <time>2026-06-27T21:27:25.220Z</time>
      </trkpt>
      <trkpt lat="53.431878" lon="10.360965">
        <ele>8.662468</ele>
        <time>2026-06-27T21:27:35.916Z</time>
      </trkpt>
      <trkpt lat="53.432049" lon="10.360172">
        <ele>8.699874</ele>
        <time>2026-06-27T21:27:43.505Z</time>
      </trkpt>
      <trkpt lat="53.432173" lon="10.359431">
        <ele>8.734011</ele>
        <time>2026-06-27T21:27:50.488Z</time>
      </trkpt>
      <trkpt lat="53.432345" lon="10.358172">
        <ele>8.768223</ele>
        <time>2026-06-27T21:28:01.826Z</time>
      </trkpt>
      <trkpt lat="53.432353" lon="10.358115">
        <ele>8.767116</ele>
        <time>2026-06-27T21:28:02.329Z</time>
      </trkpt>
      <trkpt lat="53.432363" lon="10.358042">
        <ele>8.765699</ele>
        <time>2026-06-27T21:28:02.980Z</time>
      </trkpt>
      <trkpt lat="53.432491" lon="10.357105">
        <ele>8.747521</ele>
        <time>2026-06-27T21:28:11.197Z</time>
      </trkpt>
      <trkpt lat="53.432513" lon="10.356948">
        <ele>8.744472</ele>
        <time>2026-06-27T21:28:12.614Z</time>
      </trkpt>
      <trkpt lat="53.432616" lon="10.356195">
        <ele>8.729863</ele>
        <time>2026-06-27T21:28:19.602Z</time>
      </trkpt>
      <trkpt lat="53.432642" lon="10.356005">
        <ele>8.726176</ele>
        <time>2026-06-27T21:28:21.382Z</time>
      </trkpt>
      <trkpt lat="53.432717" lon="10.355454">
        <ele>8.669815</ele>
        <time>2026-06-27T21:28:26.459Z</time>
      </trkpt>
      <trkpt lat="53.432785" lon="10.355113">
        <ele>8.540971</ele>
        <time>2026-06-27T21:28:29.588Z</time>
      </trkpt>
      <trkpt lat="53.432944" lon="10.354866">
        <ele>8.410678</ele>
        <time>2026-06-27T21:28:32.740Z</time>
      </trkpt>
      <trkpt lat="53.433060" lon="10.354741">
        <ele>8.327776</ele>
        <time>2026-06-27T21:28:34.660Z</time>
      </trkpt>
      <trkpt lat="53.432965" lon="10.354509">
        <ele>8.226909</ele>
        <time>2026-06-27T21:28:36.952Z</time>
      </trkpt>
      <trkpt lat="53.432880" lon="10.354299">
        <ele>8.135943</ele>
        <time>2026-06-27T21:28:38.965Z</time>
      </trkpt>
      <trkpt lat="53.432813" lon="10.354134">
        <ele>8.064398</ele>
        <time>2026-06-27T21:28:40.492Z</time>
      </trkpt>
      <trkpt lat="53.432733" lon="10.353937">
        <ele>7.978975</ele>
        <time>2026-06-27T21:28:42.285Z</time>
      </trkpt>
      <trkpt lat="53.432652" lon="10.353739">
        <ele>7.892916</ele>
        <time>2026-06-27T21:28:44.029Z</time>
      </trkpt>
      <trkpt lat="53.432542" lon="10.353470">
        <ele>7.776013</ele>
        <time>2026-06-27T21:28:46.338Z</time>
      </trkpt>
      <trkpt lat="53.432538" lon="10.353458">
        <ele>7.771087</ele>
        <time>2026-06-27T21:28:46.438Z</time>
      </trkpt>
      <trkpt lat="53.431776" lon="10.351584">
        <ele>6.374187</ele>
        <time>2026-06-27T21:29:02.227Z</time>
      </trkpt>
      <trkpt lat="53.431390" lon="10.350647">
        <ele>5.621499</ele>
        <time>2026-06-27T21:29:10.565Z</time>
      </trkpt>
      <trkpt lat="53.431263" lon="10.350052">
        <ele>5.541171</ele>
        <time>2026-06-27T21:29:15.593Z</time>
      </trkpt>
      <trkpt lat="53.431242" lon="10.349546">
        <ele>5.476705</ele>
        <time>2026-06-27T21:29:19.891Z</time>
      </trkpt>
      <trkpt lat="53.431243" lon="10.349343">
        <ele>5.450904</ele>
        <time>2026-06-27T21:29:21.591Z</time>
      </trkpt>
      <trkpt lat="53.431852" lon="10.345251">
        <ele>5.331537</ele>
        <time>2026-06-27T21:29:58.910Z</time>
      </trkpt>
      <trkpt lat="53.432051" lon="10.343998">
        <ele>5.427494</ele>
        <time>2026-06-27T21:30:10.918Z</time>
      </trkpt>
      <trkpt lat="53.432185" lon="10.343149">
        <ele>5.511114</ele>
        <time>2026-06-27T21:30:19.094Z</time>
      </trkpt>
      <trkpt lat="53.432323" lon="10.342283">
        <ele>5.596462</ele>
        <time>2026-06-27T21:30:27.424Z</time>
      </trkpt>
      <trkpt lat="53.432375" lon="10.341959">
        <ele>5.628409</ele>
        <time>2026-06-27T21:30:30.594Z</time>
      </trkpt>
      <trkpt lat="53.432433" lon="10.341603">
        <ele>5.650077</ele>
        <time>2026-06-27T21:30:33.994Z</time>
      </trkpt>
      <trkpt lat="53.432593" lon="10.340627">
        <ele>5.699768</ele>
        <time>2026-06-27T21:30:42.909Z</time>
      </trkpt>
      <trkpt lat="53.432619" lon="10.340467">
        <ele>5.707910</ele>
        <time>2026-06-27T21:30:44.305Z</time>
      </trkpt>
      <trkpt lat="53.432652" lon="10.340264">
        <ele>5.718239</ele>
        <time>2026-06-27T21:30:46.046Z</time>
      </trkpt>
      <trkpt lat="53.432707" lon="10.339924">
        <ele>5.735533</ele>
        <time>2026-06-27T21:30:49.066Z</time>
      </trkpt>
      <trkpt lat="53.432733" lon="10.339763">
        <ele>5.743722</ele>
        <time>2026-06-27T21:30:50.617Z</time>
      </trkpt>
      <trkpt lat="53.432780" lon="10.339481">
        <ele>5.758097</ele>
        <time>2026-06-27T21:30:53.320Z</time>
      </trkpt>
      <trkpt lat="53.432865" lon="10.338957">
        <ele>5.788162</ele>
        <time>2026-06-27T21:30:58.492Z</time>
      </trkpt>
      <trkpt lat="53.432949" lon="10.338469">
        <ele>5.917130</ele>
        <time>2026-06-27T21:31:03.474Z</time>
      </trkpt>
      <trkpt lat="53.432949" lon="10.338469">
        <ele>5.917130</ele>
        <time>2026-06-27T21:31:03.479Z</time>
      </trkpt>
      <trkpt lat="53.433074" lon="10.338244">
        <ele>5.995240</ele>
        <time>2026-06-27T21:31:06.876Z</time>
      </trkpt>
      <trkpt lat="53.433144" lon="10.338138">
        <ele>6.035418</ele>
        <time>2026-06-27T21:31:08.617Z</time>
      </trkpt>
      <trkpt lat="53.433177" lon="10.337943">
        <ele>6.086886</ele>
        <time>2026-06-27T21:31:11.255Z</time>
      </trkpt>
      <trkpt lat="53.433216" lon="10.337773">
        <ele>6.133137</ele>
        <time>2026-06-27T21:31:13.638Z</time>
      </trkpt>
      <trkpt lat="53.433230" lon="10.337711">
        <ele>6.149971</ele>
        <time>2026-06-27T21:31:14.537Z</time>
      </trkpt>
      <trkpt lat="53.433242" lon="10.337621">
        <ele>6.173387</ele>
        <time>2026-06-27T21:31:15.772Z</time>
      </trkpt>
      <trkpt lat="53.433320" lon="10.337050">
        <ele>6.322121</ele>
        <time>2026-06-27T21:31:23.791Z</time>
      </trkpt>
      <trkpt lat="53.433368" lon="10.336843">
        <ele>6.378518</ele>
        <time>2026-06-27T21:31:26.131Z</time>
      </trkpt>
      <trkpt lat="53.433393" lon="10.336736">
        <ele>6.407699</ele>
        <time>2026-06-27T21:31:27.314Z</time>
      </trkpt>
      <trkpt lat="53.433493" lon="10.336309">
        <ele>6.524186</ele>
        <time>2026-06-27T21:31:31.848Z</time>
      </trkpt>
      <trkpt lat="53.434008" lon="10.336674">
        <ele>6.592841</ele>
        <time>2026-06-27T21:31:40.607Z</time>
      </trkpt>
      <trkpt lat="53.433985" lon="10.336740">
        <ele>6.596723</ele>
        <time>2026-06-27T21:31:41.301Z</time>
      </trkpt>
      <trkpt lat="53.433482" lon="10.336633">
        <ele>6.639925</ele>
        <time>2026-06-27T21:31:48.906Z</time>
      </trkpt>
      <trkpt lat="53.431955" lon="10.335918">
        <ele>6.678136</ele>
        <time>2026-06-27T21:32:20.309Z</time>
      </trkpt>
      <trkpt lat="53.430571" lon="10.335312">
        <ele>6.643894</ele>
        <time>2026-06-27T21:32:41.805Z</time>
      </trkpt>
      <trkpt lat="53.430279" lon="10.335184">
        <ele>6.640786</ele>
        <time>2026-06-27T21:32:46.192Z</time>
      </trkpt>
      <trkpt lat="53.430212" lon="10.335106">
        <ele>6.639947</ele>
        <time>2026-06-27T21:32:47.391Z</time>
      </trkpt>
      <trkpt lat="53.430115" lon="10.335077">
        <ele>6.638932</ele>
        <time>2026-06-27T21:32:48.873Z</time>
      </trkpt>
      <trkpt lat="53.430156" lon="10.334761">
        <ele>6.636948</ele>
        <time>2026-06-27T21:32:51.786Z</time>
      </trkpt>
      <trkpt lat="53.430214" lon="10.334629">
        <ele>6.635942</ele>
        <time>2026-06-27T21:32:53.292Z</time>
      </trkpt>
      <trkpt lat="53.430355" lon="10.334556">
        <ele>6.634422</ele>
        <time>2026-06-27T21:32:55.532Z</time>
      </trkpt>
      <trkpt lat="53.430475" lon="10.334568">
        <ele>6.633184</ele>
        <time>2026-06-27T21:32:57.304Z</time>
      </trkpt>
      <trkpt lat="53.430657" lon="10.334695">
        <ele>6.631155</ele>
        <time>2026-06-27T21:33:00.125Z</time>
      </trkpt>
      <trkpt lat="53.431234" lon="10.335222">
        <ele>6.609830</ele>
        <time>2026-06-27T21:33:09.334Z</time>
      </trkpt>
      <trkpt lat="53.430657" lon="10.334695">
        <ele>6.586097</ele>
        <time>2026-06-27T21:33:19.491Z</time>
      </trkpt>
      <trkpt lat="53.430475" lon="10.334568">
        <ele>6.578976</ele>
        <time>2026-06-27T21:33:22.392Z</time>
      </trkpt>
      <trkpt lat="53.430355" lon="10.334556">
        <ele>6.574633</ele>
        <time>2026-06-27T21:33:24.127Z</time>
      </trkpt>
      <trkpt lat="53.430214" lon="10.334629">
        <ele>6.569302</ele>
        <time>2026-06-27T21:33:26.219Z</time>
      </trkpt>
      <trkpt lat="53.430156" lon="10.334761">
        <ele>6.565771</ele>
        <time>2026-06-27T21:33:27.564Z</time>
      </trkpt>
      <trkpt lat="53.430115" lon="10.335077">
        <ele>6.542401</ele>
        <time>2026-06-27T21:33:30.344Z</time>
      </trkpt>
      <trkpt lat="53.430020" lon="10.335050">
        <ele>6.529997</ele>
        <time>2026-06-27T21:33:31.735Z</time>
      </trkpt>
      <trkpt lat="53.429963" lon="10.335135">
        <ele>6.520182</ele>
        <time>2026-06-27T21:33:32.885Z</time>
      </trkpt>
      <trkpt lat="53.429241" lon="10.335024">
        <ele>6.426850</ele>
        <time>2026-06-27T21:33:44.258Z</time>
      </trkpt>
      <trkpt lat="53.428521" lon="10.335063">
        <ele>6.334116</ele>
        <time>2026-06-27T21:33:54.356Z</time>
      </trkpt>
      <trkpt lat="53.427900" lon="10.335184">
        <ele>5.781714</ele>
        <time>2026-06-27T21:34:02.058Z</time>
      </trkpt>
      <trkpt lat="53.426803" lon="10.335603">
        <ele>4.782914</ele>
        <time>2026-06-27T21:34:15.367Z</time>
      </trkpt>
      <trkpt lat="53.424681" lon="10.336397">
        <ele>4.550596</ele>
        <time>2026-06-27T21:34:47.127Z</time>
      </trkpt>
      <trkpt lat="53.423201" lon="10.336951">
        <ele>4.999916</ele>
        <time>2026-06-27T21:35:11.982Z</time>
      </trkpt>
      <trkpt lat="53.422461" lon="10.337223">
        <ele>5.297137</ele>
        <time>2026-06-27T21:35:24.655Z</time>
      </trkpt>
      <trkpt lat="53.420711" lon="10.337866">
        <ele>5.663640</ele>
        <time>2026-06-27T21:35:54.042Z</time>
      </trkpt>
      <trkpt lat="53.420262" lon="10.337965">
        <ele>5.648905</ele>
        <time>2026-06-27T21:36:00.608Z</time>
      </trkpt>
      <trkpt lat="53.420031" lon="10.337905">
        <ele>5.641300</ele>
        <time>2026-06-27T21:36:03.825Z</time>
      </trkpt>
      <trkpt lat="53.418921" lon="10.337633">
        <ele>5.186113</ele>
        <time>2026-06-27T21:36:23.943Z</time>
      </trkpt>
      <trkpt lat="53.418963" lon="10.337141">
        <ele>5.021729</ele>
        <time>2026-06-27T21:36:29.228Z</time>
      </trkpt>
      <trkpt lat="53.418997" lon="10.336963">
        <ele>4.959908</ele>
        <time>2026-06-27T21:36:31.251Z</time>
      </trkpt>
      <trkpt lat="53.419018" lon="10.336854">
        <ele>4.922020</ele>
        <time>2026-06-27T21:36:32.495Z</time>
      </trkpt>
      <trkpt lat="53.419119" lon="10.336549">
        <ele>4.806618</ele>
        <time>2026-06-27T21:36:36.353Z</time>
      </trkpt>
      <trkpt lat="53.419069" lon="10.336495">
        <ele>4.773619</ele>
        <time>2026-06-27T21:36:37.145Z</time>
      </trkpt>
      <trkpt lat="53.419344" lon="10.335767">
        <ele>4.606628</ele>
        <time>2026-06-27T21:36:44.284Z</time>
      </trkpt>
      <trkpt lat="53.419624" lon="10.335007">
        <ele>4.553203</ele>
        <time>2026-06-27T21:36:52.276Z</time>
      </trkpt>
      <trkpt lat="53.420272" lon="10.333192">
        <ele>4.378630</ele>
        <time>2026-06-27T21:37:10.754Z</time>
      </trkpt>
      <trkpt lat="53.420504" lon="10.332498">
        <ele>4.241476</ele>
        <time>2026-06-27T21:37:17.292Z</time>
      </trkpt>
      <trkpt lat="53.420617" lon="10.331973">
        <ele>4.145266</ele>
        <time>2026-06-27T21:37:21.822Z</time>
      </trkpt>
      <trkpt lat="53.420624" lon="10.331931">
        <ele>4.137749</ele>
        <time>2026-06-27T21:37:22.178Z</time>
      </trkpt>
      <trkpt lat="53.420632" lon="10.331893">
        <ele>4.130802</ele>
        <time>2026-06-27T21:37:22.497Z</time>
      </trkpt>
      <trkpt lat="53.420684" lon="10.331631">
        <ele>4.083205</ele>
        <time>2026-06-27T21:37:24.723Z</time>
      </trkpt>
      <trkpt lat="53.421023" lon="10.329758">
        <ele>3.885680</ele>
        <time>2026-06-27T21:37:40.654Z</time>
      </trkpt>
      <trkpt lat="53.421222" lon="10.328799">
        <ele>3.842130</ele>
        <time>2026-06-27T21:37:49.406Z</time>
      </trkpt>
      <trkpt lat="53.421244" lon="10.328720">
        <ele>3.838390</ele>
        <time>2026-06-27T21:37:50.176Z</time>
      </trkpt>
      <trkpt lat="53.421339" lon="10.328382">
        <ele>3.822363</ele>
        <time>2026-06-27T21:37:53.498Z</time>
      </trkpt>
      <trkpt lat="53.421439" lon="10.328035">
        <ele>3.805833</ele>
        <time>2026-06-27T21:37:57.032Z</time>
      </trkpt>
      <trkpt lat="53.421786" lon="10.326992">
        <ele>3.978877</ele>
        <time>2026-06-27T21:38:08.698Z</time>
      </trkpt>
      <trkpt lat="53.422568" lon="10.325084">
        <ele>4.287184</ele>
        <time>2026-06-27T21:38:30.834Z</time>
      </trkpt>
      <trkpt lat="53.422726" lon="10.324726">
        <ele>4.296628</ele>
        <time>2026-06-27T21:38:34.649Z</time>
      </trkpt>
      <trkpt lat="53.422890" lon="10.324378">
        <ele>4.306033</ele>
        <time>2026-06-27T21:38:38.373Z</time>
      </trkpt>
      <trkpt lat="53.423066" lon="10.324019">
        <ele>4.315888</ele>
        <time>2026-06-27T21:38:42.211Z</time>
      </trkpt>
      <trkpt lat="53.423281" lon="10.323582">
        <ele>4.327902</ele>
        <time>2026-06-27T21:38:47.031Z</time>
      </trkpt>
      <trkpt lat="53.423293" lon="10.323560">
        <ele>4.328534</ele>
        <time>2026-06-27T21:38:47.295Z</time>
      </trkpt>
      <trkpt lat="53.423687" lon="10.322825">
        <ele>4.367613</ele>
        <time>2026-06-27T21:38:56.885Z</time>
      </trkpt>
      <trkpt lat="53.423783" lon="10.322651">
        <ele>4.385401</ele>
        <time>2026-06-27T21:38:59.170Z</time>
      </trkpt>
      <trkpt lat="53.424199" lon="10.321959">
        <ele>4.459139</ele>
        <time>2026-06-27T21:39:08.339Z</time>
      </trkpt>
      <trkpt lat="53.424970" lon="10.320684">
        <ele>4.564745</ele>
        <time>2026-06-27T21:39:24.622Z</time>
      </trkpt>
      <trkpt lat="53.425281" lon="10.320165">
        <ele>4.556369</ele>
        <time>2026-06-27T21:39:30.603Z</time>
      </trkpt>
      <trkpt lat="53.425526" lon="10.319771">
        <ele>4.549889</ele>
        <time>2026-06-27T21:39:35.364Z</time>
      </trkpt>
      <trkpt lat="53.425798" lon="10.319472">
        <ele>4.543680</ele>
        <time>2026-06-27T21:39:40.079Z</time>
      </trkpt>
      <trkpt lat="53.426018" lon="10.319320">
        <ele>4.539136</ele>
        <time>2026-06-27T21:39:43.719Z</time>
      </trkpt>
      <trkpt lat="53.426474" lon="10.319091">
        <ele>4.669692</ele>
        <time>2026-06-27T21:39:51.349Z</time>
      </trkpt>
      <trkpt lat="53.426743" lon="10.318900">
        <ele>4.841611</ele>
        <time>2026-06-27T21:39:56.185Z</time>
      </trkpt>
      <trkpt lat="53.427436" lon="10.318268">
        <ele>5.305841</ele>
        <time>2026-06-27T21:40:09.868Z</time>
      </trkpt>
      <trkpt lat="53.427762" lon="10.317842">
        <ele>5.549027</ele>
        <time>2026-06-27T21:40:17.551Z</time>
      </trkpt>
      <trkpt lat="53.427877" lon="10.317574">
        <ele>5.601871</ele>
        <time>2026-06-27T21:40:21.184Z</time>
      </trkpt>
      <trkpt lat="53.428027" lon="10.316994">
        <ele>5.628950</ele>
        <time>2026-06-27T21:40:27.907Z</time>
      </trkpt>
      <trkpt lat="53.428105" lon="10.316585">
        <ele>5.647341</ele>
        <time>2026-06-27T21:40:32.343Z</time>
      </trkpt>
      <trkpt lat="53.428113" lon="10.316548">
        <ele>5.649027</ele>
        <time>2026-06-27T21:40:32.731Z</time>
      </trkpt>
      <trkpt lat="53.428125" lon="10.316463">
        <ele>5.652768</ele>
        <time>2026-06-27T21:40:33.617Z</time>
      </trkpt>
      <trkpt lat="53.428266" lon="10.315613">
        <ele>5.690555</ele>
        <time>2026-06-27T21:40:41.454Z</time>
      </trkpt>
      <trkpt lat="53.428407" lon="10.314526">
        <ele>5.556706</ele>
        <time>2026-06-27T21:40:49.684Z</time>
      </trkpt>
      <trkpt lat="53.428445" lon="10.313742">
        <ele>5.203588</ele>
        <time>2026-06-27T21:40:55.294Z</time>
      </trkpt>
      <trkpt lat="53.428440" lon="10.313503">
        <ele>5.096229</ele>
        <time>2026-06-27T21:40:57.031Z</time>
      </trkpt>
      <trkpt lat="53.428371" lon="10.312769">
        <ele>4.762644</ele>
        <time>2026-06-27T21:41:02.487Z</time>
      </trkpt>
      <trkpt lat="53.428360" lon="10.312675">
        <ele>4.719639</ele>
        <time>2026-06-27T21:41:03.189Z</time>
      </trkpt>
      <trkpt lat="53.428180" lon="10.311305">
        <ele>4.418980</ele>
        <time>2026-06-27T21:41:14.546Z</time>
      </trkpt>
      <trkpt lat="53.428171" lon="10.311255">
        <ele>4.423356</ele>
        <time>2026-06-27T21:41:15.032Z</time>
      </trkpt>
      <trkpt lat="53.428122" lon="10.310887">
        <ele>4.454950</ele>
        <time>2026-06-27T21:41:18.746Z</time>
      </trkpt>
      <trkpt lat="53.428096" lon="10.310692">
        <ele>4.471692</ele>
        <time>2026-06-27T21:41:20.777Z</time>
      </trkpt>
      <trkpt lat="53.428032" lon="10.310229">
        <ele>4.511515</ele>
        <time>2026-06-27T21:41:25.507Z</time>
      </trkpt>
      <trkpt lat="53.427918" lon="10.309450">
        <ele>4.578723</ele>
        <time>2026-06-27T21:41:33.294Z</time>
      </trkpt>
      <trkpt lat="53.427881" lon="10.309218">
        <ele>4.598845</ele>
        <time>2026-06-27T21:41:35.555Z</time>
      </trkpt>
      <trkpt lat="53.427707" lon="10.308536">
        <ele>4.633040</ele>
        <time>2026-06-27T21:41:42.126Z</time>
      </trkpt>
      <trkpt lat="53.427593" lon="10.308226">
        <ele>4.642678</ele>
        <time>2026-06-27T21:41:45.410Z</time>
      </trkpt>
      <trkpt lat="53.427515" lon="10.308056">
        <ele>4.648355</ele>
        <time>2026-06-27T21:41:47.336Z</time>
      </trkpt>
      <trkpt lat="53.427404" lon="10.307834">
        <ele>4.656023</ele>
        <time>2026-06-27T21:41:49.937Z</time>
      </trkpt>
      <trkpt lat="53.427102" lon="10.307260">
        <ele>4.676282</ele>
        <time>2026-06-27T21:41:56.768Z</time>
      </trkpt>
      <trkpt lat="53.426178" lon="10.305654">
        <ele>4.647804</ele>
        <time>2026-06-27T21:42:16.346Z</time>
      </trkpt>
      <trkpt lat="53.426062" lon="10.305453">
        <ele>4.636872</ele>
        <time>2026-06-27T21:42:18.841Z</time>
      </trkpt>
      <trkpt lat="53.425921" lon="10.305211">
        <ele>4.623648</ele>
        <time>2026-06-27T21:42:21.777Z</time>
      </trkpt>
      <trkpt lat="53.424768" lon="10.303200">
        <ele>4.472824</ele>
        <time>2026-06-27T21:42:45.477Z</time>
      </trkpt>
      <trkpt lat="53.424415" lon="10.302599">
        <ele>4.419427</ele>
        <time>2026-06-27T21:42:52.919Z</time>
      </trkpt>
      <trkpt lat="53.424125" lon="10.302106">
        <ele>4.364878</ele>
        <time>2026-06-27T21:42:58.920Z</time>
      </trkpt>
      <trkpt lat="53.423992" lon="10.301875">
        <ele>4.330484</ele>
        <time>2026-06-27T21:43:01.723Z</time>
      </trkpt>
      <trkpt lat="53.423377" lon="10.300774">
        <ele>4.168898</ele>
        <time>2026-06-27T21:43:14.644Z</time>
      </trkpt>
      <trkpt lat="53.422938" lon="10.300009">
        <ele>4.058580</ele>
        <time>2026-06-27T21:43:23.274Z</time>
      </trkpt>
      <trkpt lat="53.422632" lon="10.299470">
        <ele>4.000223</ele>
        <time>2026-06-27T21:43:29.258Z</time>
      </trkpt>
      <trkpt lat="53.422369" lon="10.299015">
        <ele>3.950533</ele>
        <time>2026-06-27T21:43:34.552Z</time>
      </trkpt>
      <trkpt lat="53.422044" lon="10.298425">
        <ele>3.887549</ele>
        <time>2026-06-27T21:43:41.635Z</time>
      </trkpt>
      <trkpt lat="53.422025" lon="10.298388">
        <ele>3.883720</ele>
        <time>2026-06-27T21:43:42.087Z</time>
      </trkpt>
      <trkpt lat="53.421851" lon="10.297966">
        <ele>3.843492</ele>
        <time>2026-06-27T21:43:46.812Z</time>
      </trkpt>
      <trkpt lat="53.421660" lon="10.297328">
        <ele>3.840229</ele>
        <time>2026-06-27T21:43:53.254Z</time>
      </trkpt>
      <trkpt lat="53.421595" lon="10.296957">
        <ele>3.846437</ele>
        <time>2026-06-27T21:43:56.822Z</time>
      </trkpt>
      <trkpt lat="53.421495" lon="10.296118">
        <ele>3.860172</ele>
        <time>2026-06-27T21:44:04.824Z</time>
      </trkpt>
      <trkpt lat="53.421460" lon="10.295832">
        <ele>3.864859</ele>
        <time>2026-06-27T21:44:07.468Z</time>
      </trkpt>
      <trkpt lat="53.421428" lon="10.295557">
        <ele>3.869357</ele>
        <time>2026-06-27T21:44:09.899Z</time>
      </trkpt>
      <trkpt lat="53.421360" lon="10.294991">
        <ele>3.878626</ele>
        <time>2026-06-27T21:44:14.743Z</time>
      </trkpt>
      <trkpt lat="53.421240" lon="10.293997">
        <ele>3.757336</ele>
        <time>2026-06-27T21:44:23.096Z</time>
      </trkpt>
      <trkpt lat="53.421225" lon="10.293870">
        <ele>3.740584</ele>
        <time>2026-06-27T21:44:24.159Z</time>
      </trkpt>
      <trkpt lat="53.421150" lon="10.293237">
        <ele>3.657079</ele>
        <time>2026-06-27T21:44:29.554Z</time>
      </trkpt>
      <trkpt lat="53.421118" lon="10.292960">
        <ele>3.620571</ele>
        <time>2026-06-27T21:44:31.876Z</time>
      </trkpt>
      <trkpt lat="53.421083" lon="10.292665">
        <ele>3.581653</ele>
        <time>2026-06-27T21:44:34.354Z</time>
      </trkpt>
      <trkpt lat="53.421053" lon="10.292382">
        <ele>3.544461</ele>
        <time>2026-06-27T21:44:36.727Z</time>
      </trkpt>
      <trkpt lat="53.421019" lon="10.292126">
        <ele>3.510525</ele>
        <time>2026-06-27T21:44:38.916Z</time>
      </trkpt>
      <trkpt lat="53.420865" lon="10.290813">
        <ele>3.417869</ele>
        <time>2026-06-27T21:44:50.348Z</time>
      </trkpt>
      <trkpt lat="53.420859" lon="10.290765">
        <ele>3.414887</ele>
        <time>2026-06-27T21:44:50.781Z</time>
      </trkpt>
      <trkpt lat="53.420726" lon="10.289636">
        <ele>3.344925</ele>
        <time>2026-06-27T21:45:00.946Z</time>
      </trkpt>
      <trkpt lat="53.420702" lon="10.289418">
        <ele>3.331448</ele>
        <time>2026-06-27T21:45:02.868Z</time>
      </trkpt>
      <trkpt lat="53.420658" lon="10.288936">
        <ele>3.305132</ele>
        <time>2026-06-27T21:45:07.121Z</time>
      </trkpt>
      <trkpt lat="53.420640" lon="10.288352">
        <ele>3.299803</ele>
        <time>2026-06-27T21:45:12.127Z</time>
      </trkpt>
      <trkpt lat="53.420661" lon="10.287975">
        <ele>3.296352</ele>
        <time>2026-06-27T21:45:15.258Z</time>
      </trkpt>
      <trkpt lat="53.420681" lon="10.287784">
        <ele>3.294585</ele>
        <time>2026-06-27T21:45:16.853Z</time>
      </trkpt>
      <trkpt lat="53.420718" lon="10.287477">
        <ele>3.291731</ele>
        <time>2026-06-27T21:45:19.439Z</time>
      </trkpt>
      <trkpt lat="53.420776" lon="10.287095">
        <ele>3.288139</ele>
        <time>2026-06-27T21:45:22.783Z</time>
      </trkpt>
      <trkpt lat="53.420840" lon="10.286631">
        <ele>3.283798</ele>
        <time>2026-06-27T21:45:27.011Z</time>
      </trkpt>
      <trkpt lat="53.420872" lon="10.286143">
        <ele>3.279325</ele>
        <time>2026-06-27T21:45:31.643Z</time>
      </trkpt>
      <trkpt lat="53.420866" lon="10.285847">
        <ele>3.292059</ele>
        <time>2026-06-27T21:45:34.603Z</time>
      </trkpt>
      <trkpt lat="53.420828" lon="10.285398">
        <ele>3.328069</ele>
        <time>2026-06-27T21:45:39.180Z</time>
      </trkpt>
      <trkpt lat="53.420761" lon="10.285022">
        <ele>3.359231</ele>
        <time>2026-06-27T21:45:43.048Z</time>
      </trkpt>
      <trkpt lat="53.420535" lon="10.284033">
        <ele>3.443337</ele>
        <time>2026-06-27T21:45:53.163Z</time>
      </trkpt>
      <trkpt lat="53.420286" lon="10.282939">
        <ele>3.480354</ele>
        <time>2026-06-27T21:46:03.118Z</time>
      </trkpt>
      <trkpt lat="53.420088" lon="10.282070">
        <ele>3.330172</ele>
        <time>2026-06-27T21:46:10.307Z</time>
      </trkpt>
      <trkpt lat="53.419619" lon="10.280010">
        <ele>3.077205</ele>
        <time>2026-06-27T21:46:28.718Z</time>
      </trkpt>
      <trkpt lat="53.419431" lon="10.279188">
        <ele>3.194335</ele>
        <time>2026-06-27T21:46:37.275Z</time>
      </trkpt>
      <trkpt lat="53.419325" lon="10.278720">
        <ele>3.260939</ele>
        <time>2026-06-27T21:46:42.160Z</time>
      </trkpt>
      <trkpt lat="53.419311" lon="10.278655">
        <ele>3.270134</ele>
        <time>2026-06-27T21:46:42.836Z</time>
      </trkpt>
      <trkpt lat="53.419163" lon="10.278008">
        <ele>3.362329</ele>
        <time>2026-06-27T21:46:49.573Z</time>
      </trkpt>
      <trkpt lat="53.419025" lon="10.277396">
        <ele>3.439928</ele>
        <time>2026-06-27T21:46:55.710Z</time>
      </trkpt>
      <trkpt lat="53.418872" lon="10.276719">
        <ele>3.483344</ele>
        <time>2026-06-27T21:47:02.154Z</time>
      </trkpt>
      <trkpt lat="53.418807" lon="10.276430">
        <ele>3.501866</ele>
        <time>2026-06-27T21:47:04.793Z</time>
      </trkpt>
      <trkpt lat="53.418741" lon="10.276137">
        <ele>3.520648</ele>
        <time>2026-06-27T21:47:07.440Z</time>
      </trkpt>
      <trkpt lat="53.418428" lon="10.274767">
        <ele>3.608626</ele>
        <time>2026-06-27T21:47:20.555Z</time>
      </trkpt>
      <trkpt lat="53.418376" lon="10.274537">
        <ele>3.648758</ele>
        <time>2026-06-27T21:47:22.952Z</time>
      </trkpt>
      <trkpt lat="53.418270" lon="10.273978">
        <ele>3.771172</ele>
        <time>2026-06-27T21:47:28.862Z</time>
      </trkpt>
      <trkpt lat="53.418223" lon="10.273694">
        <ele>3.832680</ele>
        <time>2026-06-27T21:47:31.842Z</time>
      </trkpt>
      <trkpt lat="53.418098" lon="10.272336">
        <ele>4.119427</ele>
        <time>2026-06-27T21:47:45.625Z</time>
      </trkpt>
      <trkpt lat="53.418031" lon="10.271549">
        <ele>4.237460</ele>
        <time>2026-06-27T21:47:53.252Z</time>
      </trkpt>
      <trkpt lat="53.417860" lon="10.269647">
        <ele>4.185553</ele>
        <time>2026-06-27T21:48:09.450Z</time>
      </trkpt>
      <trkpt lat="53.417805" lon="10.269076">
        <ele>4.169945</ele>
        <time>2026-06-27T21:48:14.464Z</time>
      </trkpt>
      <trkpt lat="53.417663" lon="10.268200">
        <ele>4.183039</ele>
        <time>2026-06-27T21:48:22.224Z</time>
      </trkpt>
      <trkpt lat="53.417459" lon="10.267451">
        <ele>4.212856</ele>
        <time>2026-06-27T21:48:29.481Z</time>
      </trkpt>
      <trkpt lat="53.417300" lon="10.266996">
        <ele>4.231954</ele>
        <time>2026-06-27T21:48:34.448Z</time>
      </trkpt>
      <trkpt lat="53.417122" lon="10.266584">
        <ele>4.250379</ele>
        <time>2026-06-27T21:48:39.341Z</time>
      </trkpt>
      <trkpt lat="53.417101" lon="10.266544">
        <ele>4.252310</ele>
        <time>2026-06-27T21:48:39.853Z</time>
      </trkpt>
      <trkpt lat="53.416908" lon="10.266213">
        <ele>4.269076</ele>
        <time>2026-06-27T21:48:44.191Z</time>
      </trkpt>
      <trkpt lat="53.416590" lon="10.265887">
        <ele>4.235159</ele>
        <time>2026-06-27T21:48:49.713Z</time>
      </trkpt>
      <trkpt lat="53.416443" lon="10.265778">
        <ele>4.218555</ele>
        <time>2026-06-27T21:48:52.074Z</time>
      </trkpt>
      <trkpt lat="53.416136" lon="10.265640">
        <ele>4.185718</ele>
        <time>2026-06-27T21:48:56.792Z</time>
      </trkpt>
      <trkpt lat="53.415179" lon="10.265238">
        <ele>4.085104</ele>
        <time>2026-06-27T21:49:10.600Z</time>
      </trkpt>
      <trkpt lat="53.415159" lon="10.265226">
        <ele>4.085412</ele>
        <time>2026-06-27T21:49:10.901Z</time>
      </trkpt>
      <trkpt lat="53.414608" lon="10.264739">
        <ele>4.094419</ele>
        <time>2026-06-27T21:49:19.490Z</time>
      </trkpt>
      <trkpt lat="53.414348" lon="10.264485">
        <ele>4.098771</ele>
        <time>2026-06-27T21:49:24.088Z</time>
      </trkpt>
      <trkpt lat="53.414321" lon="10.264457">
        <ele>4.099230</ele>
        <time>2026-06-27T21:49:24.557Z</time>
      </trkpt>
      <trkpt lat="53.413895" lon="10.264017">
        <ele>4.106466</ele>
        <time>2026-06-27T21:49:32.328Z</time>
      </trkpt>
      <trkpt lat="53.413784" lon="10.263885">
        <ele>4.108434</ele>
        <time>2026-06-27T21:49:34.459Z</time>
      </trkpt>
      <trkpt lat="53.413578" lon="10.263605">
        <ele>4.125117</ele>
        <time>2026-06-27T21:49:38.627Z</time>
      </trkpt>
      <trkpt lat="53.413204" lon="10.263075">
        <ele>4.201662</ele>
        <time>2026-06-27T21:49:46.496Z</time>
      </trkpt>
      <trkpt lat="53.412600" lon="10.262219">
        <ele>4.325285</ele>
        <time>2026-06-27T21:49:58.902Z</time>
      </trkpt>
      <trkpt lat="53.412168" lon="10.261650">
        <ele>4.386592</ele>
        <time>2026-06-27T21:50:06.798Z</time>
      </trkpt>
      <trkpt lat="53.411951" lon="10.261422">
        <ele>4.374790</ele>
        <time>2026-06-27T21:50:10.615Z</time>
      </trkpt>
      <trkpt lat="53.411678" lon="10.261197">
        <ele>4.360770</ele>
        <time>2026-06-27T21:50:15.149Z</time>
      </trkpt>
      <trkpt lat="53.411412" lon="10.261081">
        <ele>4.348101</ele>
        <time>2026-06-27T21:50:19.143Z</time>
      </trkpt>
      <trkpt lat="53.411193" lon="10.261053">
        <ele>4.337977</ele>
        <time>2026-06-27T21:50:22.294Z</time>
      </trkpt>
      <trkpt lat="53.411052" lon="10.261059">
        <ele>4.331476</ele>
        <time>2026-06-27T21:50:24.331Z</time>
      </trkpt>
      <trkpt lat="53.410942" lon="10.261064">
        <ele>4.326404</ele>
        <time>2026-06-27T21:50:25.921Z</time>
      </trkpt>
      <trkpt lat="53.410639" lon="10.261115">
        <ele>4.312367</ele>
        <time>2026-06-27T21:50:30.254Z</time>
      </trkpt>
      <trkpt lat="53.410130" lon="10.261166">
        <ele>4.337153</ele>
        <time>2026-06-27T21:50:37.874Z</time>
      </trkpt>
      <trkpt lat="53.409832" lon="10.261035">
        <ele>4.356542</ele>
        <time>2026-06-27T21:50:42.576Z</time>
      </trkpt>
      <trkpt lat="53.409501" lon="10.260786">
        <ele>4.379372</ele>
        <time>2026-06-27T21:50:47.965Z</time>
      </trkpt>
      <trkpt lat="53.409095" lon="10.260524">
        <ele>4.406750</ele>
        <time>2026-06-27T21:50:54.610Z</time>
      </trkpt>
      <trkpt lat="53.408866" lon="10.260495">
        <ele>4.421203</ele>
        <time>2026-06-27T21:50:58.141Z</time>
      </trkpt>
      <trkpt lat="53.408653" lon="10.260558">
        <ele>4.419572</ele>
        <time>2026-06-27T21:51:01.493Z</time>
      </trkpt>
      <trkpt lat="53.408110" lon="10.260851">
        <ele>4.411111</ele>
        <time>2026-06-27T21:51:10.648Z</time>
      </trkpt>
      <trkpt lat="53.407854" lon="10.260868">
        <ele>4.407311</ele>
        <time>2026-06-27T21:51:14.397Z</time>
      </trkpt>
      <trkpt lat="53.407576" lon="10.260738">
        <ele>4.403031</ele>
        <time>2026-06-27T21:51:18.485Z</time>
      </trkpt>
      <trkpt lat="53.407211" lon="10.260477">
        <ele>4.397146</ele>
        <time>2026-06-27T21:51:24.030Z</time>
      </trkpt>
      <trkpt lat="53.406837" lon="10.260209">
        <ele>4.292562</ele>
        <time>2026-06-27T21:51:29.736Z</time>
      </trkpt>
      <trkpt lat="53.406523" lon="10.259971">
        <ele>4.180005</ele>
        <time>2026-06-27T21:51:34.526Z</time>
      </trkpt>
      <trkpt lat="53.406203" lon="10.259770">
        <ele>4.068385</ele>
        <time>2026-06-27T21:51:39.074Z</time>
      </trkpt>
      <trkpt lat="53.406057" lon="10.259727">
        <ele>4.019963</ele>
        <time>2026-06-27T21:51:40.991Z</time>
      </trkpt>
      <trkpt lat="53.405853" lon="10.259756">
        <ele>3.953085</ele>
        <time>2026-06-27T21:51:43.674Z</time>
      </trkpt>
      <trkpt lat="53.405818" lon="10.259761">
        <ele>3.941610</ele>
        <time>2026-06-27T21:51:44.142Z</time>
      </trkpt>
      <trkpt lat="53.405704" lon="10.259808">
        <ele>3.903262</ele>
        <time>2026-06-27T21:51:45.729Z</time>
      </trkpt>
      <trkpt lat="53.405284" lon="10.260098">
        <ele>3.795681</ele>
        <time>2026-06-27T21:51:52.074Z</time>
      </trkpt>
      <trkpt lat="53.404865" lon="10.260398">
        <ele>3.760621</ele>
        <time>2026-06-27T21:51:58.675Z</time>
      </trkpt>
      <trkpt lat="53.404779" lon="10.260476">
        <ele>3.753097</ele>
        <time>2026-06-27T21:52:00.113Z</time>
      </trkpt>
      <trkpt lat="53.404865" lon="10.260398">
        <ele>3.745573</ele>
        <time>2026-06-27T21:52:01.580Z</time>
      </trkpt>
      <trkpt lat="53.405284" lon="10.260098">
        <ele>3.710513</ele>
        <time>2026-06-27T21:52:08.347Z</time>
      </trkpt>
      <trkpt lat="53.405704" lon="10.259808">
        <ele>3.675559</ele>
        <time>2026-06-27T21:52:15.088Z</time>
      </trkpt>
      <trkpt lat="53.405818" lon="10.259761">
        <ele>3.657803</ele>
        <time>2026-06-27T21:52:16.828Z</time>
      </trkpt>
      <trkpt lat="53.405853" lon="10.259756">
        <ele>3.647967</ele>
        <time>2026-06-27T21:52:17.360Z</time>
      </trkpt>
      <trkpt lat="53.405818" lon="10.259761">
        <ele>3.638132</ele>
        <time>2026-06-27T21:52:17.881Z</time>
      </trkpt>
      <trkpt lat="53.405704" lon="10.259808">
        <ele>3.605262</ele>
        <time>2026-06-27T21:52:19.594Z</time>
      </trkpt>
      <trkpt lat="53.405284" lon="10.260098">
        <ele>3.478088</ele>
        <time>2026-06-27T21:52:25.964Z</time>
      </trkpt>
      <trkpt lat="53.404865" lon="10.260398">
        <ele>3.350527</ele>
        <time>2026-06-27T21:52:32.133Z</time>
      </trkpt>
      <trkpt lat="53.404779" lon="10.260476">
        <ele>3.323152</ele>
        <time>2026-06-27T21:52:33.433Z</time>
      </trkpt>
      <trkpt lat="53.404548" lon="10.260686">
        <ele>3.249584</ele>
        <time>2026-06-27T21:52:36.929Z</time>
      </trkpt>
      <trkpt lat="53.403371" lon="10.262070">
        <ele>3.072205</ele>
        <time>2026-06-27T21:52:57.201Z</time>
      </trkpt>
      <trkpt lat="53.403068" lon="10.262306">
        <ele>3.044648</ele>
        <time>2026-06-27T21:53:02.260Z</time>
      </trkpt>
      <trkpt lat="53.402895" lon="10.262365">
        <ele>3.030086</ele>
        <time>2026-06-27T21:53:04.943Z</time>
      </trkpt>
      <trkpt lat="53.402731" lon="10.262372">
        <ele>3.017280</ele>
        <time>2026-06-27T21:53:07.439Z</time>
      </trkpt>
      <trkpt lat="53.402641" lon="10.262351">
        <ele>3.013998</ele>
        <time>2026-06-27T21:53:08.828Z</time>
      </trkpt>
      <trkpt lat="53.402394" lon="10.262292">
        <ele>3.004986</ele>
        <time>2026-06-27T21:53:12.714Z</time>
      </trkpt>
      <trkpt lat="53.402218" lon="10.262185">
        <ele>2.998225</ele>
        <time>2026-06-27T21:53:15.645Z</time>
      </trkpt>
      <trkpt lat="53.402031" lon="10.262006">
        <ele>2.990448</ele>
        <time>2026-06-27T21:53:18.927Z</time>
      </trkpt>
      <trkpt lat="53.401813" lon="10.261626">
        <ele>2.979092</ele>
        <time>2026-06-27T21:53:23.555Z</time>
      </trkpt>
      <trkpt lat="53.401580" lon="10.261042">
        <ele>2.963960</ele>
        <time>2026-06-27T21:53:29.525Z</time>
      </trkpt>
      <trkpt lat="53.401175" lon="10.260108">
        <ele>2.929449</ele>
        <time>2026-06-27T21:53:39.208Z</time>
      </trkpt>
      <trkpt lat="53.400918" lon="10.259712">
        <ele>2.908032</ele>
        <time>2026-06-27T21:53:44.124Z</time>
      </trkpt>
      <trkpt lat="53.400473" lon="10.259167">
        <ele>2.874216</ele>
        <time>2026-06-27T21:53:51.951Z</time>
      </trkpt>
      <trkpt lat="53.398479" lon="10.256706">
        <ele>3.316760</ele>
        <time>2026-06-27T21:54:31.093Z</time>
      </trkpt>
      <trkpt lat="53.398246" lon="10.256447">
        <ele>3.336440</ele>
        <time>2026-06-27T21:54:35.718Z</time>
      </trkpt>
      <trkpt lat="53.397882" lon="10.256174">
        <ele>3.364512</ele>
        <time>2026-06-27T21:54:42.028Z</time>
      </trkpt>
      <trkpt lat="53.397531" lon="10.256069">
        <ele>3.389613</ele>
        <time>2026-06-27T21:54:47.473Z</time>
      </trkpt>
      <trkpt lat="53.396930" lon="10.256054">
        <ele>3.431930</ele>
        <time>2026-06-27T21:54:56.125Z</time>
      </trkpt>
      <trkpt lat="53.396035" lon="10.256030">
        <ele>3.267359</ele>
        <time>2026-06-27T21:55:08.134Z</time>
      </trkpt>
      <trkpt lat="53.395748" lon="10.256000">
        <ele>3.214280</ele>
        <time>2026-06-27T21:55:12.152Z</time>
      </trkpt>
      <trkpt lat="53.395537" lon="10.255874">
        <ele>3.172937</ele>
        <time>2026-06-27T21:55:15.431Z</time>
      </trkpt>
      <trkpt lat="53.395395" lon="10.255742">
        <ele>3.142969</ele>
        <time>2026-06-27T21:55:17.879Z</time>
      </trkpt>
      <trkpt lat="53.394986" lon="10.255238">
        <ele>3.106653</ele>
        <time>2026-06-27T21:55:25.602Z</time>
      </trkpt>
      <trkpt lat="53.394764" lon="10.254959">
        <ele>3.113247</ele>
        <time>2026-06-27T21:55:29.774Z</time>
      </trkpt>
      <trkpt lat="53.394537" lon="10.254673">
        <ele>3.119996</ele>
        <time>2026-06-27T21:55:33.999Z</time>
      </trkpt>
      <trkpt lat="53.393736" lon="10.253638">
        <ele>3.143578</ele>
        <time>2026-06-27T21:55:49.189Z</time>
      </trkpt>
      <trkpt lat="53.393308" lon="10.253101">
        <ele>3.151362</ele>
        <time>2026-06-27T21:55:56.986Z</time>
      </trkpt>
      <trkpt lat="53.392958" lon="10.252750">
        <ele>3.157301</ele>
        <time>2026-06-27T21:56:03.020Z</time>
      </trkpt>
      <trkpt lat="53.392153" lon="10.252050">
        <ele>3.160405</ele>
        <time>2026-06-27T21:56:16.580Z</time>
      </trkpt>
      <trkpt lat="53.391906" lon="10.251796">
        <ele>3.135280</ele>
        <time>2026-06-27T21:56:20.863Z</time>
      </trkpt>
      <trkpt lat="53.391583" lon="10.251381">
        <ele>3.099995</ele>
        <time>2026-06-27T21:56:26.823Z</time>
      </trkpt>
      <trkpt lat="53.391272" lon="10.250761">
        <ele>3.058100</ele>
        <time>2026-06-27T21:56:33.868Z</time>
      </trkpt>
      <trkpt lat="53.390627" lon="10.249049">
        <ele>2.915008</ele>
        <time>2026-06-27T21:56:50.967Z</time>
      </trkpt>
      <trkpt lat="53.390465" lon="10.248696">
        <ele>2.877170</ele>
        <time>2026-06-27T21:56:54.666Z</time>
      </trkpt>
      <trkpt lat="53.390280" lon="10.248411">
        <ele>2.841385</ele>
        <time>2026-06-27T21:56:58.155Z</time>
      </trkpt>
      <trkpt lat="53.389165" lon="10.246975">
        <ele>2.816999</ele>
        <time>2026-06-27T21:57:18.779Z</time>
      </trkpt>
      <trkpt lat="53.388807" lon="10.246512">
        <ele>2.850450</ele>
        <time>2026-06-27T21:57:25.824Z</time>
      </trkpt>
      <trkpt lat="53.388709" lon="10.246385">
        <ele>2.859613</ele>
        <time>2026-06-27T21:57:27.773Z</time>
      </trkpt>
      <trkpt lat="53.388043" lon="10.245491">
        <ele>2.917061</ele>
        <time>2026-06-27T21:57:41.142Z</time>
      </trkpt>
      <trkpt lat="53.387727" lon="10.245220">
        <ele>2.938778</ele>
        <time>2026-06-27T21:57:46.429Z</time>
      </trkpt>
      <trkpt lat="53.384718" lon="10.244004">
        <ele>2.898228</ele>
        <time>2026-06-27T21:58:32.376Z</time>
      </trkpt>
      <trkpt lat="53.384251" lon="10.243875">
        <ele>2.768066</ele>
        <time>2026-06-27T21:58:39.069Z</time>
      </trkpt>
      <trkpt lat="53.384059" lon="10.243889">
        <ele>2.715214</ele>
        <time>2026-06-27T21:58:41.722Z</time>
      </trkpt>
      <trkpt lat="53.382078" lon="10.244550">
        <ele>2.137592</ele>
        <time>2026-06-27T21:59:08.467Z</time>
      </trkpt>
      <trkpt lat="53.381780" lon="10.244656">
        <ele>2.048111</ele>
        <time>2026-06-27T21:59:12.733Z</time>
      </trkpt>
      <trkpt lat="53.379476" lon="10.245432">
        <ele>2.628806</ele>
        <time>2026-06-27T21:59:50.272Z</time>
      </trkpt>
      <trkpt lat="53.379204" lon="10.245521">
        <ele>2.831107</ele>
        <time>2026-06-27T21:59:55.107Z</time>
      </trkpt>
      <trkpt lat="53.378583" lon="10.245714">
        <ele>3.292149</ele>
        <time>2026-06-27T22:00:06.393Z</time>
      </trkpt>
      <trkpt lat="53.378042" lon="10.245884">
        <ele>3.693947</ele>
        <time>2026-06-27T22:00:16.542Z</time>
      </trkpt>
      <trkpt lat="53.377526" lon="10.245949">
        <ele>3.896679</ele>
        <time>2026-06-27T22:00:26.819Z</time>
      </trkpt>
      <trkpt lat="53.377255" lon="10.245845">
        <ele>3.983211</ele>
        <time>2026-06-27T22:00:31.778Z</time>
      </trkpt>
      <trkpt lat="53.376982" lon="10.245633">
        <ele>4.076859</ele>
        <time>2026-06-27T22:00:36.246Z</time>
      </trkpt>
      <trkpt lat="53.376875" lon="10.245507">
        <ele>4.117560</ele>
        <time>2026-06-27T22:00:38.029Z</time>
      </trkpt>
      <trkpt lat="53.376748" lon="10.245332">
        <ele>4.168730</ele>
        <time>2026-06-27T22:00:40.317Z</time>
      </trkpt>
      <trkpt lat="53.376544" lon="10.244941">
        <ele>4.265181</ele>
        <time>2026-06-27T22:00:44.731Z</time>
      </trkpt>
      <trkpt lat="53.376356" lon="10.244378">
        <ele>4.331998</ele>
        <time>2026-06-27T22:00:50.366Z</time>
      </trkpt>
      <trkpt lat="53.376286" lon="10.244136">
        <ele>4.336745</ele>
        <time>2026-06-27T22:00:52.682Z</time>
      </trkpt>
      <trkpt lat="53.376022" lon="10.243149">
        <ele>4.355836</ele>
        <time>2026-06-27T22:01:01.722Z</time>
      </trkpt>
      <trkpt lat="53.375753" lon="10.242145">
        <ele>4.375262</ele>
        <time>2026-06-27T22:01:12.286Z</time>
      </trkpt>
      <trkpt lat="53.375657" lon="10.241780">
        <ele>4.362342</ele>
        <time>2026-06-27T22:01:16.142Z</time>
      </trkpt>
      <trkpt lat="53.375640" lon="10.241716">
        <ele>4.354283</ele>
        <time>2026-06-27T22:01:16.802Z</time>
      </trkpt>
      <trkpt lat="53.375371" lon="10.240692">
        <ele>4.225571</ele>
        <time>2026-06-27T22:01:26.489Z</time>
      </trkpt>
      <trkpt lat="53.374860" lon="10.238970">
        <ele>4.029293</ele>
        <time>2026-06-27T22:01:41.768Z</time>
      </trkpt>
      <trkpt lat="53.374591" lon="10.237284">
        <ele>4.004475</ele>
        <time>2026-06-27T22:01:57.226Z</time>
      </trkpt>
      <trkpt lat="53.374493" lon="10.236603">
        <ele>3.994514</ele>
        <time>2026-06-27T22:02:03.588Z</time>
      </trkpt>
      <trkpt lat="53.374372" lon="10.236115">
        <ele>4.028744</ele>
        <time>2026-06-27T22:02:08.478Z</time>
      </trkpt>
      <trkpt lat="53.374288" lon="10.235901">
        <ele>4.076762</ele>
        <time>2026-06-27T22:02:10.904Z</time>
      </trkpt>
      <trkpt lat="53.373908" lon="10.235198">
        <ele>4.254584</ele>
        <time>2026-06-27T22:02:20.118Z</time>
      </trkpt>
      <trkpt lat="53.373731" lon="10.234623">
        <ele>4.375869</ele>
        <time>2026-06-27T22:02:26.332Z</time>
      </trkpt>
      <trkpt lat="53.373547" lon="10.233589">
        <ele>4.575291</ele>
        <time>2026-06-27T22:02:36.847Z</time>
      </trkpt>
      <trkpt lat="53.373494" lon="10.233098">
        <ele>4.657300</ele>
        <time>2026-06-27T22:02:41.864Z</time>
      </trkpt>
      <trkpt lat="53.373419" lon="10.231950">
        <ele>4.847109</ele>
        <time>2026-06-27T22:02:53.122Z</time>
      </trkpt>
      <trkpt lat="53.373370" lon="10.231577">
        <ele>4.909882</ele>
        <time>2026-06-27T22:02:56.670Z</time>
      </trkpt>
      <trkpt lat="53.373266" lon="10.231105">
        <ele>4.992580</ele>
        <time>2026-06-27T22:03:01.342Z</time>
      </trkpt>
      <trkpt lat="53.372959" lon="10.229989">
        <ele>4.835590</ele>
        <time>2026-06-27T22:03:12.141Z</time>
      </trkpt>
      <trkpt lat="53.372835" lon="10.229618">
        <ele>4.731221</ele>
        <time>2026-06-27T22:03:15.593Z</time>
      </trkpt>
      <trkpt lat="53.372539" lon="10.228911">
        <ele>4.519240</ele>
        <time>2026-06-27T22:03:22.295Z</time>
      </trkpt>
      <trkpt lat="53.372112" lon="10.227952">
        <ele>4.218608</ele>
        <time>2026-06-27T22:03:31.390Z</time>
      </trkpt>
      <trkpt lat="53.372013" lon="10.227593">
        <ele>4.113626</ele>
        <time>2026-06-27T22:03:34.373Z</time>
      </trkpt>
      <trkpt lat="53.371810" lon="10.226438">
        <ele>3.794007</ele>
        <time>2026-06-27T22:03:43.795Z</time>
      </trkpt>
      <trkpt lat="53.371684" lon="10.225994">
        <ele>3.663495</ele>
        <time>2026-06-27T22:03:47.852Z</time>
      </trkpt>
      <trkpt lat="53.371582" lon="10.225789">
        <ele>3.592638</ele>
        <time>2026-06-27T22:03:50.127Z</time>
      </trkpt>
      <trkpt lat="53.371347" lon="10.225493">
        <ele>3.511308</ele>
        <time>2026-06-27T22:03:54.436Z</time>
      </trkpt>
      <trkpt lat="53.370858" lon="10.225148">
        <ele>3.515652</ele>
        <time>2026-06-27T22:04:02.525Z</time>
      </trkpt>
      <trkpt lat="53.370723" lon="10.225010">
        <ele>3.516946</ele>
        <time>2026-06-27T22:04:04.949Z</time>
      </trkpt>
      <trkpt lat="53.370517" lon="10.224726">
        <ele>3.519130</ele>
        <time>2026-06-27T22:04:08.878Z</time>
      </trkpt>
      <trkpt lat="53.370332" lon="10.224367">
        <ele>3.521447</ele>
        <time>2026-06-27T22:04:12.946Z</time>
      </trkpt>
      <trkpt lat="53.370321" lon="10.224340">
        <ele>3.521607</ele>
        <time>2026-06-27T22:04:13.228Z</time>
      </trkpt>
      <trkpt lat="53.370095" lon="10.223795">
        <ele>3.524849</ele>
        <time>2026-06-27T22:04:19.111Z</time>
      </trkpt>
      <trkpt lat="53.370050" lon="10.223675">
        <ele>3.532665</ele>
        <time>2026-06-27T22:04:20.382Z</time>
      </trkpt>
      <trkpt lat="53.369979" lon="10.223473">
        <ele>3.554136</ele>
        <time>2026-06-27T22:04:22.525Z</time>
      </trkpt>
      <trkpt lat="53.369899" lon="10.223247">
        <ele>3.578203</ele>
        <time>2026-06-27T22:04:24.941Z</time>
      </trkpt>
      <trkpt lat="53.369754" lon="10.222834">
        <ele>3.622091</ele>
        <time>2026-06-27T22:04:29.377Z</time>
      </trkpt>
      <trkpt lat="53.369330" lon="10.221573">
        <ele>3.754659</ele>
        <time>2026-06-27T22:04:42.817Z</time>
      </trkpt>
      <trkpt lat="53.368795" lon="10.220010">
        <ele>4.037623</ele>
        <time>2026-06-27T22:04:59.932Z</time>
      </trkpt>
      <trkpt lat="53.368415" lon="10.218849">
        <ele>4.279644</ele>
        <time>2026-06-27T22:05:12.607Z</time>
      </trkpt>
      <trkpt lat="53.368168" lon="10.218064">
        <ele>4.461376</ele>
        <time>2026-06-27T22:05:21.112Z</time>
      </trkpt>
      <trkpt lat="53.368088" lon="10.217823">
        <ele>4.522760</ele>
        <time>2026-06-27T22:05:23.768Z</time>
      </trkpt>
      <trkpt lat="53.367711" lon="10.216680">
        <ele>4.813457</ele>
        <time>2026-06-27T22:05:36.482Z</time>
      </trkpt>
      <trkpt lat="53.366856" lon="10.214090">
        <ele>5.462469</ele>
        <time>2026-06-27T22:06:05.367Z</time>
      </trkpt>
      <trkpt lat="53.366772" lon="10.213836">
        <ele>5.525694</ele>
        <time>2026-06-27T22:06:08.343Z</time>
      </trkpt>
      <trkpt lat="53.366704" lon="10.213632">
        <ele>5.576568</ele>
        <time>2026-06-27T22:06:10.720Z</time>
      </trkpt>
      <trkpt lat="53.366454" lon="10.212860">
        <ele>5.775892</ele>
        <time>2026-06-27T22:06:19.176Z</time>
      </trkpt>
      <trkpt lat="53.366294" lon="10.212368">
        <ele>5.909051</ele>
        <time>2026-06-27T22:06:24.117Z</time>
      </trkpt>
      <trkpt lat="53.366144" lon="10.211905">
        <ele>6.034253</ele>
        <time>2026-06-27T22:06:29.019Z</time>
      </trkpt>
      <trkpt lat="53.366070" lon="10.211674">
        <ele>6.096561</ele>
        <time>2026-06-27T22:06:31.686Z</time>
      </trkpt>
      <trkpt lat="53.365998" lon="10.211451">
        <ele>6.156817</ele>
        <time>2026-06-27T22:06:34.358Z</time>
      </trkpt>
      <trkpt lat="53.365737" lon="10.210685">
        <ele>6.366443</ele>
        <time>2026-06-27T22:06:43.381Z</time>
      </trkpt>
      <trkpt lat="53.365592" lon="10.210261">
        <ele>6.439759</ele>
        <time>2026-06-27T22:06:48.185Z</time>
      </trkpt>
      <trkpt lat="53.365568" lon="10.210192">
        <ele>6.449377</ele>
        <time>2026-06-27T22:06:48.977Z</time>
      </trkpt>
      <trkpt lat="53.365412" lon="10.209736">
        <ele>6.512677</ele>
        <time>2026-06-27T22:06:54.427Z</time>
      </trkpt>
      <trkpt lat="53.365219" lon="10.209210">
        <ele>6.587041</ele>
        <time>2026-06-27T22:07:02.567Z</time>
      </trkpt>
      <trkpt lat="53.365174" lon="10.209087">
        <ele>6.604416</ele>
        <time>2026-06-27T22:07:04.366Z</time>
      </trkpt>
      <trkpt lat="53.365114" lon="10.209147">
        <ele>6.618517</ele>
        <time>2026-06-27T22:07:05.887Z</time>
      </trkpt>
      <trkpt lat="53.364775" lon="10.209489">
        <ele>6.698375</ele>
        <time>2026-06-27T22:07:13.967Z</time>
      </trkpt>
      <trkpt lat="53.364652" lon="10.209564">
        <ele>6.724791</ele>
        <time>2026-06-27T22:07:16.455Z</time>
      </trkpt>
      <trkpt lat="53.364506" lon="10.209641">
        <ele>6.755682</ele>
        <time>2026-06-27T22:07:19.238Z</time>
      </trkpt>
      <trkpt lat="53.364147" lon="10.209703">
        <ele>6.768954</ele>
        <time>2026-06-27T22:07:25.999Z</time>
      </trkpt>
      <trkpt lat="53.363850" lon="10.209641">
        <ele>6.777774</ele>
        <time>2026-06-27T22:07:31.885Z</time>
      </trkpt>
      <trkpt lat="53.363418" lon="10.209556">
        <ele>6.790593</ele>
        <time>2026-06-27T22:07:40.371Z</time>
      </trkpt>
      <trkpt lat="53.363011" lon="10.209455">
        <ele>6.802718</ele>
        <time>2026-06-27T22:07:49.261Z</time>
      </trkpt>
      <trkpt lat="53.362954" lon="10.209440">
        <ele>6.804419</ele>
        <time>2026-06-27T22:07:50.570Z</time>
      </trkpt>
      <trkpt lat="53.362582" lon="10.209330">
        <ele>6.868955</ele>
        <time>2026-06-27T22:07:58.881Z</time>
      </trkpt>
      <trkpt lat="53.362328" lon="10.209206">
        <ele>6.987036</ele>
        <time>2026-06-27T22:08:04.643Z</time>
      </trkpt>
      <trkpt lat="53.362015" lon="10.208983">
        <ele>7.138840</ele>
        <time>2026-06-27T22:08:12.218Z</time>
      </trkpt>
      <trkpt lat="53.361715" lon="10.208758">
        <ele>7.285538</ele>
        <time>2026-06-27T22:08:19.434Z</time>
      </trkpt>
      <trkpt lat="53.361588" lon="10.208637">
        <ele>7.350744</ele>
        <time>2026-06-27T22:08:22.691Z</time>
      </trkpt>
      <trkpt lat="53.361419" lon="10.208458">
        <ele>7.439978</ele>
        <time>2026-06-27T22:08:27.124Z</time>
      </trkpt>
      <trkpt lat="53.361263" lon="10.208287">
        <ele>7.523179</ele>
        <time>2026-06-27T22:08:31.225Z</time>
      </trkpt>
      <trkpt lat="53.361155" lon="10.208161">
        <ele>7.581915</ele>
        <time>2026-06-27T22:08:34.066Z</time>
      </trkpt>
      <trkpt lat="53.361085" lon="10.208071">
        <ele>7.614274</ele>
        <time>2026-06-27T22:08:35.989Z</time>
      </trkpt>
      <trkpt lat="53.361009" lon="10.207973">
        <ele>7.612427</ele>
        <time>2026-06-27T22:08:38.068Z</time>
      </trkpt>
      <trkpt lat="53.360821" lon="10.207676">
        <ele>7.607450</ele>
        <time>2026-06-27T22:08:43.863Z</time>
      </trkpt>
      <trkpt lat="53.360780" lon="10.207607">
        <ele>7.606330</ele>
        <time>2026-06-27T22:08:45.191Z</time>
      </trkpt>
      <trkpt lat="53.360680" lon="10.207397">
        <ele>7.603242</ele>
        <time>2026-06-27T22:08:48.785Z</time>
      </trkpt>
      <trkpt lat="53.360604" lon="10.207151">
        <ele>7.600058</ele>
        <time>2026-06-27T22:08:52.448Z</time>
      </trkpt>
      <trkpt lat="53.360510" lon="10.206506">
        <ele>7.592425</ele>
        <time>2026-06-27T22:09:00.312Z</time>
      </trkpt>
      <trkpt lat="53.360501" lon="10.206290">
        <ele>7.589936</ele>
        <time>2026-06-27T22:09:02.049Z</time>
      </trkpt>
      <trkpt lat="53.360508" lon="10.206059">
        <ele>7.587277</ele>
        <time>2026-06-27T22:09:03.859Z</time>
      </trkpt>
      <trkpt lat="53.360504" lon="10.205791">
        <ele>7.584195</ele>
        <time>2026-06-27T22:09:05.898Z</time>
      </trkpt>
      <trkpt lat="53.360455" lon="10.205387">
        <ele>7.570644</ele>
        <time>2026-06-27T22:09:09.000Z</time>
      </trkpt>
      <trkpt lat="53.360423" lon="10.205222">
        <ele>7.530571</ele>
        <time>2026-06-27T22:09:10.321Z</time>
      </trkpt>
      <trkpt lat="53.360222" lon="10.204392">
        <ele>7.323678</ele>
        <time>2026-06-27T22:09:17.612Z</time>
      </trkpt>
      <trkpt lat="53.360072" lon="10.203979">
        <ele>7.212008</ele>
        <time>2026-06-27T22:09:21.390Z</time>
      </trkpt>
      <trkpt lat="53.359993" lon="10.203823">
        <ele>7.164751</ele>
        <time>2026-06-27T22:09:22.989Z</time>
      </trkpt>
      <trkpt lat="53.359941" lon="10.203746">
        <ele>7.137892</ele>
        <time>2026-06-27T22:09:23.873Z</time>
      </trkpt>
      <trkpt lat="53.359724" lon="10.203483">
        <ele>7.034239</ele>
        <time>2026-06-27T22:09:27.425Z</time>
      </trkpt>
      <trkpt lat="53.359522" lon="10.203298">
        <ele>6.945142</ele>
        <time>2026-06-27T22:09:30.573Z</time>
      </trkpt>
      <trkpt lat="53.359284" lon="10.203140">
        <ele>6.874666</ele>
        <time>2026-06-27T22:09:34.365Z</time>
      </trkpt>
      <trkpt lat="53.358950" lon="10.203038">
        <ele>6.842920</ele>
        <time>2026-06-27T22:09:39.906Z</time>
      </trkpt>
      <trkpt lat="53.358638" lon="10.203013">
        <ele>6.813713</ele>
        <time>2026-06-27T22:09:44.777Z</time>
      </trkpt>
      <trkpt lat="53.358416" lon="10.203035">
        <ele>6.792919</ele>
        <time>2026-06-27T22:09:47.867Z</time>
      </trkpt>
      <trkpt lat="53.358242" lon="10.203061">
        <ele>6.776584</ele>
        <time>2026-06-27T22:09:50.243Z</time>
      </trkpt>
      <trkpt lat="53.357867" lon="10.203115">
        <ele>6.741390</ele>
        <time>2026-06-27T22:09:55.414Z</time>
      </trkpt>
      <trkpt lat="53.357742" lon="10.203125">
        <ele>6.729689</ele>
        <time>2026-06-27T22:09:57.153Z</time>
      </trkpt>
      <trkpt lat="53.357693" lon="10.203119">
        <ele>6.725095</ele>
        <time>2026-06-27T22:09:57.843Z</time>
      </trkpt>
      <trkpt lat="53.357361" lon="10.203076">
        <ele>6.691472</ele>
        <time>2026-06-27T22:10:02.708Z</time>
      </trkpt>
      <trkpt lat="53.357145" lon="10.203071">
        <ele>6.668951</ele>
        <time>2026-06-27T22:10:06.211Z</time>
      </trkpt>
      <trkpt lat="53.356887" lon="10.203149">
        <ele>6.641620</ele>
        <time>2026-06-27T22:10:10.191Z</time>
      </trkpt>
      <trkpt lat="53.356476" lon="10.203457">
        <ele>6.594682</ele>
        <time>2026-06-27T22:10:16.377Z</time>
      </trkpt>
      <trkpt lat="53.356173" lon="10.203710">
        <ele>6.559389</ele>
        <time>2026-06-27T22:10:21.177Z</time>
      </trkpt>
      <trkpt lat="53.355941" lon="10.203948">
        <ele>6.531029</ele>
        <time>2026-06-27T22:10:25.206Z</time>
      </trkpt>
      <trkpt lat="53.355742" lon="10.204212">
        <ele>6.528921</ele>
        <time>2026-06-27T22:10:28.999Z</time>
      </trkpt>
      <trkpt lat="53.355186" lon="10.205039">
        <ele>6.531683</ele>
        <time>2026-06-27T22:10:39.953Z</time>
      </trkpt>
      <trkpt lat="53.354730" lon="10.205623">
        <ele>6.533816</ele>
        <time>2026-06-27T22:10:48.255Z</time>
      </trkpt>
      <trkpt lat="53.354458" lon="10.205905">
        <ele>6.543856</ele>
        <time>2026-06-27T22:10:53.241Z</time>
      </trkpt>
      <trkpt lat="53.354080" lon="10.206210">
        <ele>6.603231</ele>
        <time>2026-06-27T22:10:59.683Z</time>
      </trkpt>
      <trkpt lat="53.353526" lon="10.206521">
        <ele>6.685916</ele>
        <time>2026-06-27T22:11:08.496Z</time>
      </trkpt>
      <trkpt lat="53.353138" lon="10.206652">
        <ele>6.741929</ele>
        <time>2026-06-27T22:11:14.632Z</time>
      </trkpt>
      <trkpt lat="53.352583" lon="10.206839">
        <ele>6.915978</ele>
        <time>2026-06-27T22:11:23.643Z</time>
      </trkpt>
      <trkpt lat="53.352389" lon="10.206905">
        <ele>7.024376</ele>
        <time>2026-06-27T22:11:26.813Z</time>
      </trkpt>
      <trkpt lat="53.352276" lon="10.206943">
        <ele>7.087486</ele>
        <time>2026-06-27T22:11:28.700Z</time>
      </trkpt>
      <trkpt lat="53.351731" lon="10.207126">
        <ele>7.391849</ele>
        <time>2026-06-27T22:11:38.174Z</time>
      </trkpt>
      <trkpt lat="53.351529" lon="10.207196">
        <ele>7.504801</ele>
        <time>2026-06-27T22:11:41.829Z</time>
      </trkpt>
      <trkpt lat="53.351492" lon="10.207209">
        <ele>7.525502</ele>
        <time>2026-06-27T22:11:42.508Z</time>
      </trkpt>
      <trkpt lat="53.351241" lon="10.207292">
        <ele>7.665595</ele>
        <time>2026-06-27T22:11:47.232Z</time>
      </trkpt>
      <trkpt lat="53.351061" lon="10.207347">
        <ele>7.765784</ele>
        <time>2026-06-27T22:11:50.555Z</time>
      </trkpt>
      <trkpt lat="53.350229" lon="10.207437">
        <ele>7.946662</ele>
        <time>2026-06-27T22:12:04.878Z</time>
      </trkpt>
      <trkpt lat="53.349827" lon="10.207472">
        <ele>8.031494</ele>
        <time>2026-06-27T22:12:11.023Z</time>
      </trkpt>
      <trkpt lat="53.349537" lon="10.207431">
        <ele>8.092826</ele>
        <time>2026-06-27T22:12:15.234Z</time>
      </trkpt>
      <trkpt lat="53.349009" lon="10.207209">
        <ele>8.107366</ele>
        <time>2026-06-27T22:12:22.558Z</time>
      </trkpt>
      <trkpt lat="53.348512" lon="10.206975">
        <ele>8.015446</ele>
        <time>2026-06-27T22:12:29.407Z</time>
      </trkpt>
      <trkpt lat="53.348099" lon="10.206782">
        <ele>7.939102</ele>
        <time>2026-06-27T22:12:35.555Z</time>
      </trkpt>
      <trkpt lat="53.347805" lon="10.206644">
        <ele>7.884739</ele>
        <time>2026-06-27T22:12:40.201Z</time>
      </trkpt>
      <trkpt lat="53.346656" lon="10.206106">
        <ele>7.980535</ele>
        <time>2026-06-27T22:12:58.396Z</time>
      </trkpt>
      <trkpt lat="53.346027" lon="10.205811">
        <ele>8.087328</ele>
        <time>2026-06-27T22:13:08.597Z</time>
      </trkpt>
      <trkpt lat="53.345606" lon="10.205614">
        <ele>8.157181</ele>
        <time>2026-06-27T22:13:15.489Z</time>
      </trkpt>
      <trkpt lat="53.345486" lon="10.205557">
        <ele>8.176537</ele>
        <time>2026-06-27T22:13:17.450Z</time>
      </trkpt>
      <trkpt lat="53.345269" lon="10.205456">
        <ele>8.211486</ele>
        <time>2026-06-27T22:13:20.915Z</time>
      </trkpt>
      <trkpt lat="53.345013" lon="10.205336">
        <ele>8.252738</ele>
        <time>2026-06-27T22:13:25.030Z</time>
      </trkpt>
      <trkpt lat="53.344794" lon="10.205233">
        <ele>8.288036</ele>
        <time>2026-06-27T22:13:28.660Z</time>
      </trkpt>
      <trkpt lat="53.344596" lon="10.205141">
        <ele>8.319922</ele>
        <time>2026-06-27T22:13:31.957Z</time>
      </trkpt>
      <trkpt lat="53.344362" lon="10.205031">
        <ele>8.357636</ele>
        <time>2026-06-27T22:13:35.746Z</time>
      </trkpt>
      <trkpt lat="53.344008" lon="10.204865">
        <ele>8.402859</ele>
        <time>2026-06-27T22:13:41.340Z</time>
      </trkpt>
      <trkpt lat="53.343951" lon="10.204838">
        <ele>8.399278</ele>
        <time>2026-06-27T22:13:42.214Z</time>
      </trkpt>
      <trkpt lat="53.343511" lon="10.204632">
        <ele>8.371657</ele>
        <time>2026-06-27T22:13:48.656Z</time>
      </trkpt>
      <trkpt lat="53.343077" lon="10.204429">
        <ele>8.344415</ele>
        <time>2026-06-27T22:13:54.919Z</time>
      </trkpt>
      <trkpt lat="53.342449" lon="10.204135">
        <ele>8.304993</ele>
        <time>2026-06-27T22:14:04.463Z</time>
      </trkpt>
      <trkpt lat="53.342052" lon="10.203953">
        <ele>8.334281</ele>
        <time>2026-06-27T22:14:10.768Z</time>
      </trkpt>
      <trkpt lat="53.341775" lon="10.203825">
        <ele>8.371231</ele>
        <time>2026-06-27T22:14:15.328Z</time>
      </trkpt>
      <trkpt lat="53.341296" lon="10.203604">
        <ele>8.435119</ele>
        <time>2026-06-27T22:14:22.942Z</time>
      </trkpt>
      <trkpt lat="53.340834" lon="10.203390">
        <ele>8.496757</ele>
        <time>2026-06-27T22:14:30.107Z</time>
      </trkpt>
      <trkpt lat="53.340324" lon="10.203154">
        <ele>8.684384</ele>
        <time>2026-06-27T22:14:38.200Z</time>
      </trkpt>
      <trkpt lat="53.339422" lon="10.202736">
        <ele>9.203667</ele>
        <time>2026-06-27T22:14:54.811Z</time>
      </trkpt>
      <trkpt lat="53.339143" lon="10.202607">
        <ele>9.364262</ele>
        <time>2026-06-27T22:14:59.926Z</time>
      </trkpt>
      <trkpt lat="53.339032" lon="10.202556">
        <ele>9.428127</ele>
        <time>2026-06-27T22:15:01.987Z</time>
      </trkpt>
      <trkpt lat="53.338992" lon="10.202537">
        <ele>9.451196</ele>
        <time>2026-06-27T22:15:02.675Z</time>
      </trkpt>
      <trkpt lat="53.338322" lon="10.202227">
        <ele>9.461013</ele>
        <time>2026-06-27T22:15:14.496Z</time>
      </trkpt>
      <trkpt lat="53.337232" lon="10.201723">
        <ele>9.328130</ele>
        <time>2026-06-27T22:15:29.517Z</time>
      </trkpt>
      <trkpt lat="53.337019" lon="10.201624">
        <ele>9.316602</ele>
        <time>2026-06-27T22:15:32.488Z</time>
      </trkpt>
      <trkpt lat="53.336630" lon="10.201444">
        <ele>9.321146</ele>
        <time>2026-06-27T22:15:38.128Z</time>
      </trkpt>
      <trkpt lat="53.335929" lon="10.201120">
        <ele>9.329334</ele>
        <time>2026-06-27T22:15:49.296Z</time>
      </trkpt>
      <trkpt lat="53.335208" lon="10.200785">
        <ele>9.381564</ele>
        <time>2026-06-27T22:16:00.969Z</time>
      </trkpt>
      <trkpt lat="53.333864" lon="10.200164">
        <ele>9.714411</ele>
        <time>2026-06-27T22:16:22.692Z</time>
      </trkpt>
      <trkpt lat="53.333674" lon="10.200052">
        <ele>9.762498</ele>
        <time>2026-06-27T22:16:25.903Z</time>
      </trkpt>
      <trkpt lat="53.333498" lon="10.199900">
        <ele>9.868965</ele>
        <time>2026-06-27T22:16:29.136Z</time>
      </trkpt>
      <trkpt lat="53.332203" lon="10.198521">
        <ele>10.719539</ele>
        <time>2026-06-27T22:16:55.565Z</time>
      </trkpt>
      <trkpt lat="53.332175" lon="10.198493">
        <ele>10.737614</ele>
        <time>2026-06-27T22:16:56.145Z</time>
      </trkpt>
      <trkpt lat="53.331859" lon="10.198218">
        <ele>10.804853</ele>
        <time>2026-06-27T22:17:02.500Z</time>
      </trkpt>
      <trkpt lat="53.331492" lon="10.198135">
        <ele>10.855810</ele>
        <time>2026-06-27T22:17:08.760Z</time>
      </trkpt>
      <trkpt lat="53.330920" lon="10.197971">
        <ele>10.935660</ele>
        <time>2026-06-27T22:17:17.482Z</time>
      </trkpt>
      <trkpt lat="53.330742" lon="10.197845">
        <ele>10.962251</ele>
        <time>2026-06-27T22:17:20.356Z</time>
      </trkpt>
      <trkpt lat="53.330639" lon="10.197712">
        <ele>10.980148</ele>
        <time>2026-06-27T22:17:22.227Z</time>
      </trkpt>
      <trkpt lat="53.330483" lon="10.197358">
        <ele>10.971986</ele>
        <time>2026-06-27T22:17:25.758Z</time>
      </trkpt>
      <trkpt lat="53.330390" lon="10.196984">
        <ele>10.792638</ele>
        <time>2026-06-27T22:17:28.848Z</time>
      </trkpt>
      <trkpt lat="53.330245" lon="10.196356">
        <ele>10.494568</ele>
        <time>2026-06-27T22:17:34.126Z</time>
      </trkpt>
      <trkpt lat="53.330038" lon="10.195449">
        <ele>10.064716</ele>
        <time>2026-06-27T22:17:41.426Z</time>
      </trkpt>
      <trkpt lat="53.329967" lon="10.195137">
        <ele>9.916905</ele>
        <time>2026-06-27T22:17:43.946Z</time>
      </trkpt>
      <trkpt lat="53.329920" lon="10.194928">
        <ele>9.818037</ele>
        <time>2026-06-27T22:17:45.599Z</time>
      </trkpt>
      <trkpt lat="53.329662" lon="10.193794">
        <ele>9.253636</ele>
        <time>2026-06-27T22:17:54.255Z</time>
      </trkpt>
      <trkpt lat="53.329482" lon="10.193056">
        <ele>8.876453</ele>
        <time>2026-06-27T22:18:00.159Z</time>
      </trkpt>
      <trkpt lat="53.329356" lon="10.192585">
        <ele>8.632262</ele>
        <time>2026-06-27T22:18:03.936Z</time>
      </trkpt>
      <trkpt lat="53.329104" lon="10.191798">
        <ele>8.256396</ele>
        <time>2026-06-27T22:18:10.925Z</time>
      </trkpt>
      <trkpt lat="53.328987" lon="10.191467">
        <ele>8.279997</ele>
        <time>2026-06-27T22:18:14.227Z</time>
      </trkpt>
      <trkpt lat="53.327913" lon="10.188498">
        <ele>8.558825</ele>
        <time>2026-06-27T22:18:47.230Z</time>
      </trkpt>
      <trkpt lat="53.327606" lon="10.187797">
        <ele>8.673610</ele>
        <time>2026-06-27T22:18:55.341Z</time>
      </trkpt>
      <trkpt lat="53.327345" lon="10.187318">
        <ele>8.759230</ele>
        <time>2026-06-27T22:19:01.377Z</time>
      </trkpt>
      <trkpt lat="53.327169" lon="10.187019">
        <ele>8.814666</ele>
        <time>2026-06-27T22:19:05.265Z</time>
      </trkpt>
      <trkpt lat="53.326808" lon="10.186507">
        <ele>8.931877</ele>
        <time>2026-06-27T22:19:12.617Z</time>
      </trkpt>
      <trkpt lat="53.326376" lon="10.186040">
        <ele>9.062287</ele>
        <time>2026-06-27T22:19:20.724Z</time>
      </trkpt>
      <trkpt lat="53.326099" lon="10.185796">
        <ele>9.141665</ele>
        <time>2026-06-27T22:19:25.728Z</time>
      </trkpt>
      <trkpt lat="53.325558" lon="10.185420">
        <ele>9.290365</ele>
        <time>2026-06-27T22:19:35.074Z</time>
      </trkpt>
      <trkpt lat="53.324264" lon="10.184764">
        <ele>9.724580</ele>
        <time>2026-06-27T22:19:56.585Z</time>
      </trkpt>
      <trkpt lat="53.323707" lon="10.184442">
        <ele>9.903007</ele>
        <time>2026-06-27T22:20:06.365Z</time>
      </trkpt>
      <trkpt lat="53.323302" lon="10.184107">
        <ele>10.014330</ele>
        <time>2026-06-27T22:20:13.864Z</time>
      </trkpt>
      <trkpt lat="53.323062" lon="10.183846">
        <ele>10.084856</ele>
        <time>2026-06-27T22:20:18.420Z</time>
      </trkpt>
      <trkpt lat="53.322725" lon="10.183477">
        <ele>10.184089</ele>
        <time>2026-06-27T22:20:24.648Z</time>
      </trkpt>
      <trkpt lat="53.322513" lon="10.183212">
        <ele>10.249289</ele>
        <time>2026-06-27T22:20:28.718Z</time>
      </trkpt>
      <trkpt lat="53.322009" lon="10.182512">
        <ele>10.405202</ele>
        <time>2026-06-27T22:20:38.598Z</time>
      </trkpt>
      <trkpt lat="53.320070" lon="10.179630">
        <ele>11.252191</ele>
        <time>2026-06-27T22:21:20.061Z</time>
      </trkpt>
      <trkpt lat="53.318962" lon="10.177980">
        <ele>12.030467</ele>
        <time>2026-06-27T22:21:46.175Z</time>
      </trkpt>
      <trkpt lat="53.318300" lon="10.176985">
        <ele>12.551224</ele>
        <time>2026-06-27T22:22:01.125Z</time>
      </trkpt>
      <trkpt lat="53.314358" lon="10.171060">
        <ele>14.719827</ele>
        <time>2026-06-27T22:23:27.600Z</time>
      </trkpt>
      <trkpt lat="53.313215" lon="10.169342">
        <ele>16.154701</ele>
        <time>2026-06-27T22:23:57.473Z</time>
      </trkpt>
      <trkpt lat="53.311810" lon="10.167223">
        <ele>17.580006</ele>
        <time>2026-06-27T22:24:30.721Z</time>
      </trkpt>
      <trkpt lat="53.311586" lon="10.166773">
        <ele>17.838978</ele>
        <time>2026-06-27T22:24:36.592Z</time>
      </trkpt>
      <trkpt lat="53.311575" lon="10.166579">
        <ele>17.949938</ele>
        <time>2026-06-27T22:24:38.584Z</time>
      </trkpt>
      <trkpt lat="53.311546" lon="10.166520">
        <ele>17.993440</ele>
        <time>2026-06-27T22:24:39.396Z</time>
      </trkpt>
      <trkpt lat="53.311464" lon="10.166460">
        <ele>18.078729</ele>
        <time>2026-06-27T22:24:40.947Z</time>
      </trkpt>
      <trkpt lat="53.311400" lon="10.166476">
        <ele>18.140399</ele>
        <time>2026-06-27T22:24:42.137Z</time>
      </trkpt>
      <trkpt lat="53.311319" lon="10.166389">
        <ele>18.232122</ele>
        <time>2026-06-27T22:24:43.831Z</time>
      </trkpt>
      <trkpt lat="53.311096" lon="10.166149">
        <ele>18.484791</ele>
        <time>2026-06-27T22:24:48.691Z</time>
      </trkpt>
      <trkpt lat="53.310556" lon="10.165347">
        <ele>19.172824</ele>
        <time>2026-06-27T22:25:02.356Z</time>
      </trkpt>
      <trkpt lat="53.309740" lon="10.164113">
        <ele>20.246106</ele>
        <time>2026-06-27T22:25:24.683Z</time>
      </trkpt>
      <trkpt lat="53.309373" lon="10.163653">
        <ele>20.698299</ele>
        <time>2026-06-27T22:25:33.289Z</time>
      </trkpt>
      <trkpt lat="53.308111" lon="10.162619">
        <ele>21.180166</ele>
        <time>2026-06-27T22:25:56.841Z</time>
      </trkpt>
      <trkpt lat="53.304488" lon="10.159712">
        <ele>19.917411</ele>
        <time>2026-06-27T22:26:52.301Z</time>
      </trkpt>
      <trkpt lat="53.304321" lon="10.159620">
        <ele>19.782577</ele>
        <time>2026-06-27T22:26:54.386Z</time>
      </trkpt>
      <trkpt lat="53.302821" lon="10.159202">
        <ele>17.834777</ele>
        <time>2026-06-27T22:27:11.252Z</time>
      </trkpt>
      <trkpt lat="53.302269" lon="10.159049">
        <ele>17.022747</ele>
        <time>2026-06-27T22:27:17.871Z</time>
      </trkpt>
      <trkpt lat="53.302160" lon="10.159019">
        <ele>16.893368</ele>
        <time>2026-06-27T22:27:19.273Z</time>
      </trkpt>
      <trkpt lat="53.301662" lon="10.158883">
        <ele>17.327250</ele>
        <time>2026-06-27T22:27:26.357Z</time>
      </trkpt>
      <trkpt lat="53.301204" lon="10.158757">
        <ele>17.726359</ele>
        <time>2026-06-27T22:27:34.607Z</time>
      </trkpt>
      <trkpt lat="53.300597" lon="10.158574">
        <ele>18.256706</ele>
        <time>2026-06-27T22:27:48.347Z</time>
      </trkpt>
      <trkpt lat="53.300347" lon="10.158418">
        <ele>18.548095</ele>
        <time>2026-06-27T22:27:54.496Z</time>
      </trkpt>
      <trkpt lat="53.300183" lon="10.158256">
        <ele>18.887788</ele>
        <time>2026-06-27T22:27:58.926Z</time>
      </trkpt>
      <trkpt lat="53.300001" lon="10.158003">
        <ele>19.309828</ele>
        <time>2026-06-27T22:28:04.428Z</time>
      </trkpt>
      <trkpt lat="53.299463" lon="10.157016">
        <ele>20.733849</ele>
        <time>2026-06-27T22:28:22.650Z</time>
      </trkpt>
      <trkpt lat="53.298596" lon="10.155415">
        <ele>22.687340</ele>
        <time>2026-06-27T22:28:48.431Z</time>
      </trkpt>
      <trkpt lat="53.298112" lon="10.154540">
        <ele>23.640985</ele>
        <time>2026-06-27T22:29:02.590Z</time>
      </trkpt>
      <trkpt lat="53.297991" lon="10.154390">
        <ele>23.842530</ele>
        <time>2026-06-27T22:29:05.696Z</time>
      </trkpt>
      <trkpt lat="53.297867" lon="10.154293">
        <ele>24.025728</ele>
        <time>2026-06-27T22:29:08.676Z</time>
      </trkpt>
      <trkpt lat="53.296968" lon="10.154085">
        <ele>24.660960</ele>
        <time>2026-06-27T22:29:26.553Z</time>
      </trkpt>
      <trkpt lat="53.296815" lon="10.154128">
        <ele>24.768046</ele>
        <time>2026-06-27T22:29:29.232Z</time>
      </trkpt>
      <trkpt lat="53.296776" lon="10.153932">
        <ele>24.853266</ele>
        <time>2026-06-27T22:29:31.282Z</time>
      </trkpt>
      <trkpt lat="53.296766" lon="10.153690">
        <ele>24.953338</ele>
        <time>2026-06-27T22:29:33.619Z</time>
      </trkpt>
      <trkpt lat="53.296857" lon="10.152417">
        <ele>25.268722</ele>
        <time>2026-06-27T22:29:44.901Z</time>
      </trkpt>
      <trkpt lat="53.296841" lon="10.152257">
        <ele>25.263052</ele>
        <time>2026-06-27T22:29:46.172Z</time>
      </trkpt>
      <trkpt lat="53.296750" lon="10.151976">
        <ele>25.251882</ele>
        <time>2026-06-27T22:29:48.642Z</time>
      </trkpt>
      <trkpt lat="53.296623" lon="10.151741">
        <ele>25.240808</ele>
        <time>2026-06-27T22:29:51.128Z</time>
      </trkpt>
      <trkpt lat="53.294895" lon="10.148528">
        <ele>25.404157</ele>
        <time>2026-06-27T22:30:30.304Z</time>
      </trkpt>
      <trkpt lat="53.294520" lon="10.147823">
        <ele>25.603356</ele>
        <time>2026-06-27T22:30:39.482Z</time>
      </trkpt>
      <trkpt lat="53.294156" lon="10.147149">
        <ele>25.886078</ele>
        <time>2026-06-27T22:30:48.974Z</time>
      </trkpt>
      <trkpt lat="53.293992" lon="10.146819">
        <ele>26.019652</ele>
        <time>2026-06-27T22:30:53.611Z</time>
      </trkpt>
      <trkpt lat="53.293804" lon="10.146115">
        <ele>26.259641</ele>
        <time>2026-06-27T22:31:01.799Z</time>
      </trkpt>
      <trkpt lat="53.293703" lon="10.145933">
        <ele>26.336938</ele>
        <time>2026-06-27T22:31:04.184Z</time>
      </trkpt>
      <trkpt lat="53.293503" lon="10.145780">
        <ele>26.418609</ele>
        <time>2026-06-27T22:31:07.795Z</time>
      </trkpt>
      <trkpt lat="53.293617" lon="10.145533">
        <ele>26.472809</ele>
        <time>2026-06-27T22:31:10.725Z</time>
      </trkpt>
      <trkpt lat="53.293779" lon="10.145266">
        <ele>26.538887</ele>
        <time>2026-06-27T22:31:14.293Z</time>
      </trkpt>
      <trkpt lat="53.293953" lon="10.145004">
        <ele>26.606908</ele>
        <time>2026-06-27T22:31:17.809Z</time>
      </trkpt>
      <trkpt lat="53.293996" lon="10.144939">
        <ele>26.623748</ele>
        <time>2026-06-27T22:31:18.721Z</time>
      </trkpt>
      <trkpt lat="53.294111" lon="10.144771">
        <ele>26.668110</ele>
        <time>2026-06-27T22:31:21.079Z</time>
      </trkpt>
      <trkpt lat="53.294093" lon="10.144742">
        <ele>26.675371</ele>
        <time>2026-06-27T22:31:21.601Z</time>
      </trkpt>
      <trkpt lat="53.294002" lon="10.144597">
        <ele>26.711887</ele>
        <time>2026-06-27T22:31:24.202Z</time>
      </trkpt>
      <trkpt lat="53.294102" lon="10.144420">
        <ele>26.754187</ele>
        <time>2026-06-27T22:31:27.219Z</time>
      </trkpt>
      <trkpt lat="53.294173" lon="10.144296">
        <ele>26.784011</ele>
        <time>2026-06-27T22:31:29.331Z</time>
      </trkpt>
      <trkpt lat="53.294102" lon="10.144420">
        <ele>26.813834</ele>
        <time>2026-06-27T22:31:31.367Z</time>
      </trkpt>
      <trkpt lat="53.294002" lon="10.144597">
        <ele>26.856135</ele>
        <time>2026-06-27T22:31:34.303Z</time>
      </trkpt>
      <trkpt lat="53.294093" lon="10.144742">
        <ele>26.892651</ele>
        <time>2026-06-27T22:31:36.902Z</time>
      </trkpt>
      <trkpt lat="53.294111" lon="10.144771">
        <ele>26.900171</ele>
        <time>2026-06-27T22:31:37.426Z</time>
      </trkpt>
      <trkpt lat="53.293996" lon="10.144939">
        <ele>27.032433</ele>
        <time>2026-06-27T22:31:39.932Z</time>
      </trkpt>
      <trkpt lat="53.293953" lon="10.145004">
        <ele>27.082639</ele>
        <time>2026-06-27T22:31:40.942Z</time>
      </trkpt>
      <trkpt lat="53.293779" lon="10.145266">
        <ele>27.285439</ele>
        <time>2026-06-27T22:31:45.372Z</time>
      </trkpt>
      <trkpt lat="53.293617" lon="10.145533">
        <ele>27.482446</ele>
        <time>2026-06-27T22:31:49.859Z</time>
      </trkpt>
      <trkpt lat="53.293503" lon="10.145780">
        <ele>27.644039</ele>
        <time>2026-06-27T22:31:53.569Z</time>
      </trkpt>
      <trkpt lat="53.293355" lon="10.145666">
        <ele>27.785191</ele>
        <time>2026-06-27T22:31:56.740Z</time>
      </trkpt>
      <trkpt lat="53.293066" lon="10.145272">
        <ele>28.108160</ele>
        <time>2026-06-27T22:32:03.934Z</time>
      </trkpt>
      <trkpt lat="53.292907" lon="10.145056">
        <ele>28.285598</ele>
        <time>2026-06-27T22:32:07.702Z</time>
      </trkpt>
      <trkpt lat="53.292590" lon="10.144594">
        <ele>28.564123</ele>
        <time>2026-06-27T22:32:15.417Z</time>
      </trkpt>
      <trkpt lat="53.290091" lon="10.140972">
        <ele>30.286797</ele>
        <time>2026-06-27T22:33:09.453Z</time>
      </trkpt>
      <trkpt lat="53.289448" lon="10.140034">
        <ele>31.796449</ele>
        <time>2026-06-27T22:33:27.421Z</time>
      </trkpt>
      <trkpt lat="53.288605" lon="10.138815">
        <ele>33.824314</ele>
        <time>2026-06-27T22:33:54.906Z</time>
      </trkpt>
      <trkpt lat="53.288265" lon="10.138315">
        <ele>34.384812</ele>
        <time>2026-06-27T22:34:05.628Z</time>
      </trkpt>
      <trkpt lat="53.285423" lon="10.134190">
        <ele>37.045649</ele>
        <time>2026-06-27T22:35:11.451Z</time>
      </trkpt>
      <trkpt lat="53.285099" lon="10.133822">
        <ele>37.009152</ele>
        <time>2026-06-27T22:35:16.644Z</time>
      </trkpt>
      <trkpt lat="53.284615" lon="10.133352">
        <ele>36.956996</ele>
        <time>2026-06-27T22:35:23.854Z</time>
      </trkpt>
      <trkpt lat="53.283895" lon="10.132649">
        <ele>36.914559</ele>
        <time>2026-06-27T22:35:34.781Z</time>
      </trkpt>
      <trkpt lat="53.283499" lon="10.132268">
        <ele>36.894870</ele>
        <time>2026-06-27T22:35:41.580Z</time>
      </trkpt>
      <trkpt lat="53.283342" lon="10.132117">
        <ele>36.887065</ele>
        <time>2026-06-27T22:35:44.374Z</time>
      </trkpt>
      <trkpt lat="53.281492" lon="10.130323">
        <ele>37.919776</ele>
        <time>2026-06-27T22:36:21.133Z</time>
      </trkpt>
      <trkpt lat="53.280908" lon="10.129762">
        <ele>38.384315</ele>
        <time>2026-06-27T22:36:33.727Z</time>
      </trkpt>
      <trkpt lat="53.279847" lon="10.128732">
        <ele>39.247014</ele>
        <time>2026-06-27T22:36:55.533Z</time>
      </trkpt>
      <trkpt lat="53.279792" lon="10.128676">
        <ele>39.267171</ele>
        <time>2026-06-27T22:36:56.567Z</time>
      </trkpt>
      <trkpt lat="53.278781" lon="10.127701">
        <ele>39.487845</ele>
        <time>2026-06-27T22:37:14.423Z</time>
      </trkpt>
      <trkpt lat="53.277983" lon="10.126931">
        <ele>39.509822</ele>
        <time>2026-06-27T22:37:28.512Z</time>
      </trkpt>
      <trkpt lat="53.276838" lon="10.125802">
        <ele>39.163483</ele>
        <time>2026-06-27T22:37:47.713Z</time>
      </trkpt>
      <trkpt lat="53.276813" lon="10.125777">
        <ele>39.155894</ele>
        <time>2026-06-27T22:37:48.092Z</time>
      </trkpt>
      <trkpt lat="53.275282" lon="10.124319">
        <ele>37.036852</ele>
        <time>2026-06-27T22:38:08.545Z</time>
      </trkpt>
      <trkpt lat="53.274725" lon="10.123892">
        <ele>36.489609</ele>
        <time>2026-06-27T22:38:15.703Z</time>
      </trkpt>
      <trkpt lat="53.273826" lon="10.123212">
        <ele>35.714344</ele>
        <time>2026-06-27T22:38:28.163Z</time>
      </trkpt>
      <trkpt lat="53.273727" lon="10.123138">
        <ele>35.629140</ele>
        <time>2026-06-27T22:38:29.608Z</time>
      </trkpt>
      <trkpt lat="53.272247" lon="10.122021">
        <ele>35.560279</ele>
        <time>2026-06-27T22:38:54.188Z</time>
      </trkpt>
      <trkpt lat="53.271452" lon="10.121458">
        <ele>35.667081</ele>
        <time>2026-06-27T22:39:07.766Z</time>
      </trkpt>
      <trkpt lat="53.270174" lon="10.120756">
        <ele>35.887067</ele>
        <time>2026-06-27T22:39:28.421Z</time>
      </trkpt>
      <trkpt lat="53.269927" lon="10.120621">
        <ele>36.004965</ele>
        <time>2026-06-27T22:39:32.581Z</time>
      </trkpt>
      <trkpt lat="53.267950" lon="10.119523">
        <ele>36.689780</ele>
        <time>2026-06-27T22:40:07.949Z</time>
      </trkpt>
      <trkpt lat="53.267588" lon="10.119326">
        <ele>36.682326</ele>
        <time>2026-06-27T22:40:13.997Z</time>
      </trkpt>
      <trkpt lat="53.265503" lon="10.118166">
        <ele>35.899424</ele>
        <time>2026-06-27T22:40:42.925Z</time>
      </trkpt>
      <trkpt lat="53.265336" lon="10.118050">
        <ele>35.795246</ele>
        <time>2026-06-27T22:40:45.161Z</time>
      </trkpt>
      <trkpt lat="53.265198" lon="10.117884">
        <ele>35.697309</ele>
        <time>2026-06-27T22:40:47.297Z</time>
      </trkpt>
      <trkpt lat="53.265072" lon="10.117668">
        <ele>35.647635</ele>
        <time>2026-06-27T22:40:49.592Z</time>
      </trkpt>
      <trkpt lat="53.264976" lon="10.117412">
        <ele>35.701314</ele>
        <time>2026-06-27T22:40:51.930Z</time>
      </trkpt>
      <trkpt lat="53.264861" lon="10.116945">
        <ele>35.791036</ele>
        <time>2026-06-27T22:40:55.933Z</time>
      </trkpt>
      <trkpt lat="53.264831" lon="10.116761">
        <ele>35.824918</ele>
        <time>2026-06-27T22:40:57.493Z</time>
      </trkpt>
      <trkpt lat="53.264648" lon="10.115416">
        <ele>36.069970</ele>
        <time>2026-06-27T22:41:11.011Z</time>
      </trkpt>
      <trkpt lat="53.264509" lon="10.114900">
        <ele>36.192338</ele>
        <time>2026-06-27T22:41:18.208Z</time>
      </trkpt>
      <trkpt lat="53.264411" lon="10.114674">
        <ele>36.394410</ele>
        <time>2026-06-27T22:41:21.918Z</time>
      </trkpt>
      <trkpt lat="53.264373" lon="10.114587">
        <ele>36.472394</ele>
        <time>2026-06-27T22:41:23.336Z</time>
      </trkpt>
      <trkpt lat="53.264052" lon="10.114057">
        <ele>37.018410</ele>
        <time>2026-06-27T22:41:33.016Z</time>
      </trkpt>
      <trkpt lat="53.263731" lon="10.113586">
        <ele>37.535310</ele>
        <time>2026-06-27T22:41:41.766Z</time>
      </trkpt>
      <trkpt lat="53.263555" lon="10.113245">
        <ele>37.861362</ele>
        <time>2026-06-27T22:41:47.000Z</time>
      </trkpt>
      <trkpt lat="53.263368" lon="10.112721">
        <ele>38.303079</ele>
        <time>2026-06-27T22:41:53.683Z</time>
      </trkpt>
      <trkpt lat="53.263243" lon="10.112127">
        <ele>38.514002</ele>
        <time>2026-06-27T22:41:59.895Z</time>
      </trkpt>
      <trkpt lat="53.263217" lon="10.111788">
        <ele>38.616673</ele>
        <time>2026-06-27T22:42:02.838Z</time>
      </trkpt>
      <trkpt lat="53.263217" lon="10.111519">
        <ele>38.697483</ele>
        <time>2026-06-27T22:42:05.124Z</time>
      </trkpt>
      <trkpt lat="53.263243" lon="10.111121">
        <ele>38.817755</ele>
        <time>2026-06-27T22:42:08.626Z</time>
      </trkpt>
      <trkpt lat="53.263318" lon="10.110559">
        <ele>38.990734</ele>
        <time>2026-06-27T22:42:14.001Z</time>
      </trkpt>
      <trkpt lat="53.263397" lon="10.110007">
        <ele>39.161238</ele>
        <time>2026-06-27T22:42:20.011Z</time>
      </trkpt>
      <trkpt lat="53.263416" lon="10.109754">
        <ele>39.237837</ele>
        <time>2026-06-27T22:42:22.974Z</time>
      </trkpt>
      <trkpt lat="53.263428" lon="10.109493">
        <ele>39.420929</ele>
        <time>2026-06-27T22:42:26.095Z</time>
      </trkpt>
      <trkpt lat="53.263394" lon="10.109086">
        <ele>39.721366</ele>
        <time>2026-06-27T22:42:31.193Z</time>
      </trkpt>
      <trkpt lat="53.263382" lon="10.108990">
        <ele>39.793066</ele>
        <time>2026-06-27T22:42:32.483Z</time>
      </trkpt>
      <trkpt lat="53.263289" lon="10.108583">
        <ele>40.111588</ele>
        <time>2026-06-27T22:42:38.149Z</time>
      </trkpt>
      <trkpt lat="53.263094" lon="10.108128">
        <ele>40.520803</ele>
        <time>2026-06-27T22:42:45.160Z</time>
      </trkpt>
      <trkpt lat="53.262753" lon="10.107456">
        <ele>41.165071</ele>
        <time>2026-06-27T22:42:55.525Z</time>
      </trkpt>
      <trkpt lat="53.262583" lon="10.106985">
        <ele>41.500016</ele>
        <time>2026-06-27T22:43:01.741Z</time>
      </trkpt>
      <trkpt lat="53.262526" lon="10.106635">
        <ele>41.622831</ele>
        <time>2026-06-27T22:43:05.551Z</time>
      </trkpt>
      <trkpt lat="53.262464" lon="10.105762">
        <ele>41.920483</ele>
        <time>2026-06-27T22:43:14.097Z</time>
      </trkpt>
      <trkpt lat="53.262416" lon="10.105578">
        <ele>41.988448</ele>
        <time>2026-06-27T22:43:16.003Z</time>
      </trkpt>
      <trkpt lat="53.262348" lon="10.105429">
        <ele>42.051903</ele>
        <time>2026-06-27T22:43:17.829Z</time>
      </trkpt>
      <trkpt lat="53.262220" lon="10.105253">
        <ele>42.145713</ele>
        <time>2026-06-27T22:43:20.543Z</time>
      </trkpt>
      <trkpt lat="53.262066" lon="10.105147">
        <ele>42.239982</ele>
        <time>2026-06-27T22:43:23.300Z</time>
      </trkpt>
      <trkpt lat="53.260850" lon="10.104536">
        <ele>42.867958</ele>
        <time>2026-06-27T22:43:45.254Z</time>
      </trkpt>
      <trkpt lat="53.260508" lon="10.104359">
        <ele>43.033725</ele>
        <time>2026-06-27T22:43:51.309Z</time>
      </trkpt>
      <trkpt lat="53.255917" lon="10.101981">
        <ele>43.995915</ele>
        <time>2026-06-27T22:45:06.217Z</time>
      </trkpt>
      <trkpt lat="53.252568" lon="10.100258">
        <ele>44.373143</ele>
        <time>2026-06-27T22:45:57.543Z</time>
      </trkpt>
      <trkpt lat="53.252373" lon="10.100158">
        <ele>44.527536</ele>
        <time>2026-06-27T22:46:00.942Z</time>
      </trkpt>
      <trkpt lat="53.251785" lon="10.099851">
        <ele>44.993824</ele>
        <time>2026-06-27T22:46:12.315Z</time>
      </trkpt>
      <trkpt lat="53.251040" lon="10.099439">
        <ele>45.840050</ele>
        <time>2026-06-27T22:46:28.988Z</time>
      </trkpt>
      <trkpt lat="53.250799" lon="10.099374">
        <ele>46.194896</ele>
        <time>2026-06-27T22:46:34.420Z</time>
      </trkpt>
      <trkpt lat="53.250625" lon="10.099366">
        <ele>46.447916</ele>
        <time>2026-06-27T22:46:38.346Z</time>
      </trkpt>
      <trkpt lat="53.248988" lon="10.099653">
        <ele>48.122806</ele>
        <time>2026-06-27T22:47:11.295Z</time>
      </trkpt>
      <trkpt lat="53.245650" lon="10.100222">
        <ele>48.068002</ele>
        <time>2026-06-27T22:47:57.846Z</time>
      </trkpt>
      <trkpt lat="53.241441" lon="10.100973">
        <ele>48.711012</ele>
        <time>2026-06-27T22:49:03.285Z</time>
      </trkpt>
      <trkpt lat="53.240389" lon="10.101160">
        <ele>49.311294</ele>
        <time>2026-06-27T22:49:21.360Z</time>
      </trkpt>
      <trkpt lat="53.239876" lon="10.101427">
        <ele>49.942272</ele>
        <time>2026-06-27T22:49:31.083Z</time>
      </trkpt>
      <trkpt lat="53.239320" lon="10.101715">
        <ele>50.625852</ele>
        <time>2026-06-27T22:49:42.714Z</time>
      </trkpt>
      <trkpt lat="53.239081" lon="10.101839">
        <ele>50.919735</ele>
        <time>2026-06-27T22:49:48.175Z</time>
      </trkpt>
      <trkpt lat="53.238753" lon="10.102011">
        <ele>51.427577</ele>
        <time>2026-06-27T22:49:55.939Z</time>
      </trkpt>
      <trkpt lat="53.238276" lon="10.102263">
        <ele>52.281736</ele>
        <time>2026-06-27T22:50:07.468Z</time>
      </trkpt>
      <trkpt lat="53.237849" lon="10.102411">
        <ele>53.026307</ele>
        <time>2026-06-27T22:50:17.435Z</time>
      </trkpt>
      <trkpt lat="53.237690" lon="10.102445">
        <ele>53.299995</ele>
        <time>2026-06-27T22:50:20.978Z</time>
      </trkpt>
      <trkpt lat="53.237000" lon="10.102598">
        <ele>54.317251</ele>
        <time>2026-06-27T22:50:35.235Z</time>
      </trkpt>
      <trkpt lat="53.236760" lon="10.101918">
        <ele>54.697041</ele>
        <time>2026-06-27T22:50:43.200Z</time>
      </trkpt>
      <trkpt lat="53.236659" lon="10.101597">
        <ele>54.871513</ele>
        <time>2026-06-27T22:50:46.686Z</time>
      </trkpt>
      <trkpt lat="53.236650" lon="10.101394">
        <ele>54.969444</ele>
        <time>2026-06-27T22:50:48.701Z</time>
      </trkpt>
      <trkpt lat="53.236574" lon="10.101319">
        <ele>55.040395</ele>
        <time>2026-06-27T22:50:50.155Z</time>
      </trkpt>
      <trkpt lat="53.236507" lon="10.101199">
        <ele>55.119347</ele>
        <time>2026-06-27T22:50:51.795Z</time>
      </trkpt>
      <trkpt lat="53.236345" lon="10.100722">
        <ele>55.383203</ele>
        <time>2026-06-27T22:50:57.575Z</time>
      </trkpt>
      <trkpt lat="53.236173" lon="10.099414">
        <ele>55.962929</ele>
        <time>2026-06-27T22:51:12.756Z</time>
      </trkpt>
      <trkpt lat="53.236099" lon="10.098766">
        <ele>56.231134</ele>
        <time>2026-06-27T22:51:20.308Z</time>
      </trkpt>
      <trkpt lat="53.236042" lon="10.098349">
        <ele>56.405037</ele>
        <time>2026-06-27T22:51:24.785Z</time>
      </trkpt>
      <trkpt lat="53.235928" lon="10.097886">
        <ele>56.608582</ele>
        <time>2026-06-27T22:51:29.773Z</time>
      </trkpt>
      <trkpt lat="53.235818" lon="10.097495">
        <ele>56.784235</ele>
        <time>2026-06-27T22:51:33.922Z</time>
      </trkpt>
      <trkpt lat="53.235756" lon="10.097330">
        <ele>56.867475</ele>
        <time>2026-06-27T22:51:35.775Z</time>
      </trkpt>
      <trkpt lat="53.235668" lon="10.097188">
        <ele>56.961430</ele>
        <time>2026-06-27T22:51:37.648Z</time>
      </trkpt>
      <trkpt lat="53.235579" lon="10.097133">
        <ele>57.034305</ele>
        <time>2026-06-27T22:51:39.013Z</time>
      </trkpt>
      <trkpt lat="53.235456" lon="10.097122">
        <ele>57.128901</ele>
        <time>2026-06-27T22:51:40.831Z</time>
      </trkpt>
      <trkpt lat="53.235315" lon="10.097172">
        <ele>57.239597</ele>
        <time>2026-06-27T22:51:42.989Z</time>
      </trkpt>
      <trkpt lat="53.234970" lon="10.097336">
        <ele>57.515064</ele>
        <time>2026-06-27T22:51:48.753Z</time>
      </trkpt>
      <trkpt lat="53.234673" lon="10.097464">
        <ele>57.750618</ele>
        <time>2026-06-27T22:51:54.147Z</time>
      </trkpt>
      <trkpt lat="53.234477" lon="10.097446">
        <ele>57.901368</ele>
        <time>2026-06-27T22:51:57.828Z</time>
      </trkpt>
      <trkpt lat="53.234322" lon="10.097312">
        <ele>58.035396</ele>
        <time>2026-06-27T22:52:01.397Z</time>
      </trkpt>
      <trkpt lat="53.233215" lon="10.096003">
        <ele>59.987631</ele>
        <time>2026-06-27T22:52:31.468Z</time>
      </trkpt>
      <trkpt lat="53.233195" lon="10.095980">
        <ele>60.025953</ele>
        <time>2026-06-27T22:52:31.983Z</time>
      </trkpt>
      <trkpt lat="53.228139" lon="10.089892">
        <ele>68.499357</ele>
        <time>2026-06-27T22:54:36.952Z</time>
      </trkpt>
      <trkpt lat="53.226640" lon="10.088101">
        <ele>71.891238</ele>
        <time>2026-06-27T22:55:15.849Z</time>
      </trkpt>
      <trkpt lat="53.225194" lon="10.086345">
        <ele>77.818498</ele>
        <time>2026-06-27T22:56:06.880Z</time>
      </trkpt>
      <trkpt lat="53.222398" lon="10.082968">
        <ele>93.897587</ele>
        <time>2026-06-27T22:58:04.234Z</time>
      </trkpt>
      <trkpt lat="53.221728" lon="10.082426">
        <ele>97.089326</ele>
        <time>2026-06-27T22:58:29.989Z</time>
      </trkpt>
      <trkpt lat="53.219174" lon="10.081392">
        <ele>106.875973</ele>
        <time>2026-06-27T22:59:48.695Z</time>
      </trkpt>
      <trkpt lat="53.218820" lon="10.081190">
        <ele>107.688441</ele>
        <time>2026-06-27T22:59:57.028Z</time>
      </trkpt>
      <trkpt lat="53.218520" lon="10.080967">
        <ele>108.127242</ele>
        <time>2026-06-27T23:00:03.595Z</time>
      </trkpt>
      <trkpt lat="53.217734" lon="10.080168">
        <ele>109.356831</ele>
        <time>2026-06-27T23:00:20.044Z</time>
      </trkpt>
      <trkpt lat="53.215388" lon="10.077337">
        <ele>113.647686</ele>
        <time>2026-06-27T23:01:18.375Z</time>
      </trkpt>
      <trkpt lat="53.214683" lon="10.076480">
        <ele>115.328079</ele>
        <time>2026-06-27T23:01:38.387Z</time>
      </trkpt>
      <trkpt lat="53.213877" lon="10.075500">
        <ele>118.539383</ele>
        <time>2026-06-27T23:02:06.288Z</time>
      </trkpt>
      <trkpt lat="53.213548" lon="10.075115">
        <ele>119.932197</ele>
        <time>2026-06-27T23:02:18.699Z</time>
      </trkpt>
      <trkpt lat="53.212960" lon="10.074490">
        <ele>122.183994</ele>
        <time>2026-06-27T23:02:40.270Z</time>
      </trkpt>
      <trkpt lat="53.212042" lon="10.073722">
        <ele>124.516700</ele>
        <time>2026-06-27T23:03:07.338Z</time>
      </trkpt>
      <trkpt lat="53.210446" lon="10.072585">
        <ele>125.794093</ele>
        <time>2026-06-27T23:03:37.517Z</time>
      </trkpt>
      <trkpt lat="53.208693" lon="10.071319">
        <ele>123.751460</ele>
        <time>2026-06-27T23:03:59.674Z</time>
      </trkpt>
      <trkpt lat="53.207585" lon="10.070598">
        <ele>121.879333</ele>
        <time>2026-06-27T23:04:12.719Z</time>
      </trkpt>
      <trkpt lat="53.206620" lon="10.070046">
        <ele>120.298448</ele>
        <time>2026-06-27T23:04:24.521Z</time>
      </trkpt>
      <trkpt lat="53.205982" lon="10.069687">
        <ele>119.541914</ele>
        <time>2026-06-27T23:04:32.883Z</time>
      </trkpt>
      <trkpt lat="53.204144" lon="10.068631">
        <ele>117.118358</ele>
        <time>2026-06-27T23:04:56.947Z</time>
      </trkpt>
      <trkpt lat="53.199924" lon="10.066242">
        <ele>108.873510</ele>
        <time>2026-06-27T23:05:45.842Z</time>
      </trkpt>
      <trkpt lat="53.198380" lon="10.065355">
        <ele>106.180047</ele>
        <time>2026-06-27T23:06:04.114Z</time>
      </trkpt>
      <trkpt lat="53.198279" lon="10.065296">
        <ele>106.010651</ele>
        <time>2026-06-27T23:06:05.404Z</time>
      </trkpt>
      <trkpt lat="53.198217" lon="10.065258">
        <ele>105.906095</ele>
        <time>2026-06-27T23:06:06.187Z</time>
      </trkpt>
      <trkpt lat="53.197863" lon="10.065056">
        <ele>105.376063</ele>
        <time>2026-06-27T23:06:10.732Z</time>
      </trkpt>
      <trkpt lat="53.197404" lon="10.064793">
        <ele>104.966108</ele>
        <time>2026-06-27T23:06:16.734Z</time>
      </trkpt>
      <trkpt lat="53.196337" lon="10.064175">
        <ele>104.012025</ele>
        <time>2026-06-27T23:06:30.936Z</time>
      </trkpt>
      <trkpt lat="53.195190" lon="10.063488">
        <ele>103.401471</ele>
        <time>2026-06-27T23:06:47.359Z</time>
      </trkpt>
      <trkpt lat="53.195085" lon="10.063310">
        <ele>103.331073</ele>
        <time>2026-06-27T23:06:49.641Z</time>
      </trkpt>
      <trkpt lat="53.194993" lon="10.063064">
        <ele>103.249348</ele>
        <time>2026-06-27T23:06:52.200Z</time>
      </trkpt>
      <trkpt lat="53.194869" lon="10.063153">
        <ele>103.185854</ele>
        <time>2026-06-27T23:06:54.082Z</time>
      </trkpt>
      <trkpt lat="53.194713" lon="10.063197">
        <ele>103.111432</ele>
        <time>2026-06-27T23:06:56.132Z</time>
      </trkpt>
      <trkpt lat="53.194278" lon="10.063232">
        <ele>102.359543</ele>
        <time>2026-06-27T23:07:01.448Z</time>
      </trkpt>
      <trkpt lat="53.193878" lon="10.063239">
        <ele>101.583698</ele>
        <time>2026-06-27T23:07:06.176Z</time>
      </trkpt>
      <trkpt lat="53.193687" lon="10.063262">
        <ele>101.212290</ele>
        <time>2026-06-27T23:07:08.323Z</time>
      </trkpt>
      <trkpt lat="53.193652" lon="10.063266">
        <ele>101.144248</ele>
        <time>2026-06-27T23:07:08.709Z</time>
      </trkpt>
      <trkpt lat="53.193325" lon="10.063254">
        <ele>100.509876</ele>
        <time>2026-06-27T23:07:12.152Z</time>
      </trkpt>
      <trkpt lat="53.193026" lon="10.063057">
        <ele>99.886419</ele>
        <time>2026-06-27T23:07:15.430Z</time>
      </trkpt>
      <trkpt lat="53.192911" lon="10.063001">
        <ele>99.654077</ele>
        <time>2026-06-27T23:07:16.640Z</time>
      </trkpt>
      <trkpt lat="53.192840" lon="10.062984">
        <ele>99.460733</ele>
        <time>2026-06-27T23:07:17.369Z</time>
      </trkpt>
      <trkpt lat="53.192751" lon="10.062970">
        <ele>99.167245</ele>
        <time>2026-06-27T23:07:18.260Z</time>
      </trkpt>
      <trkpt lat="53.192423" lon="10.062922">
        <ele>98.086266</ele>
        <time>2026-06-27T23:07:21.618Z</time>
      </trkpt>
      <trkpt lat="53.191933" lon="10.062863">
        <ele>96.473380</ele>
        <time>2026-06-27T23:07:26.629Z</time>
      </trkpt>
      <trkpt lat="53.191597" lon="10.062826">
        <ele>95.367870</ele>
        <time>2026-06-27T23:07:29.967Z</time>
      </trkpt>
      <trkpt lat="53.191516" lon="10.062819">
        <ele>95.101585</ele>
        <time>2026-06-27T23:07:30.775Z</time>
      </trkpt>
      <trkpt lat="53.191055" lon="10.062771">
        <ele>93.614709</ele>
        <time>2026-06-27T23:07:35.371Z</time>
      </trkpt>
      <trkpt lat="53.190161" lon="10.062671">
        <ele>91.517133</ele>
        <time>2026-06-27T23:07:44.484Z</time>
      </trkpt>
      <trkpt lat="53.188313" lon="10.062458">
        <ele>88.559256</ele>
        <time>2026-06-27T23:08:06.022Z</time>
      </trkpt>
      <trkpt lat="53.188159" lon="10.062436">
        <ele>88.414602</ele>
        <time>2026-06-27T23:08:08.034Z</time>
      </trkpt>
      <trkpt lat="53.187943" lon="10.062410">
        <ele>88.211926</ele>
        <time>2026-06-27T23:08:12.074Z</time>
      </trkpt>
      <trkpt lat="53.187078" lon="10.062305">
        <ele>87.772133</ele>
        <time>2026-06-27T23:08:28.780Z</time>
      </trkpt>
      <trkpt lat="53.186685" lon="10.062302">
        <ele>87.751557</ele>
        <time>2026-06-27T23:08:36.802Z</time>
      </trkpt>
      <trkpt lat="53.186605" lon="10.062313">
        <ele>87.747354</ele>
        <time>2026-06-27T23:08:38.398Z</time>
      </trkpt>
      <trkpt lat="53.183879" lon="10.062990">
        <ele>87.048243</ele>
        <time>2026-06-27T23:09:34.304Z</time>
      </trkpt>
      <trkpt lat="53.183822" lon="10.063005">
        <ele>86.886748</ele>
        <time>2026-06-27T23:09:35.239Z</time>
      </trkpt>
      <trkpt lat="53.183506" lon="10.063095">
        <ele>85.989584</ele>
        <time>2026-06-27T23:09:40.226Z</time>
      </trkpt>
      <trkpt lat="53.182208" lon="10.063411">
        <ele>82.318469</ele>
        <time>2026-06-27T23:09:59.004Z</time>
      </trkpt>
      <trkpt lat="53.181769" lon="10.063531">
        <ele>81.123574</ele>
        <time>2026-06-27T23:10:03.434Z</time>
      </trkpt>
      <trkpt lat="53.180216" lon="10.063936">
        <ele>77.150868</ele>
        <time>2026-06-27T23:10:20.053Z</time>
      </trkpt>
      <trkpt lat="53.179528" lon="10.064103">
        <ele>76.254031</ele>
        <time>2026-06-27T23:10:28.158Z</time>
      </trkpt>
      <trkpt lat="53.179382" lon="10.064114">
        <ele>76.065504</ele>
        <time>2026-06-27T23:10:29.922Z</time>
      </trkpt>
      <trkpt lat="53.179254" lon="10.064109">
        <ele>75.900343</ele>
        <time>2026-06-27T23:10:31.495Z</time>
      </trkpt>
      <trkpt lat="53.179180" lon="10.064097">
        <ele>75.804436</ele>
        <time>2026-06-27T23:10:32.395Z</time>
      </trkpt>
      <trkpt lat="53.179024" lon="10.064052">
        <ele>75.600217</ele>
        <time>2026-06-27T23:10:34.355Z</time>
      </trkpt>
      <trkpt lat="53.178814" lon="10.063945">
        <ele>75.316975</ele>
        <time>2026-06-27T23:10:37.155Z</time>
      </trkpt>
      <trkpt lat="53.178418" lon="10.063598">
        <ele>74.930001</ele>
        <time>2026-06-27T23:10:42.983Z</time>
      </trkpt>
      <trkpt lat="53.178155" lon="10.063367">
        <ele>74.789340</ele>
        <time>2026-06-27T23:10:47.009Z</time>
      </trkpt>
      <trkpt lat="53.177574" lon="10.062835">
        <ele>74.475688</ele>
        <time>2026-06-27T23:10:55.770Z</time>
      </trkpt>
      <trkpt lat="53.174837" lon="10.060329">
        <ele>73.238682</ele>
        <time>2026-06-27T23:11:38.233Z</time>
      </trkpt>
      <trkpt lat="53.174256" lon="10.059797">
        <ele>72.949376</ele>
        <time>2026-06-27T23:11:47.131Z</time>
      </trkpt>
      <trkpt lat="53.174228" lon="10.059772">
        <ele>72.935513</ele>
        <time>2026-06-27T23:11:47.548Z</time>
      </trkpt>
      <trkpt lat="53.173809" lon="10.059389">
        <ele>72.714785</ele>
        <time>2026-06-27T23:11:53.893Z</time>
      </trkpt>
      <trkpt lat="53.173705" lon="10.059294">
        <ele>72.647166</ele>
        <time>2026-06-27T23:11:55.458Z</time>
      </trkpt>
      <trkpt lat="53.173274" lon="10.058964">
        <ele>72.376723</ele>
        <time>2026-06-27T23:12:01.620Z</time>
      </trkpt>
      <trkpt lat="53.173302" lon="10.058853">
        <ele>72.335556</ele>
        <time>2026-06-27T23:12:07.186Z</time>
      </trkpt>
      <trkpt lat="53.173324" lon="10.058745">
        <ele>72.296565</ele>
        <time>2026-06-27T23:12:12.452Z</time>
      </trkpt>
      <trkpt lat="53.173302" lon="10.058853">
        <ele>72.257574</ele>
        <time>2026-06-27T23:12:17.684Z</time>
      </trkpt>
      <trkpt lat="53.173274" lon="10.058964">
        <ele>72.216408</ele>
        <time>2026-06-27T23:12:23.277Z</time>
      </trkpt>
      <trkpt lat="53.172859" lon="10.058735">
        <ele>71.967128</ele>
        <time>2026-06-27T23:12:28.872Z</time>
      </trkpt>
      <trkpt lat="53.172613" lon="10.058649">
        <ele>71.823789</ele>
        <time>2026-06-27T23:12:32.173Z</time>
      </trkpt>
      <trkpt lat="53.172457" lon="10.058405">
        <ele>71.737533</ele>
        <time>2026-06-27T23:12:35.043Z</time>
      </trkpt>
      <trkpt lat="53.172338" lon="10.058145">
        <ele>71.727815</ele>
        <time>2026-06-27T23:12:37.721Z</time>
      </trkpt>
      <trkpt lat="53.172242" lon="10.057972">
        <ele>71.720812</ele>
        <time>2026-06-27T23:12:40.402Z</time>
      </trkpt>
      <trkpt lat="53.170587" lon="10.056450">
        <ele>71.686086</ele>
        <time>2026-06-27T23:13:19.402Z</time>
      </trkpt>
      <trkpt lat="53.170142" lon="10.056104">
        <ele>71.719956</ele>
        <time>2026-06-27T23:13:29.707Z</time>
      </trkpt>
      <trkpt lat="53.166937" lon="10.054054">
        <ele>71.653752</ele>
        <time>2026-06-27T23:14:38.657Z</time>
      </trkpt>
      <trkpt lat="53.166066" lon="10.053497">
        <ele>71.574319</ele>
        <time>2026-06-27T23:14:56.998Z</time>
      </trkpt>
      <trkpt lat="53.165593" lon="10.053131">
        <ele>71.394157</ele>
        <time>2026-06-27T23:15:07.331Z</time>
      </trkpt>
      <trkpt lat="53.165289" lon="10.052784">
        <ele>71.258360</ele>
        <time>2026-06-27T23:15:14.412Z</time>
      </trkpt>
      <trkpt lat="53.164957" lon="10.052321">
        <ele>71.098827</ele>
        <time>2026-06-27T23:15:22.622Z</time>
      </trkpt>
      <trkpt lat="53.164811" lon="10.052032">
        <ele>71.015301</ele>
        <time>2026-06-27T23:15:26.831Z</time>
      </trkpt>
      <trkpt lat="53.164589" lon="10.051408">
        <ele>70.790175</ele>
        <time>2026-06-27T23:15:34.754Z</time>
      </trkpt>
      <trkpt lat="53.164537" lon="10.051231">
        <ele>70.693071</ele>
        <time>2026-06-27T23:15:36.867Z</time>
      </trkpt>
      <trkpt lat="53.164475" lon="10.051027">
        <ele>70.580396</ele>
        <time>2026-06-27T23:15:39.310Z</time>
      </trkpt>
      <trkpt lat="53.164361" lon="10.050476">
        <ele>70.293241</ele>
        <time>2026-06-27T23:15:45.411Z</time>
      </trkpt>
      <trkpt lat="53.163611" lon="10.046647">
        <ele>68.482350</ele>
        <time>2026-06-27T23:16:28.144Z</time>
      </trkpt>
      <trkpt lat="53.163240" lon="10.044787">
        <ele>67.944523</ele>
        <time>2026-06-27T23:16:50.436Z</time>
      </trkpt>
      <trkpt lat="53.163105" lon="10.044097">
        <ele>67.805860</ele>
        <time>2026-06-27T23:16:58.489Z</time>
      </trkpt>
      <trkpt lat="53.163059" lon="10.043866">
        <ele>67.759357</ele>
        <time>2026-06-27T23:17:01.181Z</time>
      </trkpt>
      <trkpt lat="53.162998" lon="10.043553">
        <ele>67.696480</ele>
        <time>2026-06-27T23:17:04.874Z</time>
      </trkpt>
      <trkpt lat="53.162784" lon="10.042315">
        <ele>67.987901</ele>
        <time>2026-06-27T23:17:20.458Z</time>
      </trkpt>
      <trkpt lat="53.162568" lon="10.040166">
        <ele>68.996906</ele>
        <time>2026-06-27T23:17:52.306Z</time>
      </trkpt>
      <trkpt lat="53.162516" lon="10.039964">
        <ele>69.175684</ele>
        <time>2026-06-27T23:17:55.736Z</time>
      </trkpt>
      <trkpt lat="53.162445" lon="10.039809">
        <ele>69.334317</ele>
        <time>2026-06-27T23:17:58.771Z</time>
      </trkpt>
      <trkpt lat="53.162351" lon="10.039687">
        <ele>69.495876</ele>
        <time>2026-06-27T23:18:01.926Z</time>
      </trkpt>
      <trkpt lat="53.162242" lon="10.039606">
        <ele>69.657738</ele>
        <time>2026-06-27T23:18:05.138Z</time>
      </trkpt>
      <trkpt lat="53.161915" lon="10.039621">
        <ele>70.101460</ele>
        <time>2026-06-27T23:18:12.429Z</time>
      </trkpt>
      <trkpt lat="53.161704" lon="10.039696">
        <ele>70.394095</ele>
        <time>2026-06-27T23:18:17.361Z</time>
      </trkpt>
      <trkpt lat="53.161628" lon="10.039581">
        <ele>70.533286</ele>
        <time>2026-06-27T23:18:19.575Z</time>
      </trkpt>
      <trkpt lat="53.160908" lon="10.038861">
        <ele>71.488248</ele>
        <time>2026-06-27T23:18:35.464Z</time>
      </trkpt>
      <trkpt lat="53.160928" lon="10.038738">
        <ele>71.511256</ele>
        <time>2026-06-27T23:18:37.276Z</time>
      </trkpt>
      <trkpt lat="53.160941" lon="10.037465">
        <ele>71.741116</ele>
        <time>2026-06-27T23:18:54.042Z</time>
      </trkpt>
      <trkpt lat="53.160952" lon="10.036678">
        <ele>71.883239</ele>
        <time>2026-06-27T23:19:02.880Z</time>
      </trkpt>
      <trkpt lat="53.160970" lon="10.034882">
        <ele>72.211689</ele>
        <time>2026-06-27T23:19:25.199Z</time>
      </trkpt>
      <trkpt lat="53.160340" lon="10.034889">
        <ele>72.404821</ele>
        <time>2026-06-27T23:19:35.800Z</time>
      </trkpt>
      <trkpt lat="53.160260" lon="10.034889">
        <ele>72.429346</ele>
        <time>2026-06-27T23:19:37.165Z</time>
      </trkpt>
      <trkpt lat="53.159425" lon="10.034891">
        <ele>72.689499</ele>
        <time>2026-06-27T23:19:51.324Z</time>
      </trkpt>
      <trkpt lat="53.157984" lon="10.034908">
        <ele>73.088378</ele>
        <time>2026-06-27T23:20:14.352Z</time>
      </trkpt>
      <trkpt lat="53.157196" lon="10.034911">
        <ele>73.054769</ele>
        <time>2026-06-27T23:20:25.701Z</time>
      </trkpt>
      <trkpt lat="53.156453" lon="10.034806">
        <ele>73.022966</ele>
        <time>2026-06-27T23:20:36.216Z</time>
      </trkpt>
      <trkpt lat="53.155692" lon="10.034654">
        <ele>72.812966</ele>
        <time>2026-06-27T23:20:47.427Z</time>
      </trkpt>
      <trkpt lat="53.154681" lon="10.034470">
        <ele>72.494052</ele>
        <time>2026-06-27T23:21:01.717Z</time>
      </trkpt>
      <trkpt lat="53.154482" lon="10.034434">
        <ele>72.383358</ele>
        <time>2026-06-27T23:21:04.287Z</time>
      </trkpt>
      <trkpt lat="53.153396" lon="10.034233">
        <ele>71.323129</ele>
        <time>2026-06-27T23:21:17.158Z</time>
      </trkpt>
      <trkpt lat="53.153286" lon="10.034184">
        <ele>71.212653</ele>
        <time>2026-06-27T23:21:18.495Z</time>
      </trkpt>
      <trkpt lat="53.153193" lon="10.034090">
        <ele>71.107131</ele>
        <time>2026-06-27T23:21:19.790Z</time>
      </trkpt>
      <trkpt lat="53.153073" lon="10.033846">
        <ele>70.923514</ele>
        <time>2026-06-27T23:21:22.078Z</time>
      </trkpt>
      <trkpt lat="53.152536" lon="10.031992">
        <ele>70.459211</ele>
        <time>2026-06-27T23:21:38.608Z</time>
      </trkpt>
      <trkpt lat="53.152425" lon="10.031864">
        <ele>70.425961</ele>
        <time>2026-06-27T23:21:40.685Z</time>
      </trkpt>
      <trkpt lat="53.150351" lon="10.031992">
        <ele>70.633555</ele>
        <time>2026-06-27T23:22:12.255Z</time>
      </trkpt>
      <trkpt lat="53.150210" lon="10.032050">
        <ele>70.671029</ele>
        <time>2026-06-27T23:22:14.799Z</time>
      </trkpt>
      <trkpt lat="53.149469" lon="10.032572">
        <ele>71.206888</ele>
        <time>2026-06-27T23:22:29.164Z</time>
      </trkpt>
      <trkpt lat="53.149096" lon="10.032835">
        <ele>71.542093</ele>
        <time>2026-06-27T23:22:36.943Z</time>
      </trkpt>
      <trkpt lat="53.148896" lon="10.032977">
        <ele>71.722018</ele>
        <time>2026-06-27T23:22:42.199Z</time>
      </trkpt>
      <trkpt lat="53.148451" lon="10.033304">
        <ele>72.124532</ele>
        <time>2026-06-27T23:22:53.544Z</time>
      </trkpt>
      <trkpt lat="53.148190" lon="10.033284">
        <ele>72.271924</ele>
        <time>2026-06-27T23:22:59.585Z</time>
      </trkpt>
      <trkpt lat="53.147429" lon="10.033148">
        <ele>72.548227</ele>
        <time>2026-06-27T23:23:18.150Z</time>
      </trkpt>
      <trkpt lat="53.146899" lon="10.033043">
        <ele>72.740909</ele>
        <time>2026-06-27T23:23:29.523Z</time>
      </trkpt>
      <trkpt lat="53.146418" lon="10.032947">
        <ele>72.770306</ele>
        <time>2026-06-27T23:23:38.479Z</time>
      </trkpt>
      <trkpt lat="53.145946" lon="10.032853">
        <ele>72.419733</ele>
        <time>2026-06-27T23:23:46.636Z</time>
      </trkpt>
      <trkpt lat="53.145608" lon="10.032766">
        <ele>72.167507</ele>
        <time>2026-06-27T23:23:50.680Z</time>
      </trkpt>
      <trkpt lat="53.145212" lon="10.032647">
        <ele>71.870753</ele>
        <time>2026-06-27T23:23:55.395Z</time>
      </trkpt>
      <trkpt lat="53.143521" lon="10.032138">
        <ele>71.831524</ele>
        <time>2026-06-27T23:24:20.752Z</time>
      </trkpt>
      <trkpt lat="53.142513" lon="10.031831">
        <ele>72.192598</ele>
        <time>2026-06-27T23:24:39.857Z</time>
      </trkpt>
      <trkpt lat="53.142087" lon="10.031702">
        <ele>72.402122</ele>
        <time>2026-06-27T23:24:49.943Z</time>
      </trkpt>
      <trkpt lat="53.141455" lon="10.031511">
        <ele>72.712945</ele>
        <time>2026-06-27T23:25:00.403Z</time>
      </trkpt>
      <trkpt lat="53.140452" lon="10.031216">
        <ele>72.452232</ele>
        <time>2026-06-27T23:25:14.286Z</time>
      </trkpt>
      <trkpt lat="53.140063" lon="10.031097">
        <ele>72.267802</ele>
        <time>2026-06-27T23:25:21.550Z</time>
      </trkpt>
      <trkpt lat="53.138320" lon="10.030548">
        <ele>71.378778</ele>
        <time>2026-06-27T23:25:53.674Z</time>
      </trkpt>
      <trkpt lat="53.137171" lon="10.030155">
        <ele>71.458640</ele>
        <time>2026-06-27T23:26:15.761Z</time>
      </trkpt>
      <trkpt lat="53.134934" lon="10.029030">
        <ele>73.888254</ele>
        <time>2026-06-27T23:27:15.347Z</time>
      </trkpt>
      <trkpt lat="53.131390" lon="10.027246">
        <ele>79.075227</ele>
        <time>2026-06-27T23:28:51.987Z</time>
      </trkpt>
      <trkpt lat="53.124144" lon="10.023569">
        <ele>86.382716</ele>
        <time>2026-06-27T23:31:53.901Z</time>
      </trkpt>
      <trkpt lat="53.122483" lon="10.022704">
        <ele>87.792051</ele>
        <time>2026-06-27T23:32:33.045Z</time>
      </trkpt>
      <trkpt lat="53.118362" lon="10.019285">
        <ele>93.934933</ele>
        <time>2026-06-27T23:34:33.646Z</time>
      </trkpt>
      <trkpt lat="53.116854" lon="10.018054">
        <ele>95.128519</ele>
        <time>2026-06-27T23:35:11.686Z</time>
      </trkpt>
      <trkpt lat="53.114573" lon="10.016136">
        <ele>95.804887</ele>
        <time>2026-06-27T23:36:03.647Z</time>
      </trkpt>
      <trkpt lat="53.114322" lon="10.015925">
        <ele>95.889402</ele>
        <time>2026-06-27T23:36:10.006Z</time>
      </trkpt>
      <trkpt lat="53.111465" lon="10.013476">
        <ele>99.170068</ele>
        <time>2026-06-27T23:37:31.494Z</time>
      </trkpt>
      <trkpt lat="53.108204" lon="10.010810">
        <ele>98.782455</ele>
        <time>2026-06-27T23:38:24.943Z</time>
      </trkpt>
      <trkpt lat="53.107710" lon="10.010372">
        <ele>98.292698</ele>
        <time>2026-06-27T23:38:31.305Z</time>
      </trkpt>
      <trkpt lat="53.107095" lon="10.009826">
        <ele>95.792981</ele>
        <time>2026-06-27T23:38:38.489Z</time>
      </trkpt>
      <trkpt lat="53.106822" lon="10.009528">
        <ele>94.622225</ele>
        <time>2026-06-27T23:38:41.725Z</time>
      </trkpt>
      <trkpt lat="53.105672" lon="10.007306">
        <ele>86.240759</ele>
        <time>2026-06-27T23:38:58.449Z</time>
      </trkpt>
      <trkpt lat="53.105010" lon="10.005327">
        <ele>78.625484</ele>
        <time>2026-06-27T23:39:10.732Z</time>
      </trkpt>
      <trkpt lat="53.104756" lon="10.004687">
        <ele>76.046489</ele>
        <time>2026-06-27T23:39:14.879Z</time>
      </trkpt>
      <trkpt lat="53.104570" lon="10.004312">
        <ele>74.411330</ele>
        <time>2026-06-27T23:39:17.577Z</time>
      </trkpt>
      <trkpt lat="53.104560" lon="10.004295">
        <ele>74.331324</ele>
        <time>2026-06-27T23:39:17.710Z</time>
      </trkpt>
      <trkpt lat="53.104119" lon="10.003654">
        <ele>71.932013</ele>
        <time>2026-06-27T23:39:23.434Z</time>
      </trkpt>
      <trkpt lat="53.104061" lon="10.003466">
        <ele>72.012772</ele>
        <time>2026-06-27T23:39:24.803Z</time>
      </trkpt>
      <trkpt lat="53.104037" lon="10.003399">
        <ele>72.042581</ele>
        <time>2026-06-27T23:39:25.326Z</time>
      </trkpt>
      <trkpt lat="53.103685" lon="10.003502">
        <ele>72.270027</ele>
        <time>2026-06-27T23:39:29.777Z</time>
      </trkpt>
      <trkpt lat="53.103570" lon="10.003539">
        <ele>72.344566</ele>
        <time>2026-06-27T23:39:31.510Z</time>
      </trkpt>
      <trkpt lat="53.103242" lon="10.003729">
        <ele>72.565570</ele>
        <time>2026-06-27T23:39:38.249Z</time>
      </trkpt>
      <trkpt lat="53.102326" lon="10.004434">
        <ele>74.203508</ele>
        <time>2026-06-27T23:40:08.123Z</time>
      </trkpt>
      <trkpt lat="53.102059" lon="10.004572">
        <ele>75.184253</ele>
        <time>2026-06-27T23:40:17.231Z</time>
      </trkpt>
      <trkpt lat="53.101929" lon="10.004583">
        <ele>75.640904</ele>
        <time>2026-06-27T23:40:21.338Z</time>
      </trkpt>
      <trkpt lat="53.101780" lon="10.004535">
        <ele>76.173310</ele>
        <time>2026-06-27T23:40:26.080Z</time>
      </trkpt>
      <trkpt lat="53.101647" lon="10.004444">
        <ele>76.677733</ele>
        <time>2026-06-27T23:40:30.446Z</time>
      </trkpt>
      <trkpt lat="53.101508" lon="10.004294">
        <ele>77.258776</ele>
        <time>2026-06-27T23:40:35.397Z</time>
      </trkpt>
      <trkpt lat="53.101360" lon="10.004042">
        <ele>78.001283</ele>
        <time>2026-06-27T23:40:41.578Z</time>
      </trkpt>
      <trkpt lat="53.101257" lon="10.003850">
        <ele>78.543610</ele>
        <time>2026-06-27T23:40:45.915Z</time>
      </trkpt>
      <trkpt lat="53.101151" lon="10.003651">
        <ele>79.103947</ele>
        <time>2026-06-27T23:40:50.034Z</time>
      </trkpt>
      <trkpt lat="53.101039" lon="10.003443">
        <ele>79.465147</ele>
        <time>2026-06-27T23:40:54.040Z</time>
      </trkpt>
      <trkpt lat="53.100688" lon="10.002802">
        <ele>80.242067</ele>
        <time>2026-06-27T23:41:05.614Z</time>
      </trkpt>
      <trkpt lat="53.100454" lon="10.002500">
        <ele>80.683610</ele>
        <time>2026-06-27T23:41:11.305Z</time>
      </trkpt>
      <trkpt lat="53.100177" lon="10.002306">
        <ele>81.131810</ele>
        <time>2026-06-27T23:41:16.777Z</time>
      </trkpt>
      <trkpt lat="53.098873" lon="10.001565">
        <ele>83.110958</ele>
        <time>2026-06-27T23:41:42.958Z</time>
      </trkpt>
      <trkpt lat="53.097216" lon="10.000624">
        <ele>85.665260</ele>
        <time>2026-06-27T23:42:20.647Z</time>
      </trkpt>
      <trkpt lat="53.096282" lon="10.000095">
        <ele>87.183227</ele>
        <time>2026-06-27T23:42:41.172Z</time>
      </trkpt>
      <trkpt lat="53.095966" lon="9.999913">
        <ele>87.539260</ele>
        <time>2026-06-27T23:42:47.850Z</time>
      </trkpt>
      <trkpt lat="53.094874" lon="9.999287">
        <ele>88.671003</ele>
        <time>2026-06-27T23:43:10.808Z</time>
      </trkpt>
      <trkpt lat="53.094738" lon="9.999205">
        <ele>88.812744</ele>
        <time>2026-06-27T23:43:13.298Z</time>
      </trkpt>
      <trkpt lat="53.094617" lon="9.999132">
        <ele>88.938861</ele>
        <time>2026-06-27T23:43:15.449Z</time>
      </trkpt>
      <trkpt lat="53.094216" lon="9.998912">
        <ele>88.611154</ele>
        <time>2026-06-27T23:43:21.866Z</time>
      </trkpt>
      <trkpt lat="53.093319" lon="9.998397">
        <ele>87.443284</ele>
        <time>2026-06-27T23:43:33.217Z</time>
      </trkpt>
      <trkpt lat="53.093000" lon="9.998304">
        <ele>87.044664</ele>
        <time>2026-06-27T23:43:36.681Z</time>
      </trkpt>
      <trkpt lat="53.092598" lon="9.998272">
        <ele>86.211862</ele>
        <time>2026-06-27T23:43:40.885Z</time>
      </trkpt>
      <trkpt lat="53.092159" lon="9.998243">
        <ele>84.971324</ele>
        <time>2026-06-27T23:43:45.420Z</time>
      </trkpt>
      <trkpt lat="53.092017" lon="9.998232">
        <ele>84.569938</ele>
        <time>2026-06-27T23:43:46.868Z</time>
      </trkpt>
      <trkpt lat="53.091749" lon="9.998214">
        <ele>83.812596</ele>
        <time>2026-06-27T23:43:49.623Z</time>
      </trkpt>
      <trkpt lat="53.091653" lon="9.998209">
        <ele>83.541397</ele>
        <time>2026-06-27T23:43:50.609Z</time>
      </trkpt>
      <trkpt lat="53.090819" lon="9.998157">
        <ele>81.286270</ele>
        <time>2026-06-27T23:43:59.228Z</time>
      </trkpt>
      <trkpt lat="53.090495" lon="9.998136">
        <ele>80.540611</ele>
        <time>2026-06-27T23:44:03.956Z</time>
      </trkpt>
      <trkpt lat="53.090106" lon="9.998110">
        <ele>79.645316</ele>
        <time>2026-06-27T23:44:09.705Z</time>
      </trkpt>
      <trkpt lat="53.089438" lon="9.998078">
        <ele>78.108497</ele>
        <time>2026-06-27T23:44:20.126Z</time>
      </trkpt>
      <trkpt lat="53.089041" lon="9.998059">
        <ele>77.599481</ele>
        <time>2026-06-27T23:44:26.803Z</time>
      </trkpt>
      <trkpt lat="53.088015" lon="9.997997">
        <ele>77.625364</ele>
        <time>2026-06-27T23:44:41.870Z</time>
      </trkpt>
      <trkpt lat="53.087389" lon="9.997958">
        <ele>77.675890</ele>
        <time>2026-06-27T23:44:52.951Z</time>
      </trkpt>
      <trkpt lat="53.086502" lon="9.997900">
        <ele>78.784442</ele>
        <time>2026-06-27T23:45:11.415Z</time>
      </trkpt>
      <trkpt lat="53.086382" lon="9.997892">
        <ele>78.934420</ele>
        <time>2026-06-27T23:45:14.007Z</time>
      </trkpt>
      <trkpt lat="53.086105" lon="9.997877">
        <ele>79.280525</ele>
        <time>2026-06-27T23:45:19.905Z</time>
      </trkpt>
      <trkpt lat="53.085991" lon="9.997871">
        <ele>79.422961</ele>
        <time>2026-06-27T23:45:22.177Z</time>
      </trkpt>
      <trkpt lat="53.085604" lon="9.997844">
        <ele>79.879345</ele>
        <time>2026-06-27T23:45:29.350Z</time>
      </trkpt>
      <trkpt lat="53.085565" lon="9.997841">
        <ele>79.861680</ele>
        <time>2026-06-27T23:45:30.078Z</time>
      </trkpt>
      <trkpt lat="53.085206" lon="9.997823">
        <ele>79.699163</ele>
        <time>2026-06-27T23:45:36.962Z</time>
      </trkpt>
      <trkpt lat="53.085137" lon="9.997819">
        <ele>79.667923</ele>
        <time>2026-06-27T23:45:38.246Z</time>
      </trkpt>
      <trkpt lat="53.084897" lon="9.997807">
        <ele>79.559277</ele>
        <time>2026-06-27T23:45:41.990Z</time>
      </trkpt>
      <trkpt lat="53.084598" lon="9.997776">
        <ele>79.423722</ele>
        <time>2026-06-27T23:45:45.879Z</time>
      </trkpt>
      <trkpt lat="53.084507" lon="9.997702">
        <ele>79.377896</ele>
        <time>2026-06-27T23:45:47.126Z</time>
      </trkpt>
      <trkpt lat="53.084450" lon="9.997638">
        <ele>79.346788</ele>
        <time>2026-06-27T23:45:47.930Z</time>
      </trkpt>
      <trkpt lat="53.084420" lon="9.997701">
        <ele>79.324937</ele>
        <time>2026-06-27T23:45:48.493Z</time>
      </trkpt>
      <trkpt lat="53.084373" lon="9.997733">
        <ele>79.301961</ele>
        <time>2026-06-27T23:45:49.080Z</time>
      </trkpt>
      <trkpt lat="53.084167" lon="9.997743">
        <ele>79.208709</ele>
        <time>2026-06-27T23:45:51.407Z</time>
      </trkpt>
      <trkpt lat="53.083688" lon="9.997734">
        <ele>78.911290</ele>
        <time>2026-06-27T23:45:56.744Z</time>
      </trkpt>
      <trkpt lat="53.083190" lon="9.997718">
        <ele>78.460903</ele>
        <time>2026-06-27T23:46:02.441Z</time>
      </trkpt>
      <trkpt lat="53.083133" lon="9.997702">
        <ele>78.408635</ele>
        <time>2026-06-27T23:46:03.111Z</time>
      </trkpt>
      <trkpt lat="53.082985" lon="9.997658">
        <ele>78.272693</ele>
        <time>2026-06-27T23:46:04.859Z</time>
      </trkpt>
      <trkpt lat="53.082890" lon="9.997628">
        <ele>78.185261</ele>
        <time>2026-06-27T23:46:06.013Z</time>
      </trkpt>
      <trkpt lat="53.082713" lon="9.997552">
        <ele>78.019976</ele>
        <time>2026-06-27T23:46:08.214Z</time>
      </trkpt>
      <trkpt lat="53.082584" lon="9.997432">
        <ele>77.886358</ele>
        <time>2026-06-27T23:46:10.052Z</time>
      </trkpt>
      <trkpt lat="53.082328" lon="9.996992">
        <ele>77.553650</ele>
        <time>2026-06-27T23:46:15.007Z</time>
      </trkpt>
      <trkpt lat="53.082205" lon="9.996757">
        <ele>77.574456</ele>
        <time>2026-06-27T23:46:18.029Z</time>
      </trkpt>
      <trkpt lat="53.081882" lon="9.996105">
        <ele>78.522283</ele>
        <time>2026-06-27T23:46:27.833Z</time>
      </trkpt>
      <trkpt lat="53.081803" lon="9.995892">
        <ele>78.803033</ele>
        <time>2026-06-27T23:46:31.360Z</time>
      </trkpt>
      <trkpt lat="53.081726" lon="9.995655">
        <ele>79.105221</ele>
        <time>2026-06-27T23:46:35.289Z</time>
      </trkpt>
      <trkpt lat="53.081462" lon="9.994823">
        <ele>80.160512</ele>
        <time>2026-06-27T23:46:49.176Z</time>
      </trkpt>
      <trkpt lat="53.081286" lon="9.994250">
        <ele>80.914085</ele>
        <time>2026-06-27T23:46:59.162Z</time>
      </trkpt>
      <trkpt lat="53.081262" lon="9.994173">
        <ele>81.051201</ele>
        <time>2026-06-27T23:47:00.498Z</time>
      </trkpt>
      <trkpt lat="53.081079" lon="9.993579">
        <ele>82.106367</ele>
        <time>2026-06-27T23:47:11.230Z</time>
      </trkpt>
      <trkpt lat="53.081044" lon="9.993464">
        <ele>82.310137</ele>
        <time>2026-06-27T23:47:13.249Z</time>
      </trkpt>
      <trkpt lat="53.080782" lon="9.992612">
        <ele>83.823033</ele>
        <time>2026-06-27T23:47:28.040Z</time>
      </trkpt>
      <trkpt lat="53.080762" lon="9.992548">
        <ele>83.937063</ele>
        <time>2026-06-27T23:47:29.065Z</time>
      </trkpt>
      <trkpt lat="53.080545" lon="9.991842">
        <ele>85.190589</ele>
        <time>2026-06-27T23:47:40.692Z</time>
      </trkpt>
      <trkpt lat="53.080169" lon="9.990623">
        <ele>87.574722</ele>
        <time>2026-06-27T23:48:01.006Z</time>
      </trkpt>
      <trkpt lat="53.079806" lon="9.989442">
        <ele>89.923134</ele>
        <time>2026-06-27T23:48:21.986Z</time>
      </trkpt>
      <trkpt lat="53.079710" lon="9.989131">
        <ele>90.542109</ele>
        <time>2026-06-27T23:48:28.241Z</time>
      </trkpt>
      <trkpt lat="53.079690" lon="9.989064">
        <ele>90.674551</ele>
        <time>2026-06-27T23:48:29.666Z</time>
      </trkpt>
      <trkpt lat="53.079595" lon="9.988756">
        <ele>91.409804</ele>
        <time>2026-06-27T23:48:36.104Z</time>
      </trkpt>
      <trkpt lat="53.079408" lon="9.988165">
        <ele>92.914107</ele>
        <time>2026-06-27T23:48:48.551Z</time>
      </trkpt>
      <trkpt lat="53.079292" lon="9.987799">
        <ele>93.846046</ele>
        <time>2026-06-27T23:48:56.144Z</time>
      </trkpt>
      <trkpt lat="53.079226" lon="9.987585">
        <ele>94.387792</ele>
        <time>2026-06-27T23:49:00.588Z</time>
      </trkpt>
      <trkpt lat="53.079163" lon="9.987380">
        <ele>94.906371</ele>
        <time>2026-06-27T23:49:04.957Z</time>
      </trkpt>
      <trkpt lat="53.079065" lon="9.987060">
        <ele>95.715279</ele>
        <time>2026-06-27T23:49:11.820Z</time>
      </trkpt>
      <trkpt lat="53.078910" lon="9.986558">
        <ele>96.986414</ele>
        <time>2026-06-27T23:49:22.178Z</time>
      </trkpt>
      <trkpt lat="53.078619" lon="9.985612">
        <ele>98.538300</ele>
        <time>2026-06-27T23:49:39.125Z</time>
      </trkpt>
      <trkpt lat="53.078335" lon="9.984689">
        <ele>99.781099</ele>
        <time>2026-06-27T23:49:53.526Z</time>
      </trkpt>
      <trkpt lat="53.078265" lon="9.984461">
        <ele>100.087958</ele>
        <time>2026-06-27T23:49:56.836Z</time>
      </trkpt>
      <trkpt lat="53.078249" lon="9.984408">
        <ele>100.159044</ele>
        <time>2026-06-27T23:49:57.579Z</time>
      </trkpt>
      <trkpt lat="53.078182" lon="9.984189">
        <ele>100.453575</ele>
        <time>2026-06-27T23:50:00.615Z</time>
      </trkpt>
      <trkpt lat="53.078011" lon="9.983626">
        <ele>101.169193</ele>
        <time>2026-06-27T23:50:07.885Z</time>
      </trkpt>
      <trkpt lat="53.077858" lon="9.983124">
        <ele>101.168146</ele>
        <time>2026-06-27T23:50:13.741Z</time>
      </trkpt>
      <trkpt lat="53.076635" lon="9.979228">
        <ele>101.233995</ele>
        <time>2026-06-27T23:50:49.995Z</time>
      </trkpt>
      <trkpt lat="53.076320" lon="9.978399">
        <ele>101.268507</ele>
        <time>2026-06-27T23:50:59.695Z</time>
      </trkpt>
      <trkpt lat="53.076083" lon="9.977915">
        <ele>101.878225</ele>
        <time>2026-06-27T23:51:06.917Z</time>
      </trkpt>
      <trkpt lat="53.076018" lon="9.977802">
        <ele>102.034555</ele>
        <time>2026-06-27T23:51:08.870Z</time>
      </trkpt>
      <trkpt lat="53.075503" lon="9.976990">
        <ele>103.214452</ele>
        <time>2026-06-27T23:51:25.330Z</time>
      </trkpt>
      <trkpt lat="53.074809" lon="9.976035">
        <ele>104.508559</ele>
        <time>2026-06-27T23:51:46.436Z</time>
      </trkpt>
      <trkpt lat="53.071945" lon="9.972081">
        <ele>106.895928</ele>
        <time>2026-06-27T23:52:50.266Z</time>
      </trkpt>
      <trkpt lat="53.071661" lon="9.971690">
        <ele>106.887779</ele>
        <time>2026-06-27T23:52:57.341Z</time>
      </trkpt>
      <trkpt lat="53.071298" lon="9.971188">
        <ele>106.877345</ele>
        <time>2026-06-27T23:53:06.412Z</time>
      </trkpt>
      <trkpt lat="53.071047" lon="9.970843">
        <ele>106.870149</ele>
        <time>2026-06-27T23:53:12.598Z</time>
      </trkpt>
      <trkpt lat="53.070865" lon="9.970591">
        <ele>106.864915</ele>
        <time>2026-06-27T23:53:17.233Z</time>
      </trkpt>
      <trkpt lat="53.070134" lon="9.969594">
        <ele>106.782014</ele>
        <time>2026-06-27T23:53:36.791Z</time>
      </trkpt>
      <trkpt lat="53.068762" lon="9.967726">
        <ele>106.296005</ele>
        <time>2026-06-27T23:54:10.991Z</time>
      </trkpt>
      <trkpt lat="53.067515" lon="9.966009">
        <ele>105.428358</ele>
        <time>2026-06-27T23:54:40.490Z</time>
      </trkpt>
      <trkpt lat="53.063367" lon="9.960302">
        <ele>102.465760</ele>
        <time>2026-06-27T23:56:18.185Z</time>
      </trkpt>
      <trkpt lat="53.059611" lon="9.955134">
        <ele>102.679470</ele>
        <time>2026-06-27T23:58:00.061Z</time>
      </trkpt>
      <trkpt lat="53.058613" lon="9.953762">
        <ele>102.395555</ele>
        <time>2026-06-27T23:58:25.586Z</time>
      </trkpt>
      <trkpt lat="53.058172" lon="9.953155">
        <ele>102.249050</ele>
        <time>2026-06-27T23:58:35.780Z</time>
      </trkpt>
      <trkpt lat="53.057247" lon="9.951882">
        <ele>101.892578</ele>
        <time>2026-06-27T23:58:57.464Z</time>
      </trkpt>
      <trkpt lat="53.057288" lon="9.951809">
        <ele>101.874746</ele>
        <time>2026-06-27T23:58:58.398Z</time>
      </trkpt>
      <trkpt lat="53.057387" lon="9.951679">
        <ele>101.837294</ele>
        <time>2026-06-27T23:59:00.442Z</time>
      </trkpt>
      <trkpt lat="53.057288" lon="9.951809">
        <ele>101.799843</ele>
        <time>2026-06-27T23:59:02.578Z</time>
      </trkpt>
      <trkpt lat="53.057247" lon="9.951882">
        <ele>101.860827</ele>
        <time>2026-06-27T23:59:03.628Z</time>
      </trkpt>
      <trkpt lat="53.056531" lon="9.950897">
        <ele>103.235684</ele>
        <time>2026-06-27T23:59:27.974Z</time>
      </trkpt>
      <trkpt lat="53.055019" lon="9.948817">
        <ele>105.920702</ele>
        <time>2026-06-28T00:00:22.653Z</time>
      </trkpt>
      <trkpt lat="53.054863" lon="9.948602">
        <ele>106.181572</ele>
        <time>2026-06-28T00:00:27.341Z</time>
      </trkpt>
      <trkpt lat="53.054613" lon="9.948258">
        <ele>106.599362</ele>
        <time>2026-06-28T00:00:34.494Z</time>
      </trkpt>
      <trkpt lat="53.053736" lon="9.947052">
        <ele>106.605253</ele>
        <time>2026-06-28T00:00:56.827Z</time>
      </trkpt>
      <trkpt lat="53.051861" lon="9.944472">
        <ele>105.332425</ele>
        <time>2026-06-28T00:01:42.582Z</time>
      </trkpt>
      <trkpt lat="53.050247" lon="9.942252">
        <ele>101.857939</ele>
        <time>2026-06-28T00:02:15.463Z</time>
      </trkpt>
      <trkpt lat="53.048402" lon="9.939715">
        <ele>99.925495</ele>
        <time>2026-06-28T00:02:58.308Z</time>
      </trkpt>
      <trkpt lat="53.047069" lon="9.937882">
        <ele>99.080180</ele>
        <time>2026-06-28T00:03:31.799Z</time>
      </trkpt>
      <trkpt lat="53.046465" lon="9.937121">
        <ele>98.660474</ele>
        <time>2026-06-28T00:03:45.586Z</time>
      </trkpt>
      <trkpt lat="53.045794" lon="9.936437">
        <ele>98.152581</ele>
        <time>2026-06-28T00:03:59.376Z</time>
      </trkpt>
      <trkpt lat="53.045243" lon="9.935973">
        <ele>97.701072</ele>
        <time>2026-06-28T00:04:10.321Z</time>
      </trkpt>
      <trkpt lat="53.043907" lon="9.934861">
        <ele>96.725289</ele>
        <time>2026-06-28T00:04:37.594Z</time>
      </trkpt>
      <trkpt lat="53.042921" lon="9.934062">
        <ele>96.096366</ele>
        <time>2026-06-28T00:04:58.042Z</time>
      </trkpt>
      <trkpt lat="53.041926" lon="9.933245">
        <ele>95.167576</ele>
        <time>2026-06-28T00:05:18.344Z</time>
      </trkpt>
      <trkpt lat="53.041712" lon="9.933068">
        <ele>94.967529</ele>
        <time>2026-06-28T00:05:22.499Z</time>
      </trkpt>
      <trkpt lat="53.038369" lon="9.930326">
        <ele>89.975734</ele>
        <time>2026-06-28T00:06:23.958Z</time>
      </trkpt>
      <trkpt lat="53.036912" lon="9.929129">
        <ele>88.536147</ele>
        <time>2026-06-28T00:06:53.280Z</time>
      </trkpt>
      <trkpt lat="53.035613" lon="9.928066">
        <ele>87.507500</ele>
        <time>2026-06-28T00:07:18.616Z</time>
      </trkpt>
      <trkpt lat="53.035182" lon="9.927749">
        <ele>87.190310</ele>
        <time>2026-06-28T00:07:27.268Z</time>
      </trkpt>
      <trkpt lat="53.034992" lon="9.927650">
        <ele>87.056300</ele>
        <time>2026-06-28T00:07:31.025Z</time>
      </trkpt>
      <trkpt lat="53.033387" lon="9.927012">
        <ele>87.038956</ele>
        <time>2026-06-28T00:08:03.673Z</time>
      </trkpt>
      <trkpt lat="53.033194" lon="9.926903">
        <ele>87.050982</ele>
        <time>2026-06-28T00:08:08.175Z</time>
      </trkpt>
      <trkpt lat="53.033005" lon="9.926727">
        <ele>87.185569</ele>
        <time>2026-06-28T00:08:13.105Z</time>
      </trkpt>
      <trkpt lat="53.032847" lon="9.926504">
        <ele>87.416681</ele>
        <time>2026-06-28T00:08:18.098Z</time>
      </trkpt>
      <trkpt lat="53.032720" lon="9.926260">
        <ele>87.633097</ele>
        <time>2026-06-28T00:08:22.912Z</time>
      </trkpt>
      <trkpt lat="53.032617" lon="9.925942">
        <ele>87.875327</ele>
        <time>2026-06-28T00:08:28.483Z</time>
      </trkpt>
      <trkpt lat="53.032055" lon="9.923131">
        <ele>89.307427</ele>
        <time>2026-06-28T00:09:13.596Z</time>
      </trkpt>
      <trkpt lat="53.031923" lon="9.922652">
        <ele>89.415590</ele>
        <time>2026-06-28T00:09:20.046Z</time>
      </trkpt>
      <trkpt lat="53.031702" lon="9.922076">
        <ele>89.555849</ele>
        <time>2026-06-28T00:09:27.934Z</time>
      </trkpt>
      <trkpt lat="53.031420" lon="9.921514">
        <ele>89.642145</ele>
        <time>2026-06-28T00:09:35.946Z</time>
      </trkpt>
      <trkpt lat="53.028651" lon="9.916213">
        <ele>87.714129</ele>
        <time>2026-06-28T00:10:55.790Z</time>
      </trkpt>
      <trkpt lat="53.026631" lon="9.912319">
        <ele>84.873284</ele>
        <time>2026-06-28T00:11:49.337Z</time>
      </trkpt>
      <trkpt lat="53.025879" lon="9.910878">
        <ele>83.972062</ele>
        <time>2026-06-28T00:12:09.501Z</time>
      </trkpt>
      <trkpt lat="53.025550" lon="9.910247">
        <ele>83.605184</ele>
        <time>2026-06-28T00:12:18.703Z</time>
      </trkpt>
      <trkpt lat="53.024403" lon="9.908042">
        <ele>83.064455</ele>
        <time>2026-06-28T00:12:52.511Z</time>
      </trkpt>
      <trkpt lat="53.023542" lon="9.906388">
        <ele>82.519310</ele>
        <time>2026-06-28T00:13:17.532Z</time>
      </trkpt>
      <trkpt lat="53.023329" lon="9.905962">
        <ele>82.381250</ele>
        <time>2026-06-28T00:13:23.696Z</time>
      </trkpt>
      <trkpt lat="53.023260" lon="9.905825">
        <ele>82.336717</ele>
        <time>2026-06-28T00:13:25.666Z</time>
      </trkpt>
      <trkpt lat="53.023063" lon="9.905424">
        <ele>82.074150</ele>
        <time>2026-06-28T00:13:31.333Z</time>
      </trkpt>
      <trkpt lat="53.022839" lon="9.904913">
        <ele>81.736299</ele>
        <time>2026-06-28T00:13:38.141Z</time>
      </trkpt>
      <trkpt lat="53.021971" lon="9.902790">
        <ele>80.300070</ele>
        <time>2026-06-28T00:14:04.848Z</time>
      </trkpt>
      <trkpt lat="53.021614" lon="9.901951">
        <ele>79.652913</ele>
        <time>2026-06-28T00:14:15.471Z</time>
      </trkpt>
      <trkpt lat="53.020618" lon="9.899815">
        <ele>77.977889</ele>
        <time>2026-06-28T00:14:43.381Z</time>
      </trkpt>
      <trkpt lat="53.020479" lon="9.899494">
        <ele>77.736317</ele>
        <time>2026-06-28T00:14:47.654Z</time>
      </trkpt>
      <trkpt lat="53.020341" lon="9.899154">
        <ele>77.485804</ele>
        <time>2026-06-28T00:14:52.024Z</time>
      </trkpt>
      <trkpt lat="53.019970" lon="9.898078">
        <ele>76.726914</ele>
        <time>2026-06-28T00:15:04.815Z</time>
      </trkpt>
      <trkpt lat="53.019457" lon="9.896483">
        <ele>75.616888</ele>
        <time>2026-06-28T00:15:24.094Z</time>
      </trkpt>
      <trkpt lat="53.019038" lon="9.895357">
        <ele>74.695920</ele>
        <time>2026-06-28T00:15:37.388Z</time>
      </trkpt>
      <trkpt lat="53.016691" lon="9.889914">
        <ele>69.521534</ele>
        <time>2026-06-28T00:16:44.959Z</time>
      </trkpt>
      <trkpt lat="53.016549" lon="9.889584">
        <ele>69.237348</ele>
        <time>2026-06-28T00:16:48.981Z</time>
      </trkpt>
      <trkpt lat="53.016525" lon="9.889529">
        <ele>69.189757</ele>
        <time>2026-06-28T00:16:49.650Z</time>
      </trkpt>
      <trkpt lat="53.016372" lon="9.889107">
        <ele>68.844644</ele>
        <time>2026-06-28T00:16:54.627Z</time>
      </trkpt>
      <trkpt lat="53.015540" lon="9.886835">
        <ele>67.655927</ele>
        <time>2026-06-28T00:17:23.477Z</time>
      </trkpt>
      <trkpt lat="53.015277" lon="9.886078">
        <ele>67.342961</ele>
        <time>2026-06-28T00:17:30.984Z</time>
      </trkpt>
      <trkpt lat="53.015234" lon="9.885954">
        <ele>67.291719</ele>
        <time>2026-06-28T00:17:32.193Z</time>
      </trkpt>
      <trkpt lat="53.014968" lon="9.885188">
        <ele>67.343361</ele>
        <time>2026-06-28T00:17:39.019Z</time>
      </trkpt>
      <trkpt lat="53.014895" lon="9.884831">
        <ele>67.365952</ele>
        <time>2026-06-28T00:17:42.024Z</time>
      </trkpt>
      <trkpt lat="53.014883" lon="9.884771">
        <ele>67.369740</ele>
        <time>2026-06-28T00:17:42.557Z</time>
      </trkpt>
      <trkpt lat="53.014906" lon="9.884705">
        <ele>67.374310</ele>
        <time>2026-06-28T00:17:43.179Z</time>
      </trkpt>
      <trkpt lat="53.014909" lon="9.884618">
        <ele>67.379531</ele>
        <time>2026-06-28T00:17:43.947Z</time>
      </trkpt>
      <trkpt lat="53.014911" lon="9.884556">
        <ele>67.383251</ele>
        <time>2026-06-28T00:17:44.493Z</time>
      </trkpt>
      <trkpt lat="53.014845" lon="9.884412">
        <ele>67.394098</ele>
        <time>2026-06-28T00:17:46.140Z</time>
      </trkpt>
      <trkpt lat="53.014750" lon="9.884381">
        <ele>67.403739</ele>
        <time>2026-06-28T00:17:47.644Z</time>
      </trkpt>
      <trkpt lat="53.014719" lon="9.884319">
        <ele>67.408569</ele>
        <time>2026-06-28T00:17:51.030Z</time>
      </trkpt>
      <trkpt lat="53.014532" lon="9.883946">
        <ele>67.437660</ele>
        <time>2026-06-28T00:18:11.344Z</time>
      </trkpt>
      <trkpt lat="53.014164" lon="9.882890">
        <ele>67.676235</ele>
        <time>2026-06-28T00:19:02.378Z</time>
      </trkpt>
      <trkpt lat="53.013899" lon="9.882108">
        <ele>67.946559</ele>
        <time>2026-06-28T00:19:39.902Z</time>
      </trkpt>
      <trkpt lat="53.012579" lon="9.878328">
        <ele>68.139431</ele>
        <time>2026-06-28T00:22:42.636Z</time>
      </trkpt>
      <trkpt lat="53.012204" lon="9.877255">
        <ele>68.525472</ele>
        <time>2026-06-28T00:23:34.507Z</time>
      </trkpt>
      <trkpt lat="53.011905" lon="9.876519">
        <ele>68.808962</ele>
        <time>2026-06-28T00:24:11.644Z</time>
      </trkpt>
      <trkpt lat="53.011813" lon="9.876322">
        <ele>68.888570</ele>
        <time>2026-06-28T00:24:22.100Z</time>
      </trkpt>
      <trkpt lat="53.011412" lon="9.875611">
        <ele>69.439241</ele>
        <time>2026-06-28T00:25:02.808Z</time>
      </trkpt>
      <trkpt lat="53.011332" lon="9.875491">
        <ele>69.623372</ele>
        <time>2026-06-28T00:25:10.324Z</time>
      </trkpt>
      <trkpt lat="53.009951" lon="9.873418">
        <ele>72.612096</ele>
        <time>2026-06-28T00:27:19.667Z</time>
      </trkpt>
      <trkpt lat="53.009186" lon="9.872270">
        <ele>73.846189</ele>
        <time>2026-06-28T00:28:31.268Z</time>
      </trkpt>
      <trkpt lat="53.008961" lon="9.871931">
        <ele>74.209813</ele>
        <time>2026-06-28T00:28:52.392Z</time>
      </trkpt>
      <trkpt lat="53.008581" lon="9.871378">
        <ele>74.172709</ele>
        <time>2026-06-28T00:28:59.843Z</time>
      </trkpt>
      <trkpt lat="53.008078" lon="9.870757">
        <ele>73.951878</ele>
        <time>2026-06-28T00:29:08.009Z</time>
      </trkpt>
      <trkpt lat="53.006678" lon="9.869335">
        <ele>73.224518</ele>
        <time>2026-06-28T00:29:29.415Z</time>
      </trkpt>
      <trkpt lat="53.006538" lon="9.869193">
        <ele>73.139014</ele>
        <time>2026-06-28T00:29:31.584Z</time>
      </trkpt>
      <trkpt lat="53.005434" lon="9.868096">
        <ele>72.523282</ele>
        <time>2026-06-28T00:29:48.705Z</time>
      </trkpt>
      <trkpt lat="53.004971" lon="9.867617">
        <ele>72.294907</ele>
        <time>2026-06-28T00:29:56.069Z</time>
      </trkpt>
      <trkpt lat="53.004621" lon="9.867138">
        <ele>72.105046</ele>
        <time>2026-06-28T00:30:02.244Z</time>
      </trkpt>
      <trkpt lat="53.004017" lon="9.866156">
        <ele>71.794533</ele>
        <time>2026-06-28T00:30:13.824Z</time>
      </trkpt>
      <trkpt lat="53.001556" lon="9.862154">
        <ele>70.341488</ele>
        <time>2026-06-28T00:31:00.798Z</time>
      </trkpt>
      <trkpt lat="53.001073" lon="9.861358">
        <ele>69.744500</ele>
        <time>2026-06-28T00:31:09.261Z</time>
      </trkpt>
      <trkpt lat="53.000806" lon="9.860925">
        <ele>69.417089</ele>
        <time>2026-06-28T00:31:13.662Z</time>
      </trkpt>
      <trkpt lat="53.000457" lon="9.860356">
        <ele>69.046688</ele>
        <time>2026-06-28T00:31:19.463Z</time>
      </trkpt>
      <trkpt lat="53.000203" lon="9.859942">
        <ele>68.857714</ele>
        <time>2026-06-28T00:31:23.766Z</time>
      </trkpt>
      <trkpt lat="52.999889" lon="9.859428">
        <ele>68.623606</ele>
        <time>2026-06-28T00:31:29.176Z</time>
      </trkpt>
      <trkpt lat="52.999625" lon="9.858996">
        <ele>68.426810</ele>
        <time>2026-06-28T00:31:34.002Z</time>
      </trkpt>
      <trkpt lat="52.999458" lon="9.858722">
        <ele>68.302159</ele>
        <time>2026-06-28T00:31:37.311Z</time>
      </trkpt>
      <trkpt lat="52.998936" lon="9.857881">
        <ele>68.795088</ele>
        <time>2026-06-28T00:31:50.298Z</time>
      </trkpt>
      <trkpt lat="52.998698" lon="9.857497">
        <ele>69.202622</ele>
        <time>2026-06-28T00:31:57.106Z</time>
      </trkpt>
      <trkpt lat="52.998286" lon="9.856813">
        <ele>69.918095</ele>
        <time>2026-06-28T00:32:09.304Z</time>
      </trkpt>
      <trkpt lat="52.997974" lon="9.856295">
        <ele>70.474118</ele>
        <time>2026-06-28T00:32:18.783Z</time>
      </trkpt>
      <trkpt lat="52.997933" lon="9.856227">
        <ele>70.559920</ele>
        <time>2026-06-28T00:32:20.042Z</time>
      </trkpt>
      <trkpt lat="52.997586" lon="9.855643">
        <ele>71.291466</ele>
        <time>2026-06-28T00:32:30.678Z</time>
      </trkpt>
      <trkpt lat="52.997146" lon="9.854915">
        <ele>72.211170</ele>
        <time>2026-06-28T00:32:43.267Z</time>
      </trkpt>
      <trkpt lat="52.996877" lon="9.854449">
        <ele>72.786762</ele>
        <time>2026-06-28T00:32:51.121Z</time>
      </trkpt>
      <trkpt lat="52.996317" lon="9.853478">
        <ele>73.962916</ele>
        <time>2026-06-28T00:33:07.797Z</time>
      </trkpt>
      <trkpt lat="52.995881" lon="9.852665">
        <ele>74.909973</ele>
        <time>2026-06-28T00:33:21.252Z</time>
      </trkpt>
      <trkpt lat="52.995482" lon="9.851919">
        <ele>75.744317</ele>
        <time>2026-06-28T00:33:33.893Z</time>
      </trkpt>
      <trkpt lat="52.995298" lon="9.851591">
        <ele>76.028406</ele>
        <time>2026-06-28T00:33:39.351Z</time>
      </trkpt>
      <trkpt lat="52.995141" lon="9.851320">
        <ele>76.266728</ele>
        <time>2026-06-28T00:33:43.896Z</time>
      </trkpt>
      <trkpt lat="52.994923" lon="9.850964">
        <ele>76.588507</ele>
        <time>2026-06-28T00:33:50.104Z</time>
      </trkpt>
      <trkpt lat="52.994482" lon="9.850414">
        <ele>77.168986</ele>
        <time>2026-06-28T00:34:01.108Z</time>
      </trkpt>
      <trkpt lat="52.994375" lon="9.850300">
        <ele>77.302794</ele>
        <time>2026-06-28T00:34:03.457Z</time>
      </trkpt>
      <trkpt lat="52.994323" lon="9.850246">
        <ele>77.367348</ele>
        <time>2026-06-28T00:34:04.528Z</time>
      </trkpt>
      <trkpt lat="52.994159" lon="9.850089">
        <ele>77.528939</ele>
        <time>2026-06-28T00:34:08.701Z</time>
      </trkpt>
      <trkpt lat="52.993579" lon="9.849532">
        <ele>76.845990</ele>
        <time>2026-06-28T00:34:21.366Z</time>
      </trkpt>
      <trkpt lat="52.993068" lon="9.849023">
        <ele>76.238600</ele>
        <time>2026-06-28T00:34:28.424Z</time>
      </trkpt>
      <trkpt lat="52.992984" lon="9.848940">
        <ele>76.138966</ele>
        <time>2026-06-28T00:34:29.529Z</time>
      </trkpt>
      <trkpt lat="52.992856" lon="9.848811">
        <ele>75.986345</ele>
        <time>2026-06-28T00:34:31.216Z</time>
      </trkpt>
      <trkpt lat="52.992497" lon="9.848463">
        <ele>75.347669</ele>
        <time>2026-06-28T00:34:35.712Z</time>
      </trkpt>
      <trkpt lat="52.992209" lon="9.848184">
        <ele>74.524721</ele>
        <time>2026-06-28T00:34:39.261Z</time>
      </trkpt>
      <trkpt lat="52.991963" lon="9.847943">
        <ele>73.819764</ele>
        <time>2026-06-28T00:34:42.278Z</time>
      </trkpt>
      <trkpt lat="52.991399" lon="9.847384">
        <ele>72.198620</ele>
        <time>2026-06-28T00:34:49.258Z</time>
      </trkpt>
      <trkpt lat="52.990884" lon="9.846882">
        <ele>70.631618</ele>
        <time>2026-06-28T00:34:55.425Z</time>
      </trkpt>
      <trkpt lat="52.990709" lon="9.846712">
        <ele>70.046412</ele>
        <time>2026-06-28T00:34:57.495Z</time>
      </trkpt>
      <trkpt lat="52.990439" lon="9.846449">
        <ele>69.142894</ele>
        <time>2026-06-28T00:35:00.692Z</time>
      </trkpt>
      <trkpt lat="52.990245" lon="9.846249">
        <ele>68.483796</ele>
        <time>2026-06-28T00:35:03.014Z</time>
      </trkpt>
      <trkpt lat="52.990054" lon="9.846062">
        <ele>67.843801</ele>
        <time>2026-06-28T00:35:05.297Z</time>
      </trkpt>
      <trkpt lat="52.989359" lon="9.845359">
        <ele>65.723688</ele>
        <time>2026-06-28T00:35:13.685Z</time>
      </trkpt>
      <trkpt lat="52.989195" lon="9.845145">
        <ele>65.356378</ele>
        <time>2026-06-28T00:35:15.885Z</time>
      </trkpt>
      <trkpt lat="52.989145" lon="9.845000">
        <ele>65.179205</ele>
        <time>2026-06-28T00:35:16.970Z</time>
      </trkpt>
      <trkpt lat="52.989075" lon="9.844856">
        <ele>64.982964</ele>
        <time>2026-06-28T00:35:18.171Z</time>
      </trkpt>
      <trkpt lat="52.989081" lon="9.844763">
        <ele>64.883797</ele>
        <time>2026-06-28T00:35:18.793Z</time>
      </trkpt>
      <trkpt lat="52.989068" lon="9.844731">
        <ele>64.842866</ele>
        <time>2026-06-28T00:35:19.048Z</time>
      </trkpt>
      <trkpt lat="52.989035" lon="9.844649">
        <ele>64.738286</ele>
        <time>2026-06-28T00:35:19.695Z</time>
      </trkpt>
      <trkpt lat="52.988957" lon="9.844629">
        <ele>64.599277</ele>
        <time>2026-06-28T00:35:20.573Z</time>
      </trkpt>
      <trkpt lat="52.988908" lon="9.844677">
        <ele>64.499086</ele>
        <time>2026-06-28T00:35:21.206Z</time>
      </trkpt>
      <trkpt lat="52.988790" lon="9.844606">
        <ele>64.278039</ele>
        <time>2026-06-28T00:35:22.620Z</time>
      </trkpt>
      <trkpt lat="52.988687" lon="9.844578">
        <ele>64.094212</ele>
        <time>2026-06-28T00:35:23.817Z</time>
      </trkpt>
      <trkpt lat="52.988661" lon="9.844564">
        <ele>64.046072</ele>
        <time>2026-06-28T00:35:24.128Z</time>
      </trkpt>
      <trkpt lat="52.988460" lon="9.844450">
        <ele>63.671985</ele>
        <time>2026-06-28T00:35:26.619Z</time>
      </trkpt>
      <trkpt lat="52.988425" lon="9.844439">
        <ele>63.609246</ele>
        <time>2026-06-28T00:35:27.054Z</time>
      </trkpt>
      <trkpt lat="52.988320" lon="9.844422">
        <ele>63.423433</ele>
        <time>2026-06-28T00:35:28.325Z</time>
      </trkpt>
      <trkpt lat="52.988116" lon="9.844426">
        <ele>63.064102</ele>
        <time>2026-06-28T00:35:30.846Z</time>
      </trkpt>
      <trkpt lat="52.987760" lon="9.844462">
        <ele>62.769490</ele>
        <time>2026-06-28T00:35:35.431Z</time>
      </trkpt>
      <trkpt lat="52.987249" lon="9.844532">
        <ele>62.496746</ele>
        <time>2026-06-28T00:35:42.598Z</time>
      </trkpt>
      <trkpt lat="52.987163" lon="9.844544">
        <ele>62.450838</ele>
        <time>2026-06-28T00:35:43.813Z</time>
      </trkpt>
      <trkpt lat="52.986983" lon="9.844570">
        <ele>62.354727</ele>
        <time>2026-06-28T00:35:46.366Z</time>
      </trkpt>
      <trkpt lat="52.986868" lon="9.844589">
        <ele>62.293252</ele>
        <time>2026-06-28T00:35:47.948Z</time>
      </trkpt>
      <trkpt lat="52.986864" lon="9.844484">
        <ele>62.259561</ele>
        <time>2026-06-28T00:35:48.837Z</time>
      </trkpt>
      <trkpt lat="52.986848" lon="9.844150">
        <ele>62.152267</ele>
        <time>2026-06-28T00:35:51.566Z</time>
      </trkpt>
      <trkpt lat="52.986826" lon="9.843667">
        <ele>61.997155</ele>
        <time>2026-06-28T00:35:55.410Z</time>
      </trkpt>
      <trkpt lat="52.986796" lon="9.843020">
        <ele>61.826817</ele>
        <time>2026-06-28T00:36:00.229Z</time>
      </trkpt>
      <trkpt lat="52.986784" lon="9.842624">
        <ele>61.728210</ele>
        <time>2026-06-28T00:36:03.097Z</time>
      </trkpt>
      <trkpt lat="52.986770" lon="9.842203">
        <ele>61.623351</ele>
        <time>2026-06-28T00:36:06.170Z</time>
      </trkpt>
      <trkpt lat="52.986763" lon="9.842004">
        <ele>61.573777</ele>
        <time>2026-06-28T00:36:07.669Z</time>
      </trkpt>
      <trkpt lat="52.986759" lon="9.841889">
        <ele>61.545130</ele>
        <time>2026-06-28T00:36:08.569Z</time>
      </trkpt>
      <trkpt lat="52.986749" lon="9.841711">
        <ele>61.500671</ele>
        <time>2026-06-28T00:36:09.959Z</time>
      </trkpt>
      <trkpt lat="52.986719" lon="9.841090">
        <ele>61.345737</ele>
        <time>2026-06-28T00:36:15.171Z</time>
      </trkpt>
      <trkpt lat="52.986716" lon="9.841016">
        <ele>61.327292</ele>
        <time>2026-06-28T00:36:15.861Z</time>
      </trkpt>
      <trkpt lat="52.986705" lon="9.840778">
        <ele>61.267929</ele>
        <time>2026-06-28T00:36:18.189Z</time>
      </trkpt>
      <trkpt lat="52.986701" lon="9.840691">
        <ele>61.246230</ele>
        <time>2026-06-28T00:36:19.083Z</time>
      </trkpt>
      <trkpt lat="52.986695" lon="9.840549">
        <ele>61.219566</ele>
        <time>2026-06-28T00:36:20.547Z</time>
      </trkpt>
      <trkpt lat="52.986671" lon="9.840025">
        <ele>61.446900</ele>
        <time>2026-06-28T00:36:26.204Z</time>
      </trkpt>
      <trkpt lat="52.986658" lon="9.839708">
        <ele>61.584351</ele>
        <time>2026-06-28T00:36:29.872Z</time>
      </trkpt>
      <trkpt lat="52.986662" lon="9.839615">
        <ele>61.624685</ele>
        <time>2026-06-28T00:36:30.965Z</time>
      </trkpt>
      <trkpt lat="52.986729" lon="9.839228">
        <ele>61.798884</ele>
        <time>2026-06-28T00:36:35.722Z</time>
      </trkpt>
      <trkpt lat="52.986799" lon="9.838995">
        <ele>61.911533</ele>
        <time>2026-06-28T00:36:38.969Z</time>
      </trkpt>
      <trkpt lat="52.986877" lon="9.838728">
        <ele>62.039917</ele>
        <time>2026-06-28T00:36:42.774Z</time>
      </trkpt>
      <trkpt lat="52.986973" lon="9.838369">
        <ele>62.209850</ele>
        <time>2026-06-28T00:36:47.325Z</time>
      </trkpt>
      <trkpt lat="52.987002" lon="9.838256">
        <ele>62.262989</ele>
        <time>2026-06-28T00:36:48.612Z</time>
      </trkpt>
      <trkpt lat="52.987054" lon="9.838048">
        <ele>62.360419</ele>
        <time>2026-06-28T00:36:50.844Z</time>
      </trkpt>
      <trkpt lat="52.987139" lon="9.837715">
        <ele>62.497864</ele>
        <time>2026-06-28T00:36:54.092Z</time>
      </trkpt>
      <trkpt lat="52.986939" lon="9.837847">
        <ele>62.368910</ele>
        <time>2026-06-28T00:36:57.023Z</time>
      </trkpt>
      <trkpt lat="52.986797" lon="9.837903">
        <ele>62.281457</ele>
        <time>2026-06-28T00:36:58.911Z</time>
      </trkpt>
      <trkpt lat="52.986453" lon="9.837958">
        <ele>62.074377</ele>
        <time>2026-06-28T00:37:03.338Z</time>
      </trkpt>
      <trkpt lat="52.986373" lon="9.837966">
        <ele>62.026354</ele>
        <time>2026-06-28T00:37:04.349Z</time>
      </trkpt>
      <trkpt lat="52.986133" lon="9.837990">
        <ele>61.882283</ele>
        <time>2026-06-28T00:37:07.343Z</time>
      </trkpt>
      <trkpt lat="52.985933" lon="9.838010">
        <ele>61.762225</ele>
        <time>2026-06-28T00:37:09.838Z</time>
      </trkpt>
      <trkpt lat="52.985473" lon="9.838056">
        <ele>61.486090</ele>
        <time>2026-06-28T00:37:15.383Z</time>
      </trkpt>
      <trkpt lat="52.985303" lon="9.838073">
        <ele>61.455281</ele>
        <time>2026-06-28T00:37:17.513Z</time>
      </trkpt>
      <trkpt lat="52.985220" lon="9.838081">
        <ele>61.484841</ele>
        <time>2026-06-28T00:37:18.583Z</time>
      </trkpt>
      <trkpt lat="52.985078" lon="9.838095">
        <ele>61.535417</ele>
        <time>2026-06-28T00:37:20.446Z</time>
      </trkpt>
      <trkpt lat="52.984765" lon="9.838120">
        <ele>61.646831</ele>
        <time>2026-06-28T00:37:24.829Z</time>
      </trkpt>
      <trkpt lat="52.984665" lon="9.838125">
        <ele>61.682402</ele>
        <time>2026-06-28T00:37:26.319Z</time>
      </trkpt>
      <trkpt lat="52.984538" lon="9.838109">
        <ele>61.727686</ele>
        <time>2026-06-28T00:37:28.266Z</time>
      </trkpt>
      <trkpt lat="52.984420" lon="9.838069">
        <ele>61.770505</ele>
        <time>2026-06-28T00:37:30.168Z</time>
      </trkpt>
      <trkpt lat="52.984190" lon="9.837924">
        <ele>61.857972</ele>
        <time>2026-06-28T00:37:34.387Z</time>
      </trkpt>
      <trkpt lat="52.984046" lon="9.837780">
        <ele>61.917733</ele>
        <time>2026-06-28T00:37:37.536Z</time>
      </trkpt>
      <trkpt lat="52.983818" lon="9.837400">
        <ele>62.032570</ele>
        <time>2026-06-28T00:37:44.049Z</time>
      </trkpt>
      <trkpt lat="52.983798" lon="9.837354">
        <ele>62.044716</ele>
        <time>2026-06-28T00:37:44.785Z</time>
      </trkpt>
      <trkpt lat="52.983744" lon="9.837212">
        <ele>62.128712</ele>
        <time>2026-06-28T00:37:46.932Z</time>
      </trkpt>
      <trkpt lat="52.983684" lon="9.837023">
        <ele>62.351404</ele>
        <time>2026-06-28T00:37:49.722Z</time>
      </trkpt>
      <trkpt lat="52.983485" lon="9.836487">
        <ele>63.007734</ele>
        <time>2026-06-28T00:37:57.995Z</time>
      </trkpt>
      <trkpt lat="52.983450" lon="9.836406">
        <ele>63.111649</ele>
        <time>2026-06-28T00:37:59.342Z</time>
      </trkpt>
      <trkpt lat="52.983379" lon="9.836254">
        <ele>63.312162</ele>
        <time>2026-06-28T00:38:01.868Z</time>
      </trkpt>
      <trkpt lat="52.983213" lon="9.835899">
        <ele>63.780655</ele>
        <time>2026-06-28T00:38:08.016Z</time>
      </trkpt>
      <trkpt lat="52.983182" lon="9.835833">
        <ele>63.867902</ele>
        <time>2026-06-28T00:38:09.226Z</time>
      </trkpt>
      <trkpt lat="52.983136" lon="9.835734">
        <ele>63.998242</ele>
        <time>2026-06-28T00:38:10.977Z</time>
      </trkpt>
      <trkpt lat="52.982780" lon="9.834972">
        <ele>65.003523</ele>
        <time>2026-06-28T00:38:24.181Z</time>
      </trkpt>
      <trkpt lat="52.982686" lon="9.834767">
        <ele>65.231234</ele>
        <time>2026-06-28T00:38:27.300Z</time>
      </trkpt>
      <trkpt lat="52.982471" lon="9.834317">
        <ele>65.558328</ele>
        <time>2026-06-28T00:38:34.235Z</time>
      </trkpt>
      <trkpt lat="52.982196" lon="9.833732">
        <ele>65.980919</ele>
        <time>2026-06-28T00:38:43.128Z</time>
      </trkpt>
      <trkpt lat="52.982133" lon="9.833597">
        <ele>66.078172</ele>
        <time>2026-06-28T00:38:45.009Z</time>
      </trkpt>
      <trkpt lat="52.982069" lon="9.833461">
        <ele>66.176455</ele>
        <time>2026-06-28T00:38:46.981Z</time>
      </trkpt>
      <trkpt lat="52.982019" lon="9.833354">
        <ele>66.253576</ele>
        <time>2026-06-28T00:38:48.498Z</time>
      </trkpt>
      <trkpt lat="52.981640" lon="9.832546">
        <ele>66.836779</ele>
        <time>2026-06-28T00:38:59.142Z</time>
      </trkpt>
      <trkpt lat="52.981468" lon="9.832180">
        <ele>66.798516</ele>
        <time>2026-06-28T00:39:03.326Z</time>
      </trkpt>
      <trkpt lat="52.981338" lon="9.831904">
        <ele>66.721201</ele>
        <time>2026-06-28T00:39:06.421Z</time>
      </trkpt>
      <trkpt lat="52.981151" lon="9.831504">
        <ele>66.609468</ele>
        <time>2026-06-28T00:39:10.664Z</time>
      </trkpt>
      <trkpt lat="52.981126" lon="9.831450">
        <ele>66.594439</ele>
        <time>2026-06-28T00:39:11.197Z</time>
      </trkpt>
      <trkpt lat="52.980189" lon="9.829440">
        <ele>65.840325</ele>
        <time>2026-06-28T00:39:30.822Z</time>
      </trkpt>
      <trkpt lat="52.980149" lon="9.829355">
        <ele>65.792355</ele>
        <time>2026-06-28T00:39:31.641Z</time>
      </trkpt>
      <trkpt lat="52.979847" lon="9.828707">
        <ele>65.427994</ele>
        <time>2026-06-28T00:39:37.854Z</time>
      </trkpt>
      <trkpt lat="52.979689" lon="9.828371">
        <ele>65.238427</ele>
        <time>2026-06-28T00:39:41.022Z</time>
      </trkpt>
      <trkpt lat="52.979611" lon="9.828205">
        <ele>65.144799</ele>
        <time>2026-06-28T00:39:42.590Z</time>
      </trkpt>
      <trkpt lat="52.979479" lon="9.827925">
        <ele>64.986675</ele>
        <time>2026-06-28T00:39:45.268Z</time>
      </trkpt>
      <trkpt lat="52.979410" lon="9.827777">
        <ele>64.903445</ele>
        <time>2026-06-28T00:39:46.713Z</time>
      </trkpt>
      <trkpt lat="52.979144" lon="9.827214">
        <ele>64.935210</ele>
        <time>2026-06-28T00:39:52.398Z</time>
      </trkpt>
      <trkpt lat="52.979062" lon="9.827039">
        <ele>64.947786</ele>
        <time>2026-06-28T00:39:54.237Z</time>
      </trkpt>
      <trkpt lat="52.979047" lon="9.827008">
        <ele>64.950041</ele>
        <time>2026-06-28T00:39:54.566Z</time>
      </trkpt>
      <trkpt lat="52.979024" lon="9.826958">
        <ele>64.953609</ele>
        <time>2026-06-28T00:39:55.090Z</time>
      </trkpt>
      <trkpt lat="52.978746" lon="9.826369">
        <ele>64.996051</ele>
        <time>2026-06-28T00:40:01.687Z</time>
      </trkpt>
      <trkpt lat="52.978677" lon="9.826222">
        <ele>65.006621</ele>
        <time>2026-06-28T00:40:03.470Z</time>
      </trkpt>
      <trkpt lat="52.978624" lon="9.826110">
        <ele>65.014700</ele>
        <time>2026-06-28T00:40:04.857Z</time>
      </trkpt>
      <trkpt lat="52.978147" lon="9.825095">
        <ele>65.309769</ele>
        <time>2026-06-28T00:40:18.734Z</time>
      </trkpt>
      <trkpt lat="52.978004" lon="9.824792">
        <ele>65.545287</ele>
        <time>2026-06-28T00:40:23.204Z</time>
      </trkpt>
      <trkpt lat="52.977982" lon="9.824745">
        <ele>65.581706</ele>
        <time>2026-06-28T00:40:23.906Z</time>
      </trkpt>
      <trkpt lat="52.977778" lon="9.824308">
        <ele>65.919982</ele>
        <time>2026-06-28T00:40:30.452Z</time>
      </trkpt>
      <trkpt lat="52.977669" lon="9.824075">
        <ele>66.100488</ele>
        <time>2026-06-28T00:40:33.968Z</time>
      </trkpt>
      <trkpt lat="52.977479" lon="9.823669">
        <ele>66.415062</ele>
        <time>2026-06-28T00:40:39.994Z</time>
      </trkpt>
      <trkpt lat="52.977362" lon="9.823419">
        <ele>66.608768</ele>
        <time>2026-06-28T00:40:43.644Z</time>
      </trkpt>
      <trkpt lat="52.977339" lon="9.823372">
        <ele>66.645820</ele>
        <time>2026-06-28T00:40:44.333Z</time>
      </trkpt>
      <trkpt lat="52.977282" lon="9.823250">
        <ele>66.740289</ele>
        <time>2026-06-28T00:40:46.066Z</time>
      </trkpt>
      <trkpt lat="52.977045" lon="9.822750">
        <ele>67.025284</ele>
        <time>2026-06-28T00:40:53.214Z</time>
      </trkpt>
      <trkpt lat="52.976225" lon="9.821006">
        <ele>67.783530</ele>
        <time>2026-06-28T00:41:16.148Z</time>
      </trkpt>
      <trkpt lat="52.975727" lon="9.819948">
        <ele>68.063356</ele>
        <time>2026-06-28T00:41:28.559Z</time>
      </trkpt>
      <trkpt lat="52.975570" lon="9.819614">
        <ele>68.128626</ele>
        <time>2026-06-28T00:41:32.404Z</time>
      </trkpt>
      <trkpt lat="52.975445" lon="9.819348">
        <ele>68.180601</ele>
        <time>2026-06-28T00:41:35.402Z</time>
      </trkpt>
      <trkpt lat="52.974736" lon="9.817836">
        <ele>68.425424</ele>
        <time>2026-06-28T00:41:54.385Z</time>
      </trkpt>
      <trkpt lat="52.974350" lon="9.817011">
        <ele>68.504959</ele>
        <time>2026-06-28T00:42:04.762Z</time>
      </trkpt>
      <trkpt lat="52.972368" lon="9.812787">
        <ele>68.237339</ele>
        <time>2026-06-28T00:42:49.843Z</time>
      </trkpt>
      <trkpt lat="52.971630" lon="9.811190">
        <ele>68.372874</ele>
        <time>2026-06-28T00:43:09.165Z</time>
      </trkpt>
      <trkpt lat="52.971349" lon="9.810583">
        <ele>68.499456</ele>
        <time>2026-06-28T00:43:16.486Z</time>
      </trkpt>
      <trkpt lat="52.970996" lon="9.809839">
        <ele>68.656055</ele>
        <time>2026-06-28T00:43:25.355Z</time>
      </trkpt>
      <trkpt lat="52.970660" lon="9.809137">
        <ele>68.804313</ele>
        <time>2026-06-28T00:43:34.186Z</time>
      </trkpt>
      <trkpt lat="52.970555" lon="9.808913">
        <ele>68.850493</ele>
        <time>2026-06-28T00:43:36.987Z</time>
      </trkpt>
      <trkpt lat="52.969991" lon="9.807721">
        <ele>68.889258</ele>
        <time>2026-06-28T00:43:51.469Z</time>
      </trkpt>
      <trkpt lat="52.969316" lon="9.806297">
        <ele>68.794599</ele>
        <time>2026-06-28T00:44:07.102Z</time>
      </trkpt>
      <trkpt lat="52.969008" lon="9.805653">
        <ele>68.481312</ele>
        <time>2026-06-28T00:44:13.412Z</time>
      </trkpt>
      <trkpt lat="52.968791" lon="9.805197">
        <ele>68.259907</ele>
        <time>2026-06-28T00:44:17.944Z</time>
      </trkpt>
      <trkpt lat="52.968546" lon="9.804685">
        <ele>68.010781</ele>
        <time>2026-06-28T00:44:23.092Z</time>
      </trkpt>
      <trkpt lat="52.967894" lon="9.803316">
        <ele>67.146770</ele>
        <time>2026-06-28T00:44:36.212Z</time>
      </trkpt>
      <trkpt lat="52.967345" lon="9.802139">
        <ele>66.324772</ele>
        <time>2026-06-28T00:44:47.140Z</time>
      </trkpt>
      <trkpt lat="52.966716" lon="9.800792">
        <ele>65.783679</ele>
        <time>2026-06-28T00:44:59.837Z</time>
      </trkpt>
      <trkpt lat="52.966770" lon="9.800687">
        <ele>65.747763</ele>
        <time>2026-06-28T00:45:00.954Z</time>
      </trkpt>
      <trkpt lat="52.966716" lon="9.800792">
        <ele>65.711847</ele>
        <time>2026-06-28T00:45:01.996Z</time>
      </trkpt>
      <trkpt lat="52.966391" lon="9.800166">
        <ele>65.496862</ele>
        <time>2026-06-28T00:45:09.029Z</time>
      </trkpt>
      <trkpt lat="52.965964" lon="9.799485">
        <ele>65.493408</ele>
        <time>2026-06-28T00:45:18.569Z</time>
      </trkpt>
      <trkpt lat="52.965716" lon="9.799157">
        <ele>65.639585</ele>
        <time>2026-06-28T00:45:23.976Z</time>
      </trkpt>
      <trkpt lat="52.965614" lon="9.799041">
        <ele>65.696585</ele>
        <time>2026-06-28T00:45:26.078Z</time>
      </trkpt>
      <trkpt lat="52.965435" lon="9.798837">
        <ele>65.796681</ele>
        <time>2026-06-28T00:45:29.714Z</time>
      </trkpt>
      <trkpt lat="52.965040" lon="9.798488">
        <ele>66.002970</ele>
        <time>2026-06-28T00:45:37.382Z</time>
      </trkpt>
      <trkpt lat="52.964813" lon="9.798321">
        <ele>66.117438</ele>
        <time>2026-06-28T00:45:41.696Z</time>
      </trkpt>
      <trkpt lat="52.964832" lon="9.798169">
        <ele>66.160545</ele>
        <time>2026-06-28T00:45:43.297Z</time>
      </trkpt>
      <trkpt lat="52.964820" lon="9.798044">
        <ele>66.197448</ele>
        <time>2026-06-28T00:45:44.552Z</time>
      </trkpt>
      <trkpt lat="52.964733" lon="9.797816">
        <ele>66.312253</ele>
        <time>2026-06-28T00:45:47.243Z</time>
      </trkpt>
      <trkpt lat="52.964708" lon="9.797754">
        <ele>66.343989</ele>
        <time>2026-06-28T00:45:48.022Z</time>
      </trkpt>
      <trkpt lat="52.964317" lon="9.797090">
        <ele>66.738978</ele>
        <time>2026-06-28T00:45:57.340Z</time>
      </trkpt>
      <trkpt lat="52.963996" lon="9.796454">
        <ele>67.091931</ele>
        <time>2026-06-28T00:46:05.710Z</time>
      </trkpt>
      <trkpt lat="52.963817" lon="9.796032">
        <ele>67.311478</ele>
        <time>2026-06-28T00:46:11.442Z</time>
      </trkpt>
      <trkpt lat="52.963606" lon="9.795425">
        <ele>67.770729</ele>
        <time>2026-06-28T00:46:19.724Z</time>
      </trkpt>
      <trkpt lat="52.962791" lon="9.792674">
        <ele>70.367984</ele>
        <time>2026-06-28T00:46:59.164Z</time>
      </trkpt>
      <trkpt lat="52.962398" lon="9.791337">
        <ele>71.216616</ele>
        <time>2026-06-28T00:47:16.246Z</time>
      </trkpt>
      <trkpt lat="52.962217" lon="9.790736">
        <ele>71.599910</ele>
        <time>2026-06-28T00:47:23.159Z</time>
      </trkpt>
      <trkpt lat="52.960990" lon="9.787022">
        <ele>72.698884</ele>
        <time>2026-06-28T00:48:03.930Z</time>
      </trkpt>
      <trkpt lat="52.960614" lon="9.785885">
        <ele>73.193831</ele>
        <time>2026-06-28T00:48:17.470Z</time>
      </trkpt>
      <trkpt lat="52.960566" lon="9.785739">
        <ele>73.257301</ele>
        <time>2026-06-28T00:48:19.287Z</time>
      </trkpt>
      <trkpt lat="52.958990" lon="9.781024">
        <ele>76.175005</ele>
        <time>2026-06-28T00:49:20.218Z</time>
      </trkpt>
      <trkpt lat="52.958689" lon="9.780109">
        <ele>76.718486</ele>
        <time>2026-06-28T00:49:31.104Z</time>
      </trkpt>
      <trkpt lat="52.958455" lon="9.779263">
        <ele>77.227770</ele>
        <time>2026-06-28T00:49:41.125Z</time>
      </trkpt>
      <trkpt lat="52.958082" lon="9.777365">
        <ele>78.335069</ele>
        <time>2026-06-28T00:50:04.630Z</time>
      </trkpt>
      <trkpt lat="52.957999" lon="9.776927">
        <ele>78.508500</ele>
        <time>2026-06-28T00:50:09.942Z</time>
      </trkpt>
      <trkpt lat="52.957177" lon="9.772615">
        <ele>78.678985</ele>
        <time>2026-06-28T00:50:50.439Z</time>
      </trkpt>
      <trkpt lat="52.956742" lon="9.770263">
        <ele>78.574788</ele>
        <time>2026-06-28T00:51:10.356Z</time>
      </trkpt>
      <trkpt lat="52.956412" lon="9.768739">
        <ele>78.614060</ele>
        <time>2026-06-28T00:51:26.104Z</time>
      </trkpt>
      <trkpt lat="52.956140" lon="9.767775">
        <ele>78.934902</ele>
        <time>2026-06-28T00:51:37.184Z</time>
      </trkpt>
      <trkpt lat="52.955794" lon="9.766868">
        <ele>79.313046</ele>
        <time>2026-06-28T00:51:48.071Z</time>
      </trkpt>
      <trkpt lat="52.955408" lon="9.766129">
        <ele>79.657568</ele>
        <time>2026-06-28T00:51:57.995Z</time>
      </trkpt>
      <trkpt lat="52.954984" lon="9.765501">
        <ele>80.183523</ele>
        <time>2026-06-28T00:52:08.050Z</time>
      </trkpt>
      <trkpt lat="52.954488" lon="9.764937">
        <ele>80.747770</ele>
        <time>2026-06-28T00:52:19.955Z</time>
      </trkpt>
      <trkpt lat="52.953955" lon="9.764496">
        <ele>81.306691</ele>
        <time>2026-06-28T00:52:31.607Z</time>
      </trkpt>
      <trkpt lat="52.953685" lon="9.764319">
        <ele>81.397648</ele>
        <time>2026-06-28T00:52:36.914Z</time>
      </trkpt>
      <trkpt lat="52.953534" lon="9.764224">
        <ele>81.424965</ele>
        <time>2026-06-28T00:52:39.787Z</time>
      </trkpt>
      <trkpt lat="52.952968" lon="9.763921">
        <ele>81.525568</ele>
        <time>2026-06-28T00:52:49.388Z</time>
      </trkpt>
      <trkpt lat="52.952280" lon="9.763552">
        <ele>81.647876</ele>
        <time>2026-06-28T00:52:59.245Z</time>
      </trkpt>
      <trkpt lat="52.952142" lon="9.763481">
        <ele>81.620646</ele>
        <time>2026-06-28T00:53:01.149Z</time>
      </trkpt>
      <trkpt lat="52.951825" lon="9.763321">
        <ele>81.395805</ele>
        <time>2026-06-28T00:53:05.517Z</time>
      </trkpt>
      <trkpt lat="52.951462" lon="9.763138">
        <ele>81.138363</ele>
        <time>2026-06-28T00:53:10.567Z</time>
      </trkpt>
      <trkpt lat="52.951015" lon="9.762879">
        <ele>80.817078</ele>
        <time>2026-06-28T00:53:16.761Z</time>
      </trkpt>
      <trkpt lat="52.950927" lon="9.762828">
        <ele>80.753826</ele>
        <time>2026-06-28T00:53:17.940Z</time>
      </trkpt>
      <trkpt lat="52.950425" lon="9.762401">
        <ele>80.346635</ele>
        <time>2026-06-28T00:53:24.826Z</time>
      </trkpt>
      <trkpt lat="52.950193" lon="9.762151">
        <ele>80.093870</ele>
        <time>2026-06-28T00:53:28.114Z</time>
      </trkpt>
      <trkpt lat="52.949841" lon="9.761634">
        <ele>79.664350</ele>
        <time>2026-06-28T00:53:33.654Z</time>
      </trkpt>
      <trkpt lat="52.949814" lon="9.761578">
        <ele>79.624861</ele>
        <time>2026-06-28T00:53:34.152Z</time>
      </trkpt>
      <trkpt lat="52.949545" lon="9.761022">
        <ele>79.232261</ele>
        <time>2026-06-28T00:53:39.301Z</time>
      </trkpt>
      <trkpt lat="52.949467" lon="9.760856">
        <ele>79.116357</ele>
        <time>2026-06-28T00:53:40.887Z</time>
      </trkpt>
      <trkpt lat="52.949277" lon="9.760280">
        <ele>78.823112</ele>
        <time>2026-06-28T00:53:46.042Z</time>
      </trkpt>
      <trkpt lat="52.949236" lon="9.760118">
        <ele>78.879875</ele>
        <time>2026-06-28T00:53:47.550Z</time>
      </trkpt>
      <trkpt lat="52.948890" lon="9.758771">
        <ele>79.352914</ele>
        <time>2026-06-28T00:54:02.640Z</time>
      </trkpt>
      <trkpt lat="52.948103" lon="9.755523">
        <ele>80.605555</ele>
        <time>2026-06-28T00:54:42.328Z</time>
      </trkpt>
      <trkpt lat="52.948070" lon="9.755389">
        <ele>80.660207</ele>
        <time>2026-06-28T00:54:43.598Z</time>
      </trkpt>
      <trkpt lat="52.947983" lon="9.754911">
        <ele>80.848724</ele>
        <time>2026-06-28T00:54:47.805Z</time>
      </trkpt>
      <trkpt lat="52.947811" lon="9.753576">
        <ele>80.796055</ele>
        <time>2026-06-28T00:54:58.629Z</time>
      </trkpt>
      <trkpt lat="52.947723" lon="9.753131">
        <ele>80.761376</ele>
        <time>2026-06-28T00:55:02.345Z</time>
      </trkpt>
      <trkpt lat="52.947612" lon="9.752686">
        <ele>80.725714</ele>
        <time>2026-06-28T00:55:06.374Z</time>
      </trkpt>
      <trkpt lat="52.947116" lon="9.751129">
        <ele>80.954558</ele>
        <time>2026-06-28T00:55:24.218Z</time>
      </trkpt>
      <trkpt lat="52.946771" lon="9.750044">
        <ele>81.311590</ele>
        <time>2026-06-28T00:55:37.160Z</time>
      </trkpt>
      <trkpt lat="52.946174" lon="9.748321">
        <ele>81.877314</ele>
        <time>2026-06-28T00:55:56.346Z</time>
      </trkpt>
      <trkpt lat="52.945920" lon="9.747592">
        <ele>82.113570</ele>
        <time>2026-06-28T00:56:04.505Z</time>
      </trkpt>
      <trkpt lat="52.945608" lon="9.746937">
        <ele>82.347819</ele>
        <time>2026-06-28T00:56:13.297Z</time>
      </trkpt>
      <trkpt lat="52.945174" lon="9.746285">
        <ele>82.499431</ele>
        <time>2026-06-28T00:56:24.131Z</time>
      </trkpt>
      <trkpt lat="52.944958" lon="9.746030">
        <ele>82.562178</ele>
        <time>2026-06-28T00:56:28.747Z</time>
      </trkpt>
      <trkpt lat="52.944704" lon="9.745792">
        <ele>82.631224</ele>
        <time>2026-06-28T00:56:33.493Z</time>
      </trkpt>
      <trkpt lat="52.944482" lon="9.745631">
        <ele>82.688572</ele>
        <time>2026-06-28T00:56:37.176Z</time>
      </trkpt>
      <trkpt lat="52.943911" lon="9.745254">
        <ele>82.732170</ele>
        <time>2026-06-28T00:56:45.431Z</time>
      </trkpt>
      <trkpt lat="52.943541" lon="9.744931">
        <ele>82.534103</ele>
        <time>2026-06-28T00:56:50.644Z</time>
      </trkpt>
      <trkpt lat="52.943360" lon="9.744727">
        <ele>82.430444</ele>
        <time>2026-06-28T00:56:53.336Z</time>
      </trkpt>
      <trkpt lat="52.943015" lon="9.744257">
        <ele>82.218972</ele>
        <time>2026-06-28T00:56:59.100Z</time>
      </trkpt>
      <trkpt lat="52.942777" lon="9.743829">
        <ele>82.052706</ele>
        <time>2026-06-28T00:57:04.044Z</time>
      </trkpt>
      <trkpt lat="52.941951" lon="9.741933">
        <ele>81.461553</ele>
        <time>2026-06-28T00:57:24.965Z</time>
      </trkpt>
      <trkpt lat="52.941759" lon="9.741634">
        <ele>81.353817</ele>
        <time>2026-06-28T00:57:28.303Z</time>
      </trkpt>
      <trkpt lat="52.940612" lon="9.740386">
        <ele>80.400282</ele>
        <time>2026-06-28T00:57:44.562Z</time>
      </trkpt>
      <trkpt lat="52.940225" lon="9.739943">
        <ele>80.027964</ele>
        <time>2026-06-28T00:57:50.501Z</time>
      </trkpt>
      <trkpt lat="52.939999" lon="9.739620">
        <ele>79.791758</ele>
        <time>2026-06-28T00:57:54.710Z</time>
      </trkpt>
      <trkpt lat="52.939664" lon="9.739016">
        <ele>79.872895</ele>
        <time>2026-06-28T00:58:02.833Z</time>
      </trkpt>
      <trkpt lat="52.939007" lon="9.737489">
        <ele>80.069785</ele>
        <time>2026-06-28T00:58:22.434Z</time>
      </trkpt>
      <trkpt lat="52.938476" lon="9.736174">
        <ele>78.894383</ele>
        <time>2026-06-28T00:58:34.256Z</time>
      </trkpt>
      <trkpt lat="52.938228" lon="9.735253">
        <ele>77.948644</ele>
        <time>2026-06-28T00:58:40.851Z</time>
      </trkpt>
      <trkpt lat="52.938020" lon="9.734190">
        <ele>76.932173</ele>
        <time>2026-06-28T00:58:47.938Z</time>
      </trkpt>
      <trkpt lat="52.937894" lon="9.733650">
        <ele>76.431615</ele>
        <time>2026-06-28T00:58:51.788Z</time>
      </trkpt>
      <trkpt lat="52.937760" lon="9.733193">
        <ele>75.992293</ele>
        <time>2026-06-28T00:58:55.390Z</time>
      </trkpt>
      <trkpt lat="52.937590" lon="9.732750">
        <ele>75.538306</ele>
        <time>2026-06-28T00:58:59.238Z</time>
      </trkpt>
      <trkpt lat="52.937287" lon="9.732126">
        <ele>74.845598</ele>
        <time>2026-06-28T00:59:05.291Z</time>
      </trkpt>
      <trkpt lat="52.937089" lon="9.731799">
        <ele>74.509729</ele>
        <time>2026-06-28T00:59:08.867Z</time>
      </trkpt>
      <trkpt lat="52.936245" lon="9.730646">
        <ele>73.307182</ele>
        <time>2026-06-28T00:59:22.324Z</time>
      </trkpt>
      <trkpt lat="52.936031" lon="9.730334">
        <ele>72.993826</ele>
        <time>2026-06-28T00:59:25.620Z</time>
      </trkpt>
      <trkpt lat="52.936003" lon="9.730284">
        <ele>72.948579</ele>
        <time>2026-06-28T00:59:26.083Z</time>
      </trkpt>
      <trkpt lat="52.935822" lon="9.729955">
        <ele>72.663192</ele>
        <time>2026-06-28T00:59:29.165Z</time>
      </trkpt>
      <trkpt lat="52.935102" lon="9.728404">
        <ele>71.506408</ele>
        <time>2026-06-28T00:59:42.933Z</time>
      </trkpt>
      <trkpt lat="52.935062" lon="9.728320">
        <ele>71.443151</ele>
        <time>2026-06-28T00:59:43.701Z</time>
      </trkpt>
      <trkpt lat="52.934896" lon="9.727962">
        <ele>71.176255</ele>
        <time>2026-06-28T00:59:47.031Z</time>
      </trkpt>
      <trkpt lat="52.934212" lon="9.726442">
        <ele>71.335722</ele>
        <time>2026-06-28T01:00:05.958Z</time>
      </trkpt>
      <trkpt lat="52.933930" lon="9.725831">
        <ele>71.509832</ele>
        <time>2026-06-28T01:00:13.993Z</time>
      </trkpt>
      <trkpt lat="52.933676" lon="9.725491">
        <ele>71.632338</ele>
        <time>2026-06-28T01:00:19.695Z</time>
      </trkpt>
      <trkpt lat="52.934004" lon="9.724642">
        <ele>71.399585</ele>
        <time>2026-06-28T01:00:30.139Z</time>
      </trkpt>
      <trkpt lat="52.934703" lon="9.722823">
        <ele>70.768763</ele>
        <time>2026-06-28T01:00:46.245Z</time>
      </trkpt>
      <trkpt lat="52.935413" lon="9.721059">
        <ele>69.692045</ele>
        <time>2026-06-28T01:01:01.549Z</time>
      </trkpt>
      <trkpt lat="52.935524" lon="9.720906">
        <ele>69.570510</ele>
        <time>2026-06-28T01:01:03.361Z</time>
      </trkpt>
      <trkpt lat="52.935635" lon="9.720753">
        <ele>69.448976</ele>
        <time>2026-06-28T01:01:05.217Z</time>
      </trkpt>
      <trkpt lat="52.935611" lon="9.720591">
        <ele>69.364297</ele>
        <time>2026-06-28T01:01:06.537Z</time>
      </trkpt>
      <trkpt lat="52.935339" lon="9.717736">
        <ele>69.528164</ele>
        <time>2026-06-28T01:01:33.589Z</time>
      </trkpt>
      <trkpt lat="52.935298" lon="9.717241">
        <ele>69.612204</ele>
        <time>2026-06-28T01:01:38.718Z</time>
      </trkpt>
      <trkpt lat="52.935137" lon="9.715284">
        <ele>70.089852</ele>
        <time>2026-06-28T01:01:59.025Z</time>
      </trkpt>
      <trkpt lat="52.935112" lon="9.714705">
        <ele>70.230230</ele>
        <time>2026-06-28T01:02:04.781Z</time>
      </trkpt>
      <trkpt lat="52.935131" lon="9.713219">
        <ele>69.976027</ele>
        <time>2026-06-28T01:02:17.936Z</time>
      </trkpt>
      <trkpt lat="52.935100" lon="9.712525">
        <ele>69.821171</ele>
        <time>2026-06-28T01:02:23.558Z</time>
      </trkpt>
      <trkpt lat="52.935004" lon="9.711842">
        <ele>69.665109</ele>
        <time>2026-06-28T01:02:28.913Z</time>
      </trkpt>
      <trkpt lat="52.934851" lon="9.711160">
        <ele>69.366337</ele>
        <time>2026-06-28T01:02:34.302Z</time>
      </trkpt>
      <trkpt lat="52.934513" lon="9.710160">
        <ele>68.771795</ele>
        <time>2026-06-28T01:02:42.805Z</time>
      </trkpt>
      <trkpt lat="52.933976" lon="9.708683">
        <ele>67.891379</ele>
        <time>2026-06-28T01:02:55.956Z</time>
      </trkpt>
      <trkpt lat="52.932553" lon="9.704772">
        <ele>65.047835</ele>
        <time>2026-06-28T01:03:30.593Z</time>
      </trkpt>
      <trkpt lat="52.932383" lon="9.704314">
        <ele>64.607394</ele>
        <time>2026-06-28T01:03:34.112Z</time>
      </trkpt>
      <trkpt lat="52.932189" lon="9.703903">
        <ele>64.177044</ele>
        <time>2026-06-28T01:03:37.448Z</time>
      </trkpt>
      <trkpt lat="52.931931" lon="9.703485">
        <ele>63.506103</ele>
        <time>2026-06-28T01:03:41.247Z</time>
      </trkpt>
      <trkpt lat="52.931639" lon="9.703107">
        <ele>62.817008</ele>
        <time>2026-06-28T01:03:45.154Z</time>
      </trkpt>
      <trkpt lat="52.931217" lon="9.702708">
        <ele>61.913304</ele>
        <time>2026-06-28T01:03:50.446Z</time>
      </trkpt>
      <trkpt lat="52.930831" lon="9.702400">
        <ele>61.116388</ele>
        <time>2026-06-28T01:03:55.437Z</time>
      </trkpt>
      <trkpt lat="52.929431" lon="9.701328">
        <ele>59.379745</ele>
        <time>2026-06-28T01:04:15.433Z</time>
      </trkpt>
      <trkpt lat="52.929056" lon="9.700931">
        <ele>58.868759</ele>
        <time>2026-06-28T01:04:20.513Z</time>
      </trkpt>
      <trkpt lat="52.928496" lon="9.700006">
        <ele>57.165488</ele>
        <time>2026-06-28T01:04:28.992Z</time>
      </trkpt>
      <trkpt lat="52.928270" lon="9.699485">
        <ele>56.331533</ele>
        <time>2026-06-28T01:04:33.051Z</time>
      </trkpt>
      <trkpt lat="52.928075" lon="9.698854">
        <ele>55.410245</ele>
        <time>2026-06-28T01:04:37.607Z</time>
      </trkpt>
      <trkpt lat="52.927827" lon="9.697721">
        <ele>54.068276</ele>
        <time>2026-06-28T01:04:45.638Z</time>
      </trkpt>
      <trkpt lat="52.927626" lon="9.696750">
        <ele>52.976501</ele>
        <time>2026-06-28T01:04:52.537Z</time>
      </trkpt>
      <trkpt lat="52.927311" lon="9.695287">
        <ele>51.868800</ele>
        <time>2026-06-28T01:05:03.196Z</time>
      </trkpt>
      <trkpt lat="52.927271" lon="9.695094">
        <ele>51.854925</ele>
        <time>2026-06-28T01:05:04.634Z</time>
      </trkpt>
      <trkpt lat="52.926790" lon="9.692817">
        <ele>51.830211</ele>
        <time>2026-06-28T01:05:27.978Z</time>
      </trkpt>
      <trkpt lat="52.926695" lon="9.692264">
        <ele>52.236114</ele>
        <time>2026-06-28T01:05:35.273Z</time>
      </trkpt>
      <trkpt lat="52.926681" lon="9.692179">
        <ele>52.298315</ele>
        <time>2026-06-28T01:05:36.425Z</time>
      </trkpt>
      <trkpt lat="52.926627" lon="9.691867">
        <ele>52.527453</ele>
        <time>2026-06-28T01:05:40.485Z</time>
      </trkpt>
      <trkpt lat="52.926589" lon="9.691697">
        <ele>52.655440</ele>
        <time>2026-06-28T01:05:42.829Z</time>
      </trkpt>
      <trkpt lat="52.926460" lon="9.691122">
        <ele>53.088531</ele>
        <time>2026-06-28T01:05:50.662Z</time>
      </trkpt>
      <trkpt lat="52.926433" lon="9.691000">
        <ele>53.180271</ele>
        <time>2026-06-28T01:05:52.377Z</time>
      </trkpt>
      <trkpt lat="52.926385" lon="9.690782">
        <ele>53.344102</ele>
        <time>2026-06-28T01:05:55.342Z</time>
      </trkpt>
      <trkpt lat="52.926371" lon="9.690721">
        <ele>53.390177</ele>
        <time>2026-06-28T01:05:56.142Z</time>
      </trkpt>
      <trkpt lat="52.926323" lon="9.690505">
        <ele>53.552682</ele>
        <time>2026-06-28T01:05:58.933Z</time>
      </trkpt>
      <trkpt lat="52.926028" lon="9.689195">
        <ele>54.064575</ele>
        <time>2026-06-28T01:06:13.444Z</time>
      </trkpt>
      <trkpt lat="52.925634" lon="9.687442">
        <ele>54.526093</ele>
        <time>2026-06-28T01:06:30.909Z</time>
      </trkpt>
      <trkpt lat="52.925585" lon="9.687228">
        <ele>54.543556</ele>
        <time>2026-06-28T01:06:33.076Z</time>
      </trkpt>
      <trkpt lat="52.925519" lon="9.686863">
        <ele>54.539197</ele>
        <time>2026-06-28T01:06:36.835Z</time>
      </trkpt>
      <trkpt lat="52.925471" lon="9.686477">
        <ele>54.534690</ele>
        <time>2026-06-28T01:06:40.787Z</time>
      </trkpt>
      <trkpt lat="52.925459" lon="9.686362">
        <ele>54.533355</ele>
        <time>2026-06-28T01:06:41.931Z</time>
      </trkpt>
      <trkpt lat="52.925451" lon="9.686253">
        <ele>54.532099</ele>
        <time>2026-06-28T01:06:43.006Z</time>
      </trkpt>
      <trkpt lat="52.925426" lon="9.685787">
        <ele>54.526748</ele>
        <time>2026-06-28T01:06:47.235Z</time>
      </trkpt>
      <trkpt lat="52.925423" lon="9.685724">
        <ele>54.526026</ele>
        <time>2026-06-28T01:06:47.761Z</time>
      </trkpt>
      <trkpt lat="52.925387" lon="9.684940">
        <ele>54.517033</ele>
        <time>2026-06-28T01:06:54.401Z</time>
      </trkpt>
      <trkpt lat="52.925380" lon="9.684782">
        <ele>54.515221</ele>
        <time>2026-06-28T01:06:55.713Z</time>
      </trkpt>
      <trkpt lat="52.925366" lon="9.684490">
        <ele>54.511871</ele>
        <time>2026-06-28T01:06:58.198Z</time>
      </trkpt>
      <trkpt lat="52.925355" lon="9.684237">
        <ele>54.418407</ele>
        <time>2026-06-28T01:07:00.214Z</time>
      </trkpt>
      <trkpt lat="52.925335" lon="9.683788">
        <ele>54.200446</ele>
        <time>2026-06-28T01:07:03.733Z</time>
      </trkpt>
      <trkpt lat="52.925318" lon="9.683423">
        <ele>54.023216</ele>
        <time>2026-06-28T01:07:06.636Z</time>
      </trkpt>
      <trkpt lat="52.925303" lon="9.683129">
        <ele>53.880377</ele>
        <time>2026-06-28T01:07:08.843Z</time>
      </trkpt>
      <trkpt lat="52.925286" lon="9.682836">
        <ele>53.737875</ele>
        <time>2026-06-28T01:07:10.974Z</time>
      </trkpt>
      <trkpt lat="52.925230" lon="9.682326">
        <ele>53.486913</ele>
        <time>2026-06-28T01:07:14.735Z</time>
      </trkpt>
      <trkpt lat="52.925145" lon="9.681816">
        <ele>53.230750</ele>
        <time>2026-06-28T01:07:18.685Z</time>
      </trkpt>
      <trkpt lat="52.925089" lon="9.681491">
        <ele>53.067111</ele>
        <time>2026-06-28T01:07:21.189Z</time>
      </trkpt>
      <trkpt lat="52.925042" lon="9.681214">
        <ele>52.951322</ele>
        <time>2026-06-28T01:07:23.338Z</time>
      </trkpt>
      <trkpt lat="52.924960" lon="9.680736">
        <ele>52.751447</ele>
        <time>2026-06-28T01:07:27.129Z</time>
      </trkpt>
      <trkpt lat="52.924922" lon="9.680511">
        <ele>52.657473</ele>
        <time>2026-06-28T01:07:28.975Z</time>
      </trkpt>
      <trkpt lat="52.924902" lon="9.680394">
        <ele>52.608562</ele>
        <time>2026-06-28T01:07:29.936Z</time>
      </trkpt>
      <trkpt lat="52.924846" lon="9.680068">
        <ele>52.472232</ele>
        <time>2026-06-28T01:07:32.548Z</time>
      </trkpt>
      <trkpt lat="52.924826" lon="9.679948">
        <ele>52.422160</ele>
        <time>2026-06-28T01:07:33.479Z</time>
      </trkpt>
      <trkpt lat="52.924644" lon="9.678871">
        <ele>51.972313</ele>
        <time>2026-06-28T01:07:41.965Z</time>
      </trkpt>
      <trkpt lat="52.924556" lon="9.678345">
        <ele>51.979148</ele>
        <time>2026-06-28T01:07:46.280Z</time>
      </trkpt>
      <trkpt lat="52.924360" lon="9.677399">
        <ele>52.375083</ele>
        <time>2026-06-28T01:07:55.870Z</time>
      </trkpt>
      <trkpt lat="52.924146" lon="9.676715">
        <ele>52.680106</ele>
        <time>2026-06-28T01:08:04.950Z</time>
      </trkpt>
      <trkpt lat="52.923944" lon="9.676254">
        <ele>52.905683</ele>
        <time>2026-06-28T01:08:11.586Z</time>
      </trkpt>
      <trkpt lat="52.923759" lon="9.675898">
        <ele>53.114754</ele>
        <time>2026-06-28T01:08:17.148Z</time>
      </trkpt>
      <trkpt lat="52.923679" lon="9.675757">
        <ele>53.231560</ele>
        <time>2026-06-28T01:08:19.556Z</time>
      </trkpt>
      <trkpt lat="52.923638" lon="9.675687">
        <ele>53.290436</ele>
        <time>2026-06-28T01:08:20.772Z</time>
      </trkpt>
      <trkpt lat="52.923391" lon="9.675286">
        <ele>53.636280</ele>
        <time>2026-06-28T01:08:28.395Z</time>
      </trkpt>
      <trkpt lat="52.923149" lon="9.674894">
        <ele>53.974751</ele>
        <time>2026-06-28T01:08:35.658Z</time>
      </trkpt>
      <trkpt lat="52.922601" lon="9.674008">
        <ele>54.740508</ele>
        <time>2026-06-28T01:08:48.206Z</time>
      </trkpt>
      <trkpt lat="52.922253" lon="9.673445">
        <ele>55.091366</ele>
        <time>2026-06-28T01:08:56.296Z</time>
      </trkpt>
      <trkpt lat="52.921911" lon="9.672891">
        <ele>55.398770</ele>
        <time>2026-06-28T01:09:04.362Z</time>
      </trkpt>
      <trkpt lat="52.921631" lon="9.672430">
        <ele>55.652469</ele>
        <time>2026-06-28T01:09:10.329Z</time>
      </trkpt>
      <trkpt lat="52.921209" lon="9.671737">
        <ele>56.124431</ele>
        <time>2026-06-28T01:09:20.942Z</time>
      </trkpt>
      <trkpt lat="52.920907" lon="9.671238">
        <ele>57.217181</ele>
        <time>2026-06-28T01:09:30.912Z</time>
      </trkpt>
      <trkpt lat="52.920755" lon="9.670988">
        <ele>57.765920</ele>
        <time>2026-06-28T01:09:36.414Z</time>
      </trkpt>
      <trkpt lat="52.920612" lon="9.670752">
        <ele>58.283043</ele>
        <time>2026-06-28T01:09:41.551Z</time>
      </trkpt>
      <trkpt lat="52.920521" lon="9.670603">
        <ele>58.610836</ele>
        <time>2026-06-28T01:09:44.848Z</time>
      </trkpt>
      <trkpt lat="52.920437" lon="9.670463">
        <ele>58.916100</ele>
        <time>2026-06-28T01:09:47.922Z</time>
      </trkpt>
      <trkpt lat="52.920340" lon="9.670304">
        <ele>59.265697</ele>
        <time>2026-06-28T01:09:51.417Z</time>
      </trkpt>
      <trkpt lat="52.920300" lon="9.670237">
        <ele>59.411426</ele>
        <time>2026-06-28T01:09:52.928Z</time>
      </trkpt>
      <trkpt lat="52.920212" lon="9.670094">
        <ele>59.727235</ele>
        <time>2026-06-28T01:09:56.322Z</time>
      </trkpt>
      <trkpt lat="52.920108" lon="9.669922">
        <ele>60.103724</ele>
        <time>2026-06-28T01:10:00.495Z</time>
      </trkpt>
      <trkpt lat="52.920015" lon="9.669769">
        <ele>60.439512</ele>
        <time>2026-06-28T01:10:04.312Z</time>
      </trkpt>
      <trkpt lat="52.919900" lon="9.669582">
        <ele>60.850962</ele>
        <time>2026-06-28T01:10:08.961Z</time>
      </trkpt>
      <trkpt lat="52.919597" lon="9.669085">
        <ele>61.936972</ele>
        <time>2026-06-28T01:10:21.611Z</time>
      </trkpt>
      <trkpt lat="52.919168" lon="9.668304">
        <ele>63.560344</ele>
        <time>2026-06-28T01:10:38.528Z</time>
      </trkpt>
      <trkpt lat="52.918920" lon="9.667705">
        <ele>64.676839</ele>
        <time>2026-06-28T01:10:48.305Z</time>
      </trkpt>
      <trkpt lat="52.918762" lon="9.667231">
        <ele>65.249174</ele>
        <time>2026-06-28T01:10:54.948Z</time>
      </trkpt>
      <trkpt lat="52.918552" lon="9.666588">
        <ele>65.432266</ele>
        <time>2026-06-28T01:11:02.857Z</time>
      </trkpt>
      <trkpt lat="52.918348" lon="9.665961">
        <ele>65.610650</ele>
        <time>2026-06-28T01:11:09.466Z</time>
      </trkpt>
      <trkpt lat="52.916923" lon="9.661588">
        <ele>65.540153</ele>
        <time>2026-06-28T01:11:53.114Z</time>
      </trkpt>
      <trkpt lat="52.916704" lon="9.660796">
        <ele>65.223546</ele>
        <time>2026-06-28T01:11:59.881Z</time>
      </trkpt>
      <trkpt lat="52.916513" lon="9.659978">
        <ele>64.904800</ele>
        <time>2026-06-28T01:12:06.465Z</time>
      </trkpt>
      <trkpt lat="52.915792" lon="9.656887">
        <ele>63.376665</ele>
        <time>2026-06-28T01:12:31.492Z</time>
      </trkpt>
      <trkpt lat="52.915472" lon="9.655502">
        <ele>62.428232</ele>
        <time>2026-06-28T01:12:43.063Z</time>
      </trkpt>
      <trkpt lat="52.915063" lon="9.653729">
        <ele>61.082724</ele>
        <time>2026-06-28T01:12:56.537Z</time>
      </trkpt>
      <trkpt lat="52.914816" lon="9.652674">
        <ele>59.777965</ele>
        <time>2026-06-28T01:13:03.898Z</time>
      </trkpt>
      <trkpt lat="52.914738" lon="9.652316">
        <ele>59.339113</ele>
        <time>2026-06-28T01:13:06.332Z</time>
      </trkpt>
      <trkpt lat="52.914373" lon="9.650806">
        <ele>57.678397</ele>
        <time>2026-06-28T01:13:17.175Z</time>
      </trkpt>
      <trkpt lat="52.914139" lon="9.650140">
        <ele>57.337370</ele>
        <time>2026-06-28T01:13:22.942Z</time>
      </trkpt>
      <trkpt lat="52.913964" lon="9.649742">
        <ele>57.119442</ele>
        <time>2026-06-28T01:13:26.925Z</time>
      </trkpt>
      <trkpt lat="52.913768" lon="9.649384">
        <ele>56.905508</ele>
        <time>2026-06-28T01:13:31.036Z</time>
      </trkpt>
      <trkpt lat="52.913182" lon="9.648457">
        <ele>56.329433</ele>
        <time>2026-06-28T01:13:42.393Z</time>
      </trkpt>
      <trkpt lat="52.911739" lon="9.646245">
        <ele>54.929985</ele>
        <time>2026-06-28T01:14:07.334Z</time>
      </trkpt>
      <trkpt lat="52.911422" lon="9.645759">
        <ele>54.538534</ele>
        <time>2026-06-28T01:14:12.593Z</time>
      </trkpt>
      <trkpt lat="52.910499" lon="9.644353">
        <ele>53.340297</ele>
        <time>2026-06-28T01:14:27.960Z</time>
      </trkpt>
      <trkpt lat="52.910329" lon="9.644091">
        <ele>53.082008</ele>
        <time>2026-06-28T01:14:30.799Z</time>
      </trkpt>
      <trkpt lat="52.910150" lon="9.643813">
        <ele>52.809071</ele>
        <time>2026-06-28T01:14:33.886Z</time>
      </trkpt>
      <trkpt lat="52.910103" lon="9.643740">
        <ele>52.737403</ele>
        <time>2026-06-28T01:14:34.682Z</time>
      </trkpt>
      <trkpt lat="52.910027" lon="9.643624">
        <ele>52.622447</ele>
        <time>2026-06-28T01:14:35.963Z</time>
      </trkpt>
      <trkpt lat="52.909659" lon="9.643063">
        <ele>52.066129</ele>
        <time>2026-06-28T01:14:41.992Z</time>
      </trkpt>
      <trkpt lat="52.909337" lon="9.642581">
        <ele>51.593074</ele>
        <time>2026-06-28T01:14:47.015Z</time>
      </trkpt>
      <trkpt lat="52.909117" lon="9.642302">
        <ele>51.318512</ele>
        <time>2026-06-28T01:14:50.121Z</time>
      </trkpt>
      <trkpt lat="52.909016" lon="9.642247">
        <ele>51.213129</ele>
        <time>2026-06-28T01:14:51.346Z</time>
      </trkpt>
      <trkpt lat="52.909006" lon="9.642177">
        <ele>51.170122</ele>
        <time>2026-06-28T01:14:51.863Z</time>
      </trkpt>
      <trkpt lat="52.908961" lon="9.642038">
        <ele>51.075805</ele>
        <time>2026-06-28T01:14:53.000Z</time>
      </trkpt>
      <trkpt lat="52.908408" lon="9.641152">
        <ele>50.313512</ele>
        <time>2026-06-28T01:15:02.594Z</time>
      </trkpt>
      <trkpt lat="52.907886" lon="9.640355">
        <ele>49.694079</ele>
        <time>2026-06-28T01:15:11.737Z</time>
      </trkpt>
      <trkpt lat="52.907616" lon="9.639934">
        <ele>49.437209</ele>
        <time>2026-06-28T01:15:16.781Z</time>
      </trkpt>
      <trkpt lat="52.907573" lon="9.639866">
        <ele>49.396026</ele>
        <time>2026-06-28T01:15:17.664Z</time>
      </trkpt>
      <trkpt lat="52.907516" lon="9.639777">
        <ele>49.341763</ele>
        <time>2026-06-28T01:15:18.698Z</time>
      </trkpt>
      <trkpt lat="52.907238" lon="9.639342">
        <ele>49.076844</ele>
        <time>2026-06-28T01:15:23.569Z</time>
      </trkpt>
      <trkpt lat="52.907004" lon="9.639054">
        <ele>48.874872</ele>
        <time>2026-06-28T01:15:27.017Z</time>
      </trkpt>
      <trkpt lat="52.906588" lon="9.638738">
        <ele>48.622758</ele>
        <time>2026-06-28T01:15:32.747Z</time>
      </trkpt>
      <trkpt lat="52.906090" lon="9.638361">
        <ele>48.533712</ele>
        <time>2026-06-28T01:15:39.929Z</time>
      </trkpt>
      <trkpt lat="52.906064" lon="9.638341">
        <ele>48.529050</ele>
        <time>2026-06-28T01:15:40.316Z</time>
      </trkpt>
      <trkpt lat="52.905730" lon="9.638104">
        <ele>48.469957</ele>
        <time>2026-06-28T01:15:45.332Z</time>
      </trkpt>
      <trkpt lat="52.905662" lon="9.638056">
        <ele>48.457936</ele>
        <time>2026-06-28T01:15:46.450Z</time>
      </trkpt>
      <trkpt lat="52.905177" lon="9.637718">
        <ele>48.372363</ele>
        <time>2026-06-28T01:15:55.166Z</time>
      </trkpt>
      <trkpt lat="52.904765" lon="9.637415">
        <ele>48.595562</ele>
        <time>2026-06-28T01:16:02.753Z</time>
      </trkpt>
      <trkpt lat="52.904552" lon="9.637261">
        <ele>48.777144</ele>
        <time>2026-06-28T01:16:06.502Z</time>
      </trkpt>
      <trkpt lat="52.904347" lon="9.637091">
        <ele>48.956259</ele>
        <time>2026-06-28T01:16:10.255Z</time>
      </trkpt>
      <trkpt lat="52.904216" lon="9.636810">
        <ele>49.123650</ele>
        <time>2026-06-28T01:16:13.982Z</time>
      </trkpt>
      <trkpt lat="52.904187" lon="9.636671">
        <ele>49.192972</ele>
        <time>2026-06-28T01:16:15.539Z</time>
      </trkpt>
      <trkpt lat="52.904174" lon="9.636390">
        <ele>49.325803</ele>
        <time>2026-06-28T01:16:18.616Z</time>
      </trkpt>
      <trkpt lat="52.904190" lon="9.635645">
        <ele>49.677160</ele>
        <time>2026-06-28T01:16:26.942Z</time>
      </trkpt>
      <trkpt lat="52.904209" lon="9.634757">
        <ele>50.808045</ele>
        <time>2026-06-28T01:16:38.346Z</time>
      </trkpt>
      <trkpt lat="52.904225" lon="9.634050">
        <ele>51.839279</ele>
        <time>2026-06-28T01:16:48.597Z</time>
      </trkpt>
      <trkpt lat="52.904249" lon="9.632933">
        <ele>53.468427</ele>
        <time>2026-06-28T01:17:06.791Z</time>
      </trkpt>
      <trkpt lat="52.904258" lon="9.632526">
        <ele>54.062060</ele>
        <time>2026-06-28T01:17:13.391Z</time>
      </trkpt>
      <trkpt lat="52.904283" lon="9.631378">
        <ele>55.600979</ele>
        <time>2026-06-28T01:17:32.311Z</time>
      </trkpt>
      <trkpt lat="52.904299" lon="9.630615">
        <ele>56.621532</ele>
        <time>2026-06-28T01:17:43.815Z</time>
      </trkpt>
      <trkpt lat="52.904307" lon="9.630417">
        <ele>56.886801</ele>
        <time>2026-06-28T01:17:46.646Z</time>
      </trkpt>
      <trkpt lat="52.904361" lon="9.629352">
        <ele>57.899576</ele>
        <time>2026-06-28T01:17:59.899Z</time>
      </trkpt>
      <trkpt lat="52.904368" lon="9.629196">
        <ele>57.725369</ele>
        <time>2026-06-28T01:18:01.423Z</time>
      </trkpt>
      <trkpt lat="52.904418" lon="9.628234">
        <ele>56.650080</ele>
        <time>2026-06-28T01:18:09.316Z</time>
      </trkpt>
      <trkpt lat="52.904558" lon="9.625500">
        <ele>51.952955</ele>
        <time>2026-06-28T01:18:25.859Z</time>
      </trkpt>
      <trkpt lat="52.904615" lon="9.624697">
        <ele>49.792661</ele>
        <time>2026-06-28T01:18:30.279Z</time>
      </trkpt>
      <trkpt lat="52.904635" lon="9.624429">
        <ele>49.071148</ele>
        <time>2026-06-28T01:18:32.405Z</time>
      </trkpt>
      <trkpt lat="52.904659" lon="9.624032">
        <ele>48.005115</ele>
        <time>2026-06-28T01:18:35.623Z</time>
      </trkpt>
      <trkpt lat="52.904684" lon="9.623616">
        <ele>46.888129</ele>
        <time>2026-06-28T01:18:39.117Z</time>
      </trkpt>
      <trkpt lat="52.904699" lon="9.623262">
        <ele>47.213492</ele>
        <time>2026-06-28T01:18:42.258Z</time>
      </trkpt>
      <trkpt lat="52.904713" lon="9.622677">
        <ele>47.965866</ele>
        <time>2026-06-28T01:18:48.171Z</time>
      </trkpt>
      <trkpt lat="52.904765" lon="9.621226">
        <ele>49.833832</ele>
        <time>2026-06-28T01:19:19.060Z</time>
      </trkpt>
      <trkpt lat="52.904792" lon="9.620673">
        <ele>50.546815</ele>
        <time>2026-06-28T01:19:32.720Z</time>
      </trkpt>
      <trkpt lat="52.904799" lon="9.620523">
        <ele>50.804294</ele>
        <time>2026-06-28T01:19:36.519Z</time>
      </trkpt>
      <trkpt lat="52.904813" lon="9.620254">
        <ele>51.357427</ele>
        <time>2026-06-28T01:19:43.158Z</time>
      </trkpt>
      <trkpt lat="52.904824" lon="9.620020">
        <ele>51.838263</ele>
        <time>2026-06-28T01:19:48.684Z</time>
      </trkpt>
      <trkpt lat="52.904834" lon="9.619824">
        <ele>52.241231</ele>
        <time>2026-06-28T01:19:52.985Z</time>
      </trkpt>
      <trkpt lat="52.904900" lon="9.618471">
        <ele>55.022091</ele>
        <time>2026-06-28T01:20:16.427Z</time>
      </trkpt>
      <trkpt lat="52.904966" lon="9.617283">
        <ele>56.844316</ele>
        <time>2026-06-28T01:20:30.593Z</time>
      </trkpt>
      <trkpt lat="52.905063" lon="9.617239">
        <ele>56.892771</ele>
        <time>2026-06-28T01:20:32.401Z</time>
      </trkpt>
      <trkpt lat="52.905132" lon="9.617066">
        <ele>56.953046</ele>
        <time>2026-06-28T01:20:34.531Z</time>
      </trkpt>
      <trkpt lat="52.905109" lon="9.616864">
        <ele>57.012786</ele>
        <time>2026-06-28T01:20:36.553Z</time>
      </trkpt>
      <trkpt lat="52.905057" lon="9.616782">
        <ele>57.047364</ele>
        <time>2026-06-28T01:20:37.639Z</time>
      </trkpt>
      <trkpt lat="52.904989" lon="9.616745">
        <ele>57.081848</ele>
        <time>2026-06-28T01:20:38.728Z</time>
      </trkpt>
      <trkpt lat="52.904918" lon="9.616759">
        <ele>57.116300</ele>
        <time>2026-06-28T01:20:39.842Z</time>
      </trkpt>
      <trkpt lat="52.904910" lon="9.616765">
        <ele>57.120531</ele>
        <time>2026-06-28T01:20:39.973Z</time>
      </trkpt>
      <trkpt lat="52.904857" lon="9.616823">
        <ele>57.151129</ele>
        <time>2026-06-28T01:20:40.946Z</time>
      </trkpt>
      <trkpt lat="52.904815" lon="9.616955">
        <ele>57.194501</ele>
        <time>2026-06-28T01:20:42.377Z</time>
      </trkpt>
      <trkpt lat="52.904061" lon="9.616694">
        <ele>57.565638</ele>
        <time>2026-06-28T01:20:54.793Z</time>
      </trkpt>
      <trkpt lat="52.902855" lon="9.616264">
        <ele>57.345600</ele>
        <time>2026-06-28T01:21:12.398Z</time>
      </trkpt>
      <trkpt lat="52.901681" lon="9.615845">
        <ele>56.432029</ele>
        <time>2026-06-28T01:21:28.431Z</time>
      </trkpt>
      <trkpt lat="52.901203" lon="9.615674">
        <ele>55.749921</ele>
        <time>2026-06-28T01:21:34.231Z</time>
      </trkpt>
      <trkpt lat="52.900884" lon="9.615531">
        <ele>55.288968</ele>
        <time>2026-06-28T01:21:37.872Z</time>
      </trkpt>
      <trkpt lat="52.900015" lon="9.615068">
        <ele>54.394640</ele>
        <time>2026-06-28T01:21:47.577Z</time>
      </trkpt>
      <trkpt lat="52.899804" lon="9.614908">
        <ele>54.253706</ele>
        <time>2026-06-28T01:21:50.217Z</time>
      </trkpt>
      <trkpt lat="52.899719" lon="9.614844">
        <ele>54.197000</ele>
        <time>2026-06-28T01:21:51.303Z</time>
      </trkpt>
      <trkpt lat="52.899464" lon="9.614601">
        <ele>54.018345</ele>
        <time>2026-06-28T01:21:55.070Z</time>
      </trkpt>
      <trkpt lat="52.898809" lon="9.613960">
        <ele>53.655868</ele>
        <time>2026-06-28T01:22:08.471Z</time>
      </trkpt>
      <trkpt lat="52.898269" lon="9.613518">
        <ele>54.247087</ele>
        <time>2026-06-28T01:22:22.306Z</time>
      </trkpt>
      <trkpt lat="52.898297" lon="9.613202">
        <ele>54.436229</ele>
        <time>2026-06-28T01:22:26.525Z</time>
      </trkpt>
      <trkpt lat="52.898254" lon="9.607081">
        <ele>57.764542</ele>
        <time>2026-06-28T01:23:33.080Z</time>
      </trkpt>
      <trkpt lat="52.898303" lon="9.606715">
        <ele>57.916127</ele>
        <time>2026-06-28T01:23:37.057Z</time>
      </trkpt>
      <trkpt lat="52.898801" lon="9.604715">
        <ele>58.612171</ele>
        <time>2026-06-28T01:23:59.209Z</time>
      </trkpt>
      <trkpt lat="52.899493" lon="9.601923">
        <ele>59.260742</ele>
        <time>2026-06-28T01:24:28.465Z</time>
      </trkpt>
      <trkpt lat="52.899655" lon="9.601227">
        <ele>59.383325</ele>
        <time>2026-06-28T01:24:35.883Z</time>
      </trkpt>
      <trkpt lat="52.899696" lon="9.600958">
        <ele>59.428914</ele>
        <time>2026-06-28T01:24:38.589Z</time>
      </trkpt>
      <trkpt lat="52.899799" lon="9.600183">
        <ele>59.557044</ele>
        <time>2026-06-28T01:24:46.142Z</time>
      </trkpt>
      <trkpt lat="52.899821" lon="9.599790">
        <ele>59.517830</ele>
        <time>2026-06-28T01:24:49.752Z</time>
      </trkpt>
      <trkpt lat="52.899506" lon="9.596858">
        <ele>59.300609</ele>
        <time>2026-06-28T01:25:14.598Z</time>
      </trkpt>
      <trkpt lat="52.899458" lon="9.596425">
        <ele>59.343526</ele>
        <time>2026-06-28T01:25:18.553Z</time>
      </trkpt>
      <trkpt lat="52.899062" lon="9.592837">
        <ele>59.333459</ele>
        <time>2026-06-28T01:25:53.794Z</time>
      </trkpt>
      <trkpt lat="52.898967" lon="9.592064">
        <ele>59.218793</ele>
        <time>2026-06-28T01:26:00.529Z</time>
      </trkpt>
      <trkpt lat="52.898913" lon="9.591852">
        <ele>59.185344</ele>
        <time>2026-06-28T01:26:02.284Z</time>
      </trkpt>
      <trkpt lat="52.898670" lon="9.591393">
        <ele>59.118916</ele>
        <time>2026-06-28T01:26:06.701Z</time>
      </trkpt>
      <trkpt lat="52.898318" lon="9.590735">
        <ele>59.118916</ele>
        <time>2026-06-28T01:26:12.704Z</time>
      </trkpt>
      <trkpt lat="52.898156" lon="9.590430">
        <ele>59.118916</ele>
        <time>2026-06-28T01:26:15.537Z</time>
      </trkpt>
      <trkpt lat="52.897720" lon="9.589456">
        <ele>59.118916</ele>
        <time>2026-06-28T01:26:24.429Z</time>
      </trkpt>
      <trkpt lat="52.897924" lon="9.589206">
        <ele>59.118916</ele>
        <time>2026-06-28T01:26:52.268Z</time>
      </trkpt>
      <trkpt lat="52.897959" lon="9.589011">
        <ele>59.118916</ele>
        <time>2026-06-28T01:27:00.781Z</time>
      </trkpt>
      <trkpt lat="52.898038" lon="9.588622">
        <ele>59.118916</ele>
        <time>2026-06-28T01:27:18.012Z</time>
      </trkpt>
      <trkpt lat="52.898056" lon="9.588529">
        <ele>59.118916</ele>
        <time>2026-06-28T01:27:22.082Z</time>
      </trkpt>
      <trkpt lat="52.898075" lon="9.588529">
        <ele>59.118916</ele>
        <time>2026-06-28T01:27:23.417Z</time>
      </trkpt>
      <trkpt lat="52.898108" lon="9.588528">
        <ele>59.118916</ele>
        <time>2026-06-28T01:27:25.683Z</time>
      </trkpt>
    </trkseg>
  </trk>
</gpx>